clip_id,source_id,session_id,file_path,file_name,file_size_mb,sha256,source_start_sec,source_end_sec,duration_sec,fps,frame_count,width,height,codec,metadata_source,decode_ok,decode_error_count,first_frame_ok,middle_frame_ok,last_frame_ok,full_decode_ok,duplicate_group,overlap_group,overlap_status,overlap_max_sec,overlap_max_ratio,qc_status,qc_notes
LF_ZmCAo38w_C001,LF_ZmCAo38w,,data/clips/LF_ZmCAo38w_C001.mp4,LF_ZmCAo38w_C001.mp4,99.769,46f381b276f73e77cd3270abe1f77e63c4571374b086849fb8814b3f7db7f655,0.0,120.0,120.0,30.0,3600,1920,1080,h264,ffprobe,True,0,True,True,True,,,OVL001,CHECKED_OVERLAP,10.0,0.08333333333333333,PASS,
LF_ZmCAo38w_C002,LF_ZmCAo38w,,data/clips/LF_ZmCAo38w_C002.mp4,LF_ZmCAo38w_C002.mp4,100.213,4372391d7ad05ecdaaab298c53a3aab34046fa3d51bcfd747c91639145e2e8a7,110.0,230.0,120.0,30.0,3600,1920,1080,h264,ffprobe,True,0,True,True,True,,,OVL001,CHECKED_OVERLAP,10.0,0.08333333333333333,PASS,
LF_ZmCAo38w_C003,LF_ZmCAo38w,,data/clips/LF_ZmCAo38w_C003.mp4,LF_ZmCAo38w_C003.mp4,121.947,f205cf72ec16583bc461d87dcdee4d95e058a26086ed0b668e75e4f8e5261224,220.0,340.0,120.0,30.0,3600,1920,1080,h264,ffprobe,True,0,True,True,True,,,OVL001,CHECKED_OVERLAP,10.0,0.08333333333333333,PASS,
LF_ZmCAo38w_C004,LF_ZmCAo38w,,data/clips/LF_ZmCAo38w_C004.mp4,LF_ZmCAo38w_C004.mp4,112.958,d935bfec5d0e6a6e2b0895aa38718bbafce055378c7f64a2d9db5481bd0b5390,330.0,450.0,120.0,30.0,3600,1920,1080,h264,ffprobe,True,0,True,True,True,,,OVL001,CHECKED_OVERLAP,10.0,0.08333333333333333,PASS,
LF_ZmCAo38w_C005,LF_ZmCAo38w,,data/clips/LF_ZmCAo38w_C005.mp4,LF_ZmCAo38w_C005.mp4,105.637,1adb044245aa0e67e0946a0d6174efbda378a66415ac669262e4b68348520b71,440.0,560.0,120.0,30.0,3600,1920,1080,h264,ffprobe,True,0,True,True,True,,,OVL001,CHECKED_OVERLAP,10.0,0.08333333333333333,PASS,
LF_ZmCAo38w_C006,LF_ZmCAo38w,,data/clips/LF_ZmCAo38w_C006.mp4,LF_ZmCAo38w_C006.mp4,111.274,094f41dfff61e11d0a19a55de61f1f54b0a2eba32319c053740d08ef35518b70,550.0,670.0,120.0,30.0,3600,1920,1080,h264,ffprobe,True,0,True,True,True,,,OVL001,CHECKED_OVERLAP,10.0,0.08333333333333333,PASS,
LF_ZmCAo38w_C007,LF_ZmCAo38w,,data/clips/LF_ZmCAo38w_C007.mp4,LF_ZmCAo38w_C007.mp4,96.963,8a84d125da118c18ba8906c7cd1784b09c4042d2327a674e871f3ee677b6da1b,660.0,780.0,120.0,30.0,3600,1920,1080,h264,ffprobe,True,0,True,True,True,,,OVL001,CHECKED_OVERLAP,10.0,0.08333333333333333,PASS,
LF_ZmCAo38w_C008,LF_ZmCAo38w,,data/clips/LF_ZmCAo38w_C008.mp4,LF_ZmCAo38w_C008.mp4,105.559,f7851a7a5900dadcd8074e382cce917c99cdbcf58f1452fe8aeb122285765cab,770.0,890.0,120.0,30.0,3600,1920,1080,h264,ffprobe,True,0,True,True,True,,,OVL001,CHECKED_OVERLAP,10.0,0.08333333333333333,PASS,
LF_ZmCAo38w_C009,LF_ZmCAo38w,,data/clips/LF_ZmCAo38w_C009.mp4,LF_ZmCAo38w_C009.mp4,102.738,5c70811116b2148b9df697d5a78b1acff67f71fe42061540d9a001ce15311f99,880.0,1000.0,120.0,30.0,3600,1920,1080,h264,ffprobe,True,0,True,True,True,,,OVL001,CHECKED_OVERLAP,10.0,0.08333333333333333,PASS,
LF_ZmCAo38w_C010,LF_ZmCAo38w,,data/clips/LF_ZmCAo38w_C010.mp4,LF_ZmCAo38w_C010.mp4,107.794,c0d1a02a479b0d85281581db753c67e51c0f541d1c6b60a0f9cb23c4bb80afbd,990.0,1110.0,120.0,30.0,3600,1920,1080,h264,ffprobe,True,0,True,True,True,,,OVL001,CHECKED_OVERLAP,10.0,0.08333333333333333,PASS,
LF_ZmCAo38w_C011,LF_ZmCAo38w,,data/clips/LF_ZmCAo38w_C011.mp4,LF_ZmCAo38w_C011.mp4,107.129,68db390b8f3ab89e205b1e7c54f674228ac3ddb641f96a77c5b428d9f6888d90,1100.0,1220.0,120.0,30.0,3600,1920,1080,h264,ffprobe,True,0,True,True,True,,,OVL001,CHECKED_OVERLAP,10.0,0.08333333333333333,PASS,
LF_ZmCAo38w_C012,LF_ZmCAo38w,,data/clips/LF_ZmCAo38w_C012.mp4,LF_ZmCAo38w_C012.mp4,111.593,733497bae8b13ccfbc54af50bb3825987a3152b773e75a62551e8f9fb45c1a51,1210.0,1330.0,120.0,30.0,3600,1920,1080,h264,ffprobe,True,0,True,True,True,,,OVL001,CHECKED_OVERLAP,10.0,0.08333333333333333,PASS,
LF_ZmCAo38w_C013,LF_ZmCAo38w,,data/clips/LF_ZmCAo38w_C013.mp4,LF_ZmCAo38w_C013.mp4,110.397,0891fcc99a5b65b7974c7c891ee1d738c430ea7dbfb74a13a9a716b47bbcb05c,1320.0,1440.0,120.0,30.0,3600,1920,1080,h264,ffprobe,True,0,True,True,True,,,OVL001,CHECKED_OVERLAP,10.0,0.08333333333333333,PASS,
LF_ZmCAo38w_C014,LF_ZmCAo38w,,data/clips/LF_ZmCAo38w_C014.mp4,LF_ZmCAo38w_C014.mp4,101.054,25f6651a323bf6766b2db703c42be6e55f8a6671792db3489b2265ea4aec37cc,1430.0,1550.0,120.0,30.0,3600,1920,1080,h264,ffprobe,True,0,True,True,True,,,OVL001,CHECKED_OVERLAP,10.0,0.08333333333333333,PASS,
LF_ZmCAo38w_C015,LF_ZmCAo38w,,data/clips/LF_ZmCAo38w_C015.mp4,LF_ZmCAo38w_C015.mp4,109.921,9ecfd913b1247ffe6668e24f5ce17cf4f289e454a1ae0d3dcf2ddfa692ac0c3e,1540.0,1660.0,120.0,30.0,3600,1920,1080,h264,ffprobe,True,0,True,True,True,,,OVL001,CHECKED_OVERLAP,10.0,0.08333333333333333,PASS,
LF_ZmCAo38w_C016,LF_ZmCAo38w,,data/clips/LF_ZmCAo38w_C016.mp4,LF_ZmCAo38w_C016.mp4,105.298,b6717fe5ae5fe600691505625a74ba1b35ec0f103746186400246b40418e7c66,1650.0,1770.0,120.0,30.0,3600,1920,1080,h264,ffprobe,True,0,True,True,True,,,OVL001,CHECKED_OVERLAP,10.0,0.08333333333333333,PASS,
LF_ZmCAo38w_C017,LF_ZmCAo38w,,data/clips/LF_ZmCAo38w_C017.mp4,LF_ZmCAo38w_C017.mp4,108.408,d2acb3da7e539bf15e2377f6e81fe5251b1154985896037528c016ffb0227398,1760.0,1880.0,120.0,30.0,3600,1920,1080,h264,ffprobe,True,0,True,True,True,,,OVL001,CHECKED_OVERLAP,10.0,0.08333333333333333,PASS,
LF_ZmCAo38w_C018,LF_ZmCAo38w,,data/clips/LF_ZmCAo38w_C018.mp4,LF_ZmCAo38w_C018.mp4,107.093,309d0ac5154e39e51a120e08e095334a97e60e406de656970c66923747b484c6,1870.0,1990.0,120.0,30.0,3600,1920,1080,h264,ffprobe,True,0,True,True,True,,,OVL001,CHECKED_OVERLAP,10.0,0.08333333333333333,PASS,
LF_ZmCAo38w_C019,LF_ZmCAo38w,,data/clips/LF_ZmCAo38w_C019.mp4,LF_ZmCAo38w_C019.mp4,109.963,e232c6fd5107941c006c811b3ff91e2b4fc39e0e7f47b69ed58ab44b1283eda5,1980.0,2100.0,120.0,30.0,3600,1920,1080,h264,ffprobe,True,0,True,True,True,,,OVL001,CHECKED_OVERLAP,10.0,0.08333333333333333,PASS,
LF_ZmCAo38w_C020,LF_ZmCAo38w,,data/clips/LF_ZmCAo38w_C020.mp4,LF_ZmCAo38w_C020.mp4,119.027,bfa1b3c22568541d4b60dccd25198ae8753ef43f13ac5a67728b4051aba365af,2090.0,2210.0,120.0,30.0,3600,1920,1080,h264,ffprobe,True,0,True,True,True,,,OVL001,CHECKED_OVERLAP,10.0,0.08333333333333333,PASS,
LF_ZmCAo38w_C021,LF_ZmCAo38w,,data/clips/LF_ZmCAo38w_C021.mp4,LF_ZmCAo38w_C021.mp4,96.507,98cba800e137e63155256bd799f6589b065c68ba99976d6adf25619569ed3e65,2200.0,2320.0,120.0,30.0,3600,1920,1080,h264,ffprobe,True,0,True,True,True,,,OVL001,CHECKED_OVERLAP,10.0,0.08333333333333333,PASS,
LF_ZmCAo38w_C022,LF_ZmCAo38w,,data/clips/LF_ZmCAo38w_C022.mp4,LF_ZmCAo38w_C022.mp4,112.878,47c9455d75e7a88800236618b76a623523a93ebdc0717811be7fceb526b44911,2310.0,2430.0,120.0,30.0,3600,1920,1080,h264,ffprobe,True,0,True,True,True,,,OVL001,CHECKED_OVERLAP,10.0,0.08333333333333333,PASS,
LF_ZmCAo38w_C023,LF_ZmCAo38w,,data/clips/LF_ZmCAo38w_C023.mp4,LF_ZmCAo38w_C023.mp4,108.748,a8aa745852c1042f369ca56f79a015f063ee69cd72cdeedea6f8adc814fd187a,2420.0,2540.0,120.0,30.0,3600,1920,1080,h264,ffprobe,True,0,True,True,True,,,OVL001,CHECKED_OVERLAP,10.0,0.08333333333333333,PASS,
LF_ZmCAo38w_C024,LF_ZmCAo38w,,data/clips/LF_ZmCAo38w_C024.mp4,LF_ZmCAo38w_C024.mp4,123.444,a247008e4ecb5431289c4890deaf03d9739a60e4b166a57987aa337057e68d46,2530.0,2650.0,120.0,30.0,3600,1920,1080,h264,ffprobe,True,0,True,True,True,,,OVL001,CHECKED_OVERLAP,10.0,0.08333333333333333,PASS,
LF_ZmCAo38w_C025,LF_ZmCAo38w,,data/clips/LF_ZmCAo38w_C025.mp4,LF_ZmCAo38w_C025.mp4,130.374,27f6dd7c1bd11dc74231c0de2d38979aa8dd615a770c1f3ed0e9a0c8e93e0429,2640.0,2760.0,120.0,30.0,3600,1920,1080,h264,ffprobe,True,0,True,True,True,,,OVL001,CHECKED_OVERLAP,10.0,0.08333333333333333,PASS,
LF_ZmCAo38w_C026,LF_ZmCAo38w,,data/clips/LF_ZmCAo38w_C026.mp4,LF_ZmCAo38w_C026.mp4,118.076,77440d7f24fa0603696728b4d4724e101d862aa5353dbabd908f78f14387ed2c,2750.0,2870.0,120.0,30.0,3600,1920,1080,h264,ffprobe,True,0,True,True,True,,,OVL001,CHECKED_OVERLAP,10.0,0.08333333333333333,PASS,
LF_ZmCAo38w_C027,LF_ZmCAo38w,,data/clips/LF_ZmCAo38w_C027.mp4,LF_ZmCAo38w_C027.mp4,122.055,1b4e822d949b7906c0f0be27be02e2cd4bcd80690a9a9832c20c49bf0a03e97c,2860.0,2980.0,120.0,30.0,3600,1920,1080,h264,ffprobe,True,0,True,True,True,,,OVL001,CHECKED_OVERLAP,10.0,0.08333333333333333,PASS,
LF_ZmCAo38w_C028,LF_ZmCAo38w,,data/clips/LF_ZmCAo38w_C028.mp4,LF_ZmCAo38w_C028.mp4,110.229,16ac4f9cbe1419f91687c61115493bbe32a2188c61627de194aab99ebb8a27d0,2970.0,3090.0,120.0,30.0,3600,1920,1080,h264,ffprobe,True,0,True,True,True,,,OVL001,CHECKED_OVERLAP,10.0,0.08333333333333333,PASS,
LF_ZmCAo38w_C029,LF_ZmCAo38w,,data/clips/LF_ZmCAo38w_C029.mp4,LF_ZmCAo38w_C029.mp4,119.856,bee8c927cd5223a114f83d966751964fb56c9f095944acc467e30fc5e0e6ac3d,3080.0,3200.0,120.0,30.0,3600,1920,1080,h264,ffprobe,True,0,True,True,True,,,OVL001,CHECKED_OVERLAP,10.0,0.08333333333333333,PASS,
LF_ZmCAo38w_C030,LF_ZmCAo38w,,data/clips/LF_ZmCAo38w_C030.mp4,LF_ZmCAo38w_C030.mp4,131.471,9055f5f5b6716253b8d9b1bacea217cab4a320aa2f10024820126cc224940011,3190.0,3310.0,120.0,30.0,3600,1920,1080,h264,ffprobe,True,0,True,True,True,,,OVL001,CHECKED_OVERLAP,10.0,0.08333333333333333,PASS,
LF_ZmCAo38w_C031,LF_ZmCAo38w,,data/clips/LF_ZmCAo38w_C031.mp4,LF_ZmCAo38w_C031.mp4,108.219,1f7a38d01bedd0e40dcddd469ce4b766c9f8ff9bc8eda9e348e48bc7934f1f2d,3300.0,3420.0,120.0,30.0,3600,1920,1080,h264,ffprobe,True,0,True,True,True,,,OVL001,CHECKED_OVERLAP,10.0,0.08333333333333333,PASS,
LF_ZmCAo38w_C032,LF_ZmCAo38w,,data/clips/LF_ZmCAo38w_C032.mp4,LF_ZmCAo38w_C032.mp4,113.845,e018b38fa00a55df5251f1709059913357185ff7bb7924f52e8ca1a763c5c82a,3410.0,3530.0,120.0,30.0,3600,1920,1080,h264,ffprobe,True,0,True,True,True,,,OVL001,CHECKED_OVERLAP,10.0,0.08333333333333333,PASS,
LF_ZmCAo38w_C033,LF_ZmCAo38w,,data/clips/LF_ZmCAo38w_C033.mp4,LF_ZmCAo38w_C033.mp4,117.219,122f5c9d4aeeda52f609f15edb0cfd8349e5d7b3a353790c9d46534c9bf30c1a,3520.0,3640.0,120.0,30.0,3600,1920,1080,h264,ffprobe,True,0,True,True,True,,,OVL001,CHECKED_OVERLAP,10.0,0.08333333333333333,PASS,
LF_ZmCAo38w_C034,LF_ZmCAo38w,,data/clips/LF_ZmCAo38w_C034.mp4,LF_ZmCAo38w_C034.mp4,106.575,7a410576ca2eee5b09f0b7773cedbec03c0031ec48903c48c5ebab5da1d95efe,3630.0,3750.0,120.0,30.0,3600,1920,1080,h264,ffprobe,True,0,True,True,True,,,OVL001,CHECKED_OVERLAP,10.0,0.08333333333333333,PASS,
LF_ZmCAo38w_C035,LF_ZmCAo38w,,data/clips/LF_ZmCAo38w_C035.mp4,LF_ZmCAo38w_C035.mp4,117.263,85c809f284ab7748e9a7ce1cf803df222a827e0ce639a089b28282164ea1d8d9,3740.0,3860.0,120.0,30.0,3600,1920,1080,h264,ffprobe,True,0,True,True,True,,,OVL001,CHECKED_OVERLAP,10.0,0.08333333333333333,PASS,
LF_ZmCAo38w_C036,LF_ZmCAo38w,,data/clips/LF_ZmCAo38w_C036.mp4,LF_ZmCAo38w_C036.mp4,135.236,3e38daad91e88d50378ec538c2bff09f8789c68afe166f422d8ed616342225fc,3850.0,3970.0,120.0,30.0,3600,1920,1080,h264,ffprobe,True,0,True,True,True,,,OVL001,CHECKED_OVERLAP,10.0,0.08333333333333333,PASS,
LF_ZmCAo38w_C037,LF_ZmCAo38w,,data/clips/LF_ZmCAo38w_C037.mp4,LF_ZmCAo38w_C037.mp4,121.496,faad487bf337118d0cea1af77f874468b05b7c97f58962e7fb20cc440ce79fbc,3960.0,4080.0,120.0,30.0,3600,1920,1080,h264,ffprobe,True,0,True,True,True,,,OVL001,CHECKED_OVERLAP,10.0,0.08333333333333333,PASS,
LF_ZmCAo38w_C038,LF_ZmCAo38w,,data/clips/LF_ZmCAo38w_C038.mp4,LF_ZmCAo38w_C038.mp4,98.63,cc218447d02455734c10345087c796a4b19caf45c6581cd600f3e7dfc5888047,4070.0,4190.0,120.0,30.0,3600,1920,1080,h264,ffprobe,True,0,True,True,True,,,OVL001,CHECKED_OVERLAP,10.0,0.08333333333333333,PASS,
LF_ZmCAo38w_C039,LF_ZmCAo38w,,data/clips/LF_ZmCAo38w_C039.mp4,LF_ZmCAo38w_C039.mp4,96.528,c839804c68535dbd314dc861be58e886787eb0b6bb7406828fb51d6cc0a6851d,4180.0,4300.0,120.0,30.0,3600,1920,1080,h264,ffprobe,True,0,True,True,True,,,OVL001,CHECKED_OVERLAP,10.0,0.08333333333333333,PASS,
LF_ZmCAo38w_C040,LF_ZmCAo38w,,data/clips/LF_ZmCAo38w_C040.mp4,LF_ZmCAo38w_C040.mp4,102.946,06103371d50af4f257d7a9d2e39d23b5eb5e2f5c35feff5adcea8f6bd0a0b197,4290.0,4410.0,120.0,30.0,3600,1920,1080,h264,ffprobe,True,0,True,True,True,,,OVL001,CHECKED_OVERLAP,10.0,0.08333333333333333,PASS,
LF_ZmCAo38w_C041,LF_ZmCAo38w,,data/clips/LF_ZmCAo38w_C041.mp4,LF_ZmCAo38w_C041.mp4,103.683,1b5982fe69d9664d1ca0428cfb300bbf6bae963beecf6335ca25f045e39678d8,4400.0,4520.0,120.0,30.0,3600,1920,1080,h264,ffprobe,True,0,True,True,True,,,OVL001,CHECKED_OVERLAP,10.0,0.08333333333333333,PASS,
LF_ZmCAo38w_C042,LF_ZmCAo38w,,data/clips/LF_ZmCAo38w_C042.mp4,LF_ZmCAo38w_C042.mp4,101.021,4571c1fabc04ad412058c85309fce8aa5219f2acd3180a0f9e92adae804a6daf,4510.0,4630.0,120.0,30.0,3600,1920,1080,h264,ffprobe,True,0,True,True,True,,,OVL001,CHECKED_OVERLAP,10.0,0.08333333333333333,PASS,
LF_ZmCAo38w_C043,LF_ZmCAo38w,,data/clips/LF_ZmCAo38w_C043.mp4,LF_ZmCAo38w_C043.mp4,104.817,0e926bad96b69bb679488fe6475aeb829cdd1c5e2154c0589563ecac600d0f00,4620.0,4740.0,120.0,30.0,3600,1920,1080,h264,ffprobe,True,0,True,True,True,,,OVL001,CHECKED_OVERLAP,10.0,0.08333333333333333,PASS,
LF_ZmCAo38w_C044,LF_ZmCAo38w,,data/clips/LF_ZmCAo38w_C044.mp4,LF_ZmCAo38w_C044.mp4,112.091,6df5ff337ff377e72cf8d26bfd31807a4b7c6c12fc139995979b0233936e0ed4,4730.0,4850.0,120.0,30.0,3600,1920,1080,h264,ffprobe,True,0,True,True,True,,,OVL001,CHECKED_OVERLAP,10.0,0.08333333333333333,PASS,
LF_ZmCAo38w_C045,LF_ZmCAo38w,,data/clips/LF_ZmCAo38w_C045.mp4,LF_ZmCAo38w_C045.mp4,114.815,84bbafbbc146021da31731a9983ba00a82800deccfa88b53f3624afef04beeda,4840.0,4960.0,120.0,30.0,3600,1920,1080,h264,ffprobe,True,0,True,True,True,,,OVL001,CHECKED_OVERLAP,10.0,0.08333333333333333,PASS,
LF_ZmCAo38w_C046,LF_ZmCAo38w,,data/clips/LF_ZmCAo38w_C046.mp4,LF_ZmCAo38w_C046.mp4,107.632,4ff8e10fa073036b6f067a47dcdf1d3ae1dfec67143fca92f5500a8a68b4858b,4950.0,5070.0,120.0,30.0,3600,1920,1080,h264,ffprobe,True,0,True,True,True,,,OVL001,CHECKED_OVERLAP,10.0,0.08333333333333333,PASS,
LF_ZmCAo38w_C047,LF_ZmCAo38w,,data/clips/LF_ZmCAo38w_C047.mp4,LF_ZmCAo38w_C047.mp4,109.127,8828103a2759487418c528a2b49d84a6f98d7b73cf72eccff639d93d3a631266,5060.0,5180.0,120.0,30.0,3600,1920,1080,h264,ffprobe,True,0,True,True,True,,,OVL001,CHECKED_OVERLAP,10.0,0.08333333333333333,PASS,
LF_ZmCAo38w_C048,LF_ZmCAo38w,,data/clips/LF_ZmCAo38w_C048.mp4,LF_ZmCAo38w_C048.mp4,108.574,1b57cd574eecea832fd5d3b5c66074241eb2fa7323c067b455014ca5e922144e,5170.0,5290.0,120.0,30.0,3600,1920,1080,h264,ffprobe,True,0,True,True,True,,,OVL001,CHECKED_OVERLAP,10.0,0.08333333333333333,PASS,
LF_ZmCAo38w_C049,LF_ZmCAo38w,,data/clips/LF_ZmCAo38w_C049.mp4,LF_ZmCAo38w_C049.mp4,107.108,596dfbcd396f8c90462edca2e93d9677ca95bb4a68852a6450f035f128485ead,5280.0,5400.0,120.0,30.0,3600,1920,1080,h264,ffprobe,True,0,True,True,True,,,OVL001,CHECKED_OVERLAP,10.0,0.08333333333333333,PASS,
LF_ZmCAo38w_C050,LF_ZmCAo38w,,data/clips/LF_ZmCAo38w_C050.mp4,LF_ZmCAo38w_C050.mp4,85.31,061b831dc82573f44fc76ac3449f9f15ab682039ada610f3537ffeb7b2b244f9,5390.0,5510.0,120.0,30.0,3600,1920,1080,h264,ffprobe,True,0,True,True,True,,,OVL001,CHECKED_OVERLAP,10.0,0.08333333333333333,PASS,
LF_ZmCAo38w_C051,LF_ZmCAo38w,,data/clips/LF_ZmCAo38w_C051.mp4,LF_ZmCAo38w_C051.mp4,112.46,7142dedcd955ddff41c700cf7b1cbf3d435125027ea7672f643678f99182b843,5500.0,5620.0,120.0,30.0,3600,1920,1080,h264,ffprobe,True,0,True,True,True,,,OVL001,CHECKED_OVERLAP,10.0,0.08333333333333333,PASS,
LF_ZmCAo38w_C052,LF_ZmCAo38w,,data/clips/LF_ZmCAo38w_C052.mp4,LF_ZmCAo38w_C052.mp4,121.915,728b1f6bc7dfd732ccfbe7e8653ecc46bfb00d6ac5860f9249196883a82dd4d5,5610.0,5730.0,120.0,30.0,3600,1920,1080,h264,ffprobe,True,0,True,True,True,,,OVL001,CHECKED_OVERLAP,10.0,0.08333333333333333,PASS,
LF_ZmCAo38w_C053,LF_ZmCAo38w,,data/clips/LF_ZmCAo38w_C053.mp4,LF_ZmCAo38w_C053.mp4,109.136,7666d199b49cd29c21644d6bdd254110c15f570f90d3bfb04c09db1402326008,5720.0,5840.0,120.0,30.0,3600,1920,1080,h264,ffprobe,True,0,True,True,True,,,OVL001,CHECKED_OVERLAP,10.0,0.08333333333333333,PASS,
LF_ZmCAo38w_C054,LF_ZmCAo38w,,data/clips/LF_ZmCAo38w_C054.mp4,LF_ZmCAo38w_C054.mp4,111.003,baa36135ba52c543bfd830ac8e4cff713c38bdadcfc3415e3c48fc0498686f47,5830.0,5950.0,120.0,30.0,3600,1920,1080,h264,ffprobe,True,0,True,True,True,,,OVL001,CHECKED_OVERLAP,10.0,0.08333333333333333,PASS,
LF_ZmCAo38w_C055,LF_ZmCAo38w,,data/clips/LF_ZmCAo38w_C055.mp4,LF_ZmCAo38w_C055.mp4,113.171,a5fb1f57a8c5691362ca662d53278fcb348e4a520a812974ad285bad3c314560,5940.0,6060.0,120.0,30.0,3600,1920,1080,h264,ffprobe,True,0,True,True,True,,,OVL001,CHECKED_OVERLAP,10.0,0.08333333333333333,PASS,
LF_ZmCAo38w_C056,LF_ZmCAo38w,,data/clips/LF_ZmCAo38w_C056.mp4,LF_ZmCAo38w_C056.mp4,124.333,574fd6585dfdfbcd293c4a1db0637d365a43dd7466eef68523ea96b882375061,6050.0,6170.0,120.0,30.0,3600,1920,1080,h264,ffprobe,True,0,True,True,True,,,OVL001,CHECKED_OVERLAP,10.0,0.08333333333333333,PASS,
LF_ZmCAo38w_C057,LF_ZmCAo38w,,data/clips/LF_ZmCAo38w_C057.mp4,LF_ZmCAo38w_C057.mp4,124.805,14fa0c324c7b7326f28830801934d3136013f30ee78be48e409afb54a415ab29,6160.0,6280.0,120.0,30.0,3600,1920,1080,h264,ffprobe,True,0,True,True,True,,,OVL001,CHECKED_OVERLAP,10.0,0.08333333333333333,PASS,
LF_ZmCAo38w_C058,LF_ZmCAo38w,,data/clips/LF_ZmCAo38w_C058.mp4,LF_ZmCAo38w_C058.mp4,128.325,8c5422574755a47e211c14341ce7826ca10a7f6d296240e76bf76de12562801e,6270.0,6390.0,120.0,30.0,3600,1920,1080,h264,ffprobe,True,0,True,True,True,,,OVL001,CHECKED_OVERLAP,10.0,0.08333333333333333,PASS,
LF_ZmCAo38w_C059,LF_ZmCAo38w,,data/clips/LF_ZmCAo38w_C059.mp4,LF_ZmCAo38w_C059.mp4,128.59,c6d51391f4cc7f8079540a93e9c136b455d1b9a919d5d1c51f04688322bc5347,6380.0,6500.0,120.0,30.0,3600,1920,1080,h264,ffprobe,True,0,True,True,True,,,OVL001,CHECKED_OVERLAP,10.0,0.08333333333333333,PASS,
LF_ZmCAo38w_C060,LF_ZmCAo38w,,data/clips/LF_ZmCAo38w_C060.mp4,LF_ZmCAo38w_C060.mp4,116.55,b0fd79ad400c9cb3626441e1687e102355ec7871045b8f5fea4a371c17f42da4,6490.0,6610.0,120.0,30.0,3600,1920,1080,h264,ffprobe,True,0,True,True,True,,,OVL001,CHECKED_OVERLAP,10.0,0.08333333333333333,PASS,
LF_ZmCAo38w_C061,LF_ZmCAo38w,,data/clips/LF_ZmCAo38w_C061.mp4,LF_ZmCAo38w_C061.mp4,120.151,b8b5e2e5f7ccc3945b9c61db4bc4b3bf5f84404b0c40d9bf39d7a20cf6273165,6600.0,6720.0,120.0,30.0,3600,1920,1080,h264,ffprobe,True,0,True,True,True,,,OVL001,CHECKED_OVERLAP,10.0,0.08333333333333333,PASS,
LF_ZmCAo38w_C062,LF_ZmCAo38w,,data/clips/LF_ZmCAo38w_C062.mp4,LF_ZmCAo38w_C062.mp4,114.8,cdf8365b84d8fbf66d664d87eece05069548892d4a917990a6e014e18e2a74b8,6710.0,6830.0,120.0,30.0,3600,1920,1080,h264,ffprobe,True,0,True,True,True,,,OVL001,CHECKED_OVERLAP,10.0,0.08333333333333333,PASS,
LF_ZmCAo38w_C063,LF_ZmCAo38w,,data/clips/LF_ZmCAo38w_C063.mp4,LF_ZmCAo38w_C063.mp4,128.049,d035f0a9f932527d9ca3aaf8c33320a9693f3f96a0899dc7ce37333d05386344,6820.0,6940.0,120.0,30.0,3600,1920,1080,h264,ffprobe,True,0,True,True,True,,,OVL001,CHECKED_OVERLAP,10.0,0.08333333333333333,PASS,
LF_ZmCAo38w_C064,LF_ZmCAo38w,,data/clips/LF_ZmCAo38w_C064.mp4,LF_ZmCAo38w_C064.mp4,123.244,9e9003a46af4d467895375ec30e37069e46fb5a29002bd2bf3e6edf414b96bb7,6930.0,7050.0,120.0,30.0,3600,1920,1080,h264,ffprobe,True,0,True,True,True,,,OVL001,CHECKED_OVERLAP,10.0,0.08333333333333333,PASS,
LF_ZmCAo38w_C065,LF_ZmCAo38w,,data/clips/LF_ZmCAo38w_C065.mp4,LF_ZmCAo38w_C065.mp4,113.928,6dec47d5b5592fb8ef21e87d8f9669a8c10cbe7cac1a9fa4054fc30ae0a22cad,7040.0,7160.0,120.0,30.0,3600,1920,1080,h264,ffprobe,True,0,True,True,True,,,OVL001,CHECKED_OVERLAP,10.0,0.19354339242858373,PASS,
LF_ZmCAo38w_C066,LF_ZmCAo38w,,data/clips/LF_ZmCAo38w_C066.mp4,LF_ZmCAo38w_C066.mp4,42.697,5fc62d814358165de6705a9404c19279570642acc311a39101e05a550447f03a,7150.0,7201.668,51.668005,30.0,1548,1920,1080,h264,ffprobe,True,0,True,True,True,,,OVL001,CHECKED_OVERLAP,10.0,0.19354339242858373,PASS,
YppQ6BEHAKY_C001,YppQ6BEHAKY,,data/clips/YppQ6BEHAKY_C001.mp4,YppQ6BEHAKY_C001.mp4,132.653,ebad9a55d436144eec4b709ab123f3f1d85c88ddd63f444c8db65909a4dd6f50,0.0,120.0,120.0,30.0,3600,1920,1080,h264,ffprobe,True,0,True,True,True,,,OVL002,CHECKED_OVERLAP,10.0,0.08333333333333333,PASS,
YppQ6BEHAKY_C002,YppQ6BEHAKY,,data/clips/YppQ6BEHAKY_C002.mp4,YppQ6BEHAKY_C002.mp4,124.455,47a16a3672c3127f2d5488a71de63ac4275c6fa3b266f2d9d001fc84aa1325db,110.0,230.0,120.0,30.0,3600,1920,1080,h264,ffprobe,True,0,True,True,True,,,OVL002,CHECKED_OVERLAP,10.0,0.08333333333333333,PASS,
YppQ6BEHAKY_C003,YppQ6BEHAKY,,data/clips/YppQ6BEHAKY_C003.mp4,YppQ6BEHAKY_C003.mp4,124.779,b7880f360fa5c8c7fedefa663346f50c5ebe3c31584c553d30bfa5541bac3630,220.0,340.0,120.0,30.0,3600,1920,1080,h264,ffprobe,True,0,True,True,True,,,OVL002,CHECKED_OVERLAP,10.0,0.08333333333333333,PASS,
YppQ6BEHAKY_C004,YppQ6BEHAKY,,data/clips/YppQ6BEHAKY_C004.mp4,YppQ6BEHAKY_C004.mp4,129.177,c966dd80f8c0345245e0e24d0d82561f46fff518a4ae0be78c89ce5be5dc580f,330.0,450.0,120.0,30.0,3600,1920,1080,h264,ffprobe,True,0,True,True,True,,,OVL002,CHECKED_OVERLAP,10.0,0.08333333333333333,PASS,
YppQ6BEHAKY_C005,YppQ6BEHAKY,,data/clips/YppQ6BEHAKY_C005.mp4,YppQ6BEHAKY_C005.mp4,121.871,a66c184cce341ea58252a5c4a9aeb2267f8a42d3928df6708c2b6d7704f8c802,440.0,560.0,120.0,30.0,3600,1920,1080,h264,ffprobe,True,0,True,True,True,,,OVL002,CHECKED_OVERLAP,10.0,0.08333333333333333,PASS,
YppQ6BEHAKY_C006,YppQ6BEHAKY,,data/clips/YppQ6BEHAKY_C006.mp4,YppQ6BEHAKY_C006.mp4,129.296,59f945f53203b8a84f693f180c0140b72807c65de9e8a9233a28bc50268a0cfe,550.0,670.0,120.0,30.0,3600,1920,1080,h264,ffprobe,True,0,True,True,True,,,OVL002,CHECKED_OVERLAP,10.0,0.08333333333333333,PASS,
YppQ6BEHAKY_C007,YppQ6BEHAKY,,data/clips/YppQ6BEHAKY_C007.mp4,YppQ6BEHAKY_C007.mp4,126.589,1806788d5d3c6d65b376cb2e45ad83d75591eb8b5d3cf026ab04e832a9c6882d,660.0,780.0,120.0,30.0,3600,1920,1080,h264,ffprobe,True,0,True,True,True,,,OVL002,CHECKED_OVERLAP,10.0,0.08333333333333333,PASS,
YppQ6BEHAKY_C008,YppQ6BEHAKY,,data/clips/YppQ6BEHAKY_C008.mp4,YppQ6BEHAKY_C008.mp4,128.006,c5923a212bced2f536d28a7839a09325a1effa709c3cde4882467c8fbcc423c6,770.0,890.0,120.0,30.0,3600,1920,1080,h264,ffprobe,True,0,True,True,True,,,OVL002,CHECKED_OVERLAP,10.0,0.08333333333333333,PASS,
YppQ6BEHAKY_C009,YppQ6BEHAKY,,data/clips/YppQ6BEHAKY_C009.mp4,YppQ6BEHAKY_C009.mp4,132.222,f2ad25a520647228d811686be9681d3d61a25ef7b4815cbf57878c86e81d120e,880.0,1000.0,120.0,30.0,3600,1920,1080,h264,ffprobe,True,0,True,True,True,,,OVL002,CHECKED_OVERLAP,10.0,0.08333333333333333,PASS,
YppQ6BEHAKY_C010,YppQ6BEHAKY,,data/clips/YppQ6BEHAKY_C010.mp4,YppQ6BEHAKY_C010.mp4,134.219,f83f7bb600c8631b91f457292c0e45e60bc9fb7b418201c01ac741a0f3ba91c0,990.0,1110.0,120.0,30.0,3600,1920,1080,h264,ffprobe,True,0,True,True,True,,,OVL002,CHECKED_OVERLAP,10.0,0.08333333333333333,PASS,
YppQ6BEHAKY_C011,YppQ6BEHAKY,,data/clips/YppQ6BEHAKY_C011.mp4,YppQ6BEHAKY_C011.mp4,131.933,b63d71e4e4d45219c450eda541342ce00dc15a776d65f717312e9091c7bf3067,1100.0,1220.0,120.0,30.0,3600,1920,1080,h264,ffprobe,True,0,True,True,True,,,OVL002,CHECKED_OVERLAP,10.0,0.08333333333333333,PASS,
YppQ6BEHAKY_C012,YppQ6BEHAKY,,data/clips/YppQ6BEHAKY_C012.mp4,YppQ6BEHAKY_C012.mp4,115.327,d28603c871553414173675ec50e75168d7363b0da5fc38028e7a522bb42c7ccb,1210.0,1330.0,120.0,30.0,3600,1920,1080,h264,ffprobe,True,0,True,True,True,,,OVL002,CHECKED_OVERLAP,10.0,0.08333333333333333,PASS,
YppQ6BEHAKY_C013,YppQ6BEHAKY,,data/clips/YppQ6BEHAKY_C013.mp4,YppQ6BEHAKY_C013.mp4,128.468,77940663ca1990defefcfb705784fd58f960df08a2825ce7e1747a752c48fc28,1320.0,1440.0,120.0,30.0,3600,1920,1080,h264,ffprobe,True,0,True,True,True,,,OVL002,CHECKED_OVERLAP,10.0,0.08333333333333333,PASS,
YppQ6BEHAKY_C014,YppQ6BEHAKY,,data/clips/YppQ6BEHAKY_C014.mp4,YppQ6BEHAKY_C014.mp4,125.27,7494e86fa19b2ba296ed3bd8becc865350f34998683dd91693d8a475ac924fae,1430.0,1550.0,120.0,30.0,3600,1920,1080,h264,ffprobe,True,0,True,True,True,,,OVL002,CHECKED_OVERLAP,10.0,0.08333333333333333,PASS,
YppQ6BEHAKY_C015,YppQ6BEHAKY,,data/clips/YppQ6BEHAKY_C015.mp4,YppQ6BEHAKY_C015.mp4,124.357,f08732b850b9d08163fc1a7a8fa96949251c1242cae6b7042e349dae2f9e9f26,1540.0,1660.0,120.0,30.0,3600,1920,1080,h264,ffprobe,True,0,True,True,True,,,OVL002,CHECKED_OVERLAP,10.0,0.08333333333333333,PASS,
YppQ6BEHAKY_C016,YppQ6BEHAKY,,data/clips/YppQ6BEHAKY_C016.mp4,YppQ6BEHAKY_C016.mp4,129.128,c69be91b014a562022323afaf63f0e299b3be209786902a2ab4e095600213aeb,1650.0,1770.0,120.0,30.0,3600,1920,1080,h264,ffprobe,True,0,True,True,True,,,OVL002,CHECKED_OVERLAP,10.0,0.08333333333333333,PASS,
YppQ6BEHAKY_C017,YppQ6BEHAKY,,data/clips/YppQ6BEHAKY_C017.mp4,YppQ6BEHAKY_C017.mp4,113.268,37b52a49618dfa835964ace40a6fbbba16373b5f4b3884cfe241a3f5f94772af,1760.0,1880.0,120.0,30.0,3600,1920,1080,h264,ffprobe,True,0,True,True,True,,,OVL002,CHECKED_OVERLAP,10.0,0.08333333333333333,PASS,
YppQ6BEHAKY_C018,YppQ6BEHAKY,,data/clips/YppQ6BEHAKY_C018.mp4,YppQ6BEHAKY_C018.mp4,110.727,c13f84d7eb02f57d5a0fef598c328704855ad4ca3f5bb39c2c49621cb2cec659,1870.0,1990.0,120.0,30.0,3600,1920,1080,h264,ffprobe,True,0,True,True,True,,,OVL002,CHECKED_OVERLAP,10.0,0.08333333333333333,PASS,
YppQ6BEHAKY_C019,YppQ6BEHAKY,,data/clips/YppQ6BEHAKY_C019.mp4,YppQ6BEHAKY_C019.mp4,111.918,de0c8274f933d8870851d1ccb95a8180a448ce54eb76556a71aee2366319b61b,1980.0,2100.0,120.0,30.0,3600,1920,1080,h264,ffprobe,True,0,True,True,True,,,OVL002,CHECKED_OVERLAP,10.0,0.08333333333333333,PASS,
YppQ6BEHAKY_C020,YppQ6BEHAKY,,data/clips/YppQ6BEHAKY_C020.mp4,YppQ6BEHAKY_C020.mp4,106.721,df6ed82381e9adab5c781836e9dc856628ece698783b08855e8714a33fc99ade,2090.0,2210.0,120.0,30.0,3600,1920,1080,h264,ffprobe,True,0,True,True,True,,,OVL002,CHECKED_OVERLAP,10.0,0.08333333333333333,PASS,
YppQ6BEHAKY_C021,YppQ6BEHAKY,,data/clips/YppQ6BEHAKY_C021.mp4,YppQ6BEHAKY_C021.mp4,114.863,0f2ea57acfdb1f9c4102940d2e790750fba142ec19fdd7d44ae63301982f8c7f,2200.0,2320.0,120.0,30.0,3600,1920,1080,h264,ffprobe,True,0,True,True,True,,,OVL002,CHECKED_OVERLAP,10.0,0.08333333333333333,PASS,
YppQ6BEHAKY_C022,YppQ6BEHAKY,,data/clips/YppQ6BEHAKY_C022.mp4,YppQ6BEHAKY_C022.mp4,139.053,9dff3cc0a312c3ea43d5ef4c06ddd756ce27e66e1d24e28c8fae7dc72214a6a8,2310.0,2430.0,120.0,30.0,3600,1920,1080,h264,ffprobe,True,0,True,True,True,,,OVL002,CHECKED_OVERLAP,10.0,0.08333333333333333,PASS,
YppQ6BEHAKY_C023,YppQ6BEHAKY,,data/clips/YppQ6BEHAKY_C023.mp4,YppQ6BEHAKY_C023.mp4,113.371,5189e3fa294cf2db2dc1b59cab4a34d0d36e2942e661730c80b8a943c23b27d6,2420.0,2540.0,120.0,30.0,3600,1920,1080,h264,ffprobe,True,0,True,True,True,,,OVL002,CHECKED_OVERLAP,10.0,0.08333333333333333,PASS,
YppQ6BEHAKY_C024,YppQ6BEHAKY,,data/clips/YppQ6BEHAKY_C024.mp4,YppQ6BEHAKY_C024.mp4,130.564,af91b29d4e315215d83503b3836a5a817af5503dd08a14b1a07fc837bed6a6dc,2530.0,2650.0,120.0,30.0,3600,1920,1080,h264,ffprobe,True,0,True,True,True,,,OVL002,CHECKED_OVERLAP,10.0,0.08333333333333333,PASS,
YppQ6BEHAKY_C025,YppQ6BEHAKY,,data/clips/YppQ6BEHAKY_C025.mp4,YppQ6BEHAKY_C025.mp4,131.651,246236a52ec8e381f1c4b0381178c3f602deffe854c7bf65c65caa9402a640a3,2640.0,2760.0,120.0,30.0,3600,1920,1080,h264,ffprobe,True,0,True,True,True,,,OVL002,CHECKED_OVERLAP,10.0,0.08333333333333333,PASS,
YppQ6BEHAKY_C026,YppQ6BEHAKY,,data/clips/YppQ6BEHAKY_C026.mp4,YppQ6BEHAKY_C026.mp4,119.422,38ae417e021123fede1ad0cb3a9a478c1e273913e07e3c63ef02f3346a0eadcd,2750.0,2870.0,120.0,30.0,3600,1920,1080,h264,ffprobe,True,0,True,True,True,,,OVL002,CHECKED_OVERLAP,10.0,0.08333333333333333,PASS,
YppQ6BEHAKY_C027,YppQ6BEHAKY,,data/clips/YppQ6BEHAKY_C027.mp4,YppQ6BEHAKY_C027.mp4,122.113,52167a317aaf32b7b7e5d75dd61142020fb2674f76fefc94fbeca8d368ed56ca,2860.0,2980.0,120.0,30.0,3600,1920,1080,h264,ffprobe,True,0,True,True,True,,,OVL002,CHECKED_OVERLAP,10.0,0.08333333333333333,PASS,
YppQ6BEHAKY_C028,YppQ6BEHAKY,,data/clips/YppQ6BEHAKY_C028.mp4,YppQ6BEHAKY_C028.mp4,125.454,9f8f47d7e0ff29d572f4933264e00272c62676f7d351f1a70f40707a1fa6b085,2970.0,3090.0,120.0,30.0,3600,1920,1080,h264,ffprobe,True,0,True,True,True,,,OVL002,CHECKED_OVERLAP,10.0,0.08333333333333333,PASS,
YppQ6BEHAKY_C029,YppQ6BEHAKY,,data/clips/YppQ6BEHAKY_C029.mp4,YppQ6BEHAKY_C029.mp4,127.543,9b9c72ffd8eceee55cc54fad5aeafa7dd8405af2fe8c009755c5f6152201167f,3080.0,3200.0,120.0,30.0,3600,1920,1080,h264,ffprobe,True,0,True,True,True,,,OVL002,CHECKED_OVERLAP,10.0,0.08333333333333333,PASS,
YppQ6BEHAKY_C030,YppQ6BEHAKY,,data/clips/YppQ6BEHAKY_C030.mp4,YppQ6BEHAKY_C030.mp4,115.174,7b774353f51771459b3f0dcfdf0fe029ad4d84061025819176a7de95e9da5635,3190.0,3310.0,120.0,30.0,3600,1920,1080,h264,ffprobe,True,0,True,True,True,,,OVL002,CHECKED_OVERLAP,10.0,0.08333333333333333,PASS,
YppQ6BEHAKY_C031,YppQ6BEHAKY,,data/clips/YppQ6BEHAKY_C031.mp4,YppQ6BEHAKY_C031.mp4,133.205,4e5fe70e71abc4744fb88f3f96490b3e8707e848a00fbc37e500f1db2bdda150,3300.0,3420.0,120.0,30.0,3600,1920,1080,h264,ffprobe,True,0,True,True,True,,,OVL002,CHECKED_OVERLAP,10.0,0.08333333333333333,PASS,
YppQ6BEHAKY_C032,YppQ6BEHAKY,,data/clips/YppQ6BEHAKY_C032.mp4,YppQ6BEHAKY_C032.mp4,132.691,0ed5757ee9ca0ef5885e815feb4f90c254152f8981cef2228039447b324ac706,3410.0,3530.0,120.0,30.0,3600,1920,1080,h264,ffprobe,True,0,True,True,True,,,OVL002,CHECKED_OVERLAP,10.0,0.08333333333333333,PASS,
YppQ6BEHAKY_C033,YppQ6BEHAKY,,data/clips/YppQ6BEHAKY_C033.mp4,YppQ6BEHAKY_C033.mp4,126.209,ffdf640ea130f5a84e8f2ad9b8b1e24a35fe00e046606fe74bd809903f098c93,3520.0,3640.0,120.0,30.0,3600,1920,1080,h264,ffprobe,True,0,True,True,True,,,OVL002,CHECKED_OVERLAP,10.0,0.08333333333333333,PASS,
YppQ6BEHAKY_C034,YppQ6BEHAKY,,data/clips/YppQ6BEHAKY_C034.mp4,YppQ6BEHAKY_C034.mp4,123.847,4d023eedabe6a609904a6b2dea4d18d03f67dcba0a145d973101e6abf02f75b7,3630.0,3750.0,120.0,30.0,3600,1920,1080,h264,ffprobe,True,0,True,True,True,,,OVL002,CHECKED_OVERLAP,10.0,0.08333333333333333,PASS,
YppQ6BEHAKY_C035,YppQ6BEHAKY,,data/clips/YppQ6BEHAKY_C035.mp4,YppQ6BEHAKY_C035.mp4,134.94,2764472de88962a5083ce9f0f1e2381e32bd02f57eb7521b8a813fc043591ad2,3740.0,3860.0,120.0,30.0,3600,1920,1080,h264,ffprobe,True,0,True,True,True,,,OVL002,CHECKED_OVERLAP,10.0,0.08333333333333333,PASS,
YppQ6BEHAKY_C036,YppQ6BEHAKY,,data/clips/YppQ6BEHAKY_C036.mp4,YppQ6BEHAKY_C036.mp4,119.044,8b72cb88d4932483b91a8217c35559814f0b45564de86da86b86f55152150ea5,3850.0,3970.0,120.0,30.0,3600,1920,1080,h264,ffprobe,True,0,True,True,True,,,OVL002,CHECKED_OVERLAP,10.0,0.08333333333333333,PASS,
YppQ6BEHAKY_C037,YppQ6BEHAKY,,data/clips/YppQ6BEHAKY_C037.mp4,YppQ6BEHAKY_C037.mp4,117.534,46d34408e58815c12684f4a17496bc39b0d8ca8113daed6fed9fba2327be587e,3960.0,4080.0,120.0,30.0,3600,1920,1080,h264,ffprobe,True,0,True,True,True,,,OVL002,CHECKED_OVERLAP,10.0,0.08333333333333333,PASS,
YppQ6BEHAKY_C038,YppQ6BEHAKY,,data/clips/YppQ6BEHAKY_C038.mp4,YppQ6BEHAKY_C038.mp4,121.06,3100860f8f97c3b14531e3f97b917dd5b0b21651eca9562018bc6beced17521d,4070.0,4190.0,120.0,30.0,3600,1920,1080,h264,ffprobe,True,0,True,True,True,,,OVL002,CHECKED_OVERLAP,10.0,0.08333333333333333,PASS,
YppQ6BEHAKY_C039,YppQ6BEHAKY,,data/clips/YppQ6BEHAKY_C039.mp4,YppQ6BEHAKY_C039.mp4,135.834,b981e86c8c49846d4de2df86aca22d875bd9db2f401f305331822a3f3bb0cac9,4180.0,4300.0,120.0,30.0,3600,1920,1080,h264,ffprobe,True,0,True,True,True,,,OVL002,CHECKED_OVERLAP,10.0,0.08333333333333333,PASS,
YppQ6BEHAKY_C040,YppQ6BEHAKY,,data/clips/YppQ6BEHAKY_C040.mp4,YppQ6BEHAKY_C040.mp4,140.261,648908614642d7073383f533aa901741e18222f959cea0cf8164912bc752d260,4290.0,4410.0,120.0,30.0,3600,1920,1080,h264,ffprobe,True,0,True,True,True,,,OVL002,CHECKED_OVERLAP,10.0,0.08333333333333333,PASS,
YppQ6BEHAKY_C041,YppQ6BEHAKY,,data/clips/YppQ6BEHAKY_C041.mp4,YppQ6BEHAKY_C041.mp4,136.296,e80a902e27af0e74cbf3fcc67b00813abe892549aa614be59e84ddd0affee6fe,4400.0,4520.0,120.0,30.0,3600,1920,1080,h264,ffprobe,True,0,True,True,True,,,OVL002,CHECKED_OVERLAP,10.0,0.08333333333333333,PASS,
YppQ6BEHAKY_C042,YppQ6BEHAKY,,data/clips/YppQ6BEHAKY_C042.mp4,YppQ6BEHAKY_C042.mp4,123.528,e7e5f0182a498a1757040f0c5272ea4313c125214d8fbcd7fe0ff4398495ee4c,4510.0,4630.0,120.0,30.0,3600,1920,1080,h264,ffprobe,True,0,True,True,True,,,OVL002,CHECKED_OVERLAP,10.0,0.08333333333333333,PASS,
YppQ6BEHAKY_C043,YppQ6BEHAKY,,data/clips/YppQ6BEHAKY_C043.mp4,YppQ6BEHAKY_C043.mp4,108.794,4a3f988ae536f538c9961fbfafbe1d0dc7c2de814009907d3c77b70d63acf8be,4620.0,4740.0,120.0,30.0,3600,1920,1080,h264,ffprobe,True,0,True,True,True,,,OVL002,CHECKED_OVERLAP,10.0,0.08333333333333333,PASS,
YppQ6BEHAKY_C044,YppQ6BEHAKY,,data/clips/YppQ6BEHAKY_C044.mp4,YppQ6BEHAKY_C044.mp4,123.681,71b4c382148841e48927ff8b60fb11afb012e7312809bb039d38df78f49a8660,4730.0,4850.0,120.0,30.0,3600,1920,1080,h264,ffprobe,True,0,True,True,True,,,OVL002,CHECKED_OVERLAP,10.0,0.08333333333333333,PASS,
YppQ6BEHAKY_C045,YppQ6BEHAKY,,data/clips/YppQ6BEHAKY_C045.mp4,YppQ6BEHAKY_C045.mp4,141.96,6ad7baf7e064fef082ca41ca917a153c3fba31aad26d2c1b938523a2407261f1,4840.0,4960.0,120.0,30.0,3600,1920,1080,h264,ffprobe,True,0,True,True,True,,,OVL002,CHECKED_OVERLAP,10.0,0.08333333333333333,PASS,
YppQ6BEHAKY_C046,YppQ6BEHAKY,,data/clips/YppQ6BEHAKY_C046.mp4,YppQ6BEHAKY_C046.mp4,139.141,2934e0971d90b06b35bd518565d06a50d4d797fe469507cbde912caa3d1bd8c2,4950.0,5070.0,120.0,30.0,3600,1920,1080,h264,ffprobe,True,0,True,True,True,,,OVL002,CHECKED_OVERLAP,10.0,0.08333333333333333,PASS,
YppQ6BEHAKY_C047,YppQ6BEHAKY,,data/clips/YppQ6BEHAKY_C047.mp4,YppQ6BEHAKY_C047.mp4,141.659,8971c2741b61e65e82f5c19b8c37c66ff1fecef3a56fb9093d92e287474d78f1,5060.0,5180.0,120.0,30.0,3600,1920,1080,h264,ffprobe,True,0,True,True,True,,,OVL002,CHECKED_OVERLAP,10.0,0.08333333333333333,PASS,
YppQ6BEHAKY_C048,YppQ6BEHAKY,,data/clips/YppQ6BEHAKY_C048.mp4,YppQ6BEHAKY_C048.mp4,150.366,57b9749100b7e4f3f62bdc0ce67e230d23f7b9fb415191df9087598559602677,5170.0,5290.0,120.0,30.0,3600,1920,1080,h264,ffprobe,True,0,True,True,True,,,OVL002,CHECKED_OVERLAP,10.0,0.08333333333333333,PASS,
YppQ6BEHAKY_C049,YppQ6BEHAKY,,data/clips/YppQ6BEHAKY_C049.mp4,YppQ6BEHAKY_C049.mp4,140.912,204fc8e18a411fa86239d059145c11f206f2fcbf116ef4c06c18d10d6610b37d,5280.0,5400.0,120.0,30.0,3600,1920,1080,h264,ffprobe,True,0,True,True,True,,,OVL002,CHECKED_OVERLAP,10.0,0.08333333333333333,PASS,
YppQ6BEHAKY_C050,YppQ6BEHAKY,,data/clips/YppQ6BEHAKY_C050.mp4,YppQ6BEHAKY_C050.mp4,127.812,086c433f1cda5910c482b487cb3b8a860c7a73725634b024eeda49b8e9f93a39,5390.0,5510.0,120.0,30.0,3600,1920,1080,h264,ffprobe,True,0,True,True,True,,,OVL002,CHECKED_OVERLAP,10.0,0.08333333333333333,PASS,
YppQ6BEHAKY_C051,YppQ6BEHAKY,,data/clips/YppQ6BEHAKY_C051.mp4,YppQ6BEHAKY_C051.mp4,129.972,aa873fec3adb6fbad11f1d98ef74cbbd7b26f3632c79b3590e84f9adcbc9ef29,5500.0,5620.0,120.0,30.0,3600,1920,1080,h264,ffprobe,True,0,True,True,True,,,OVL002,CHECKED_OVERLAP,10.0,0.08333333333333333,PASS,
YppQ6BEHAKY_C052,YppQ6BEHAKY,,data/clips/YppQ6BEHAKY_C052.mp4,YppQ6BEHAKY_C052.mp4,118.726,bf8f987d020a4d6a4fe504d728b57e8bfb17759de54d4e17593564081a3654ee,5610.0,5730.0,120.0,30.0,3600,1920,1080,h264,ffprobe,True,0,True,True,True,,,OVL002,CHECKED_OVERLAP,10.0,0.08333333333333333,PASS,
YppQ6BEHAKY_C053,YppQ6BEHAKY,,data/clips/YppQ6BEHAKY_C053.mp4,YppQ6BEHAKY_C053.mp4,116.824,7b2c5ea8a031100b2a94e1e64558c7114450a13f1888564d0aaf71b56c32960b,5720.0,5840.0,120.0,30.0,3600,1920,1080,h264,ffprobe,True,0,True,True,True,,,OVL002,CHECKED_OVERLAP,10.0,0.08333333333333333,PASS,
YppQ6BEHAKY_C054,YppQ6BEHAKY,,data/clips/YppQ6BEHAKY_C054.mp4,YppQ6BEHAKY_C054.mp4,125.448,04f59c60b81bf853e34315ae590ad7981036abcd2809437a74a182ead758863b,5830.0,5950.0,120.0,30.0,3600,1920,1080,h264,ffprobe,True,0,True,True,True,,,OVL002,CHECKED_OVERLAP,10.0,0.08333333333333333,PASS,
YppQ6BEHAKY_C055,YppQ6BEHAKY,,data/clips/YppQ6BEHAKY_C055.mp4,YppQ6BEHAKY_C055.mp4,119.857,1bae7b25115bf8bd69d53ff392bfd7df93a681f25d9904bbf04a4347f1b9735b,5940.0,6060.0,120.0,30.0,3600,1920,1080,h264,ffprobe,True,0,True,True,True,,,OVL002,CHECKED_OVERLAP,10.0,0.08333333333333333,PASS,
YppQ6BEHAKY_C056,YppQ6BEHAKY,,data/clips/YppQ6BEHAKY_C056.mp4,YppQ6BEHAKY_C056.mp4,126.167,23cf14ee0a94d0c9813d43ca9bb66ae0e1bee5831a211b7ccca68eabcd905b50,6050.0,6170.0,120.0,30.0,3600,1920,1080,h264,ffprobe,True,0,True,True,True,,,OVL002,CHECKED_OVERLAP,10.0,0.08333333333333333,PASS,
YppQ6BEHAKY_C057,YppQ6BEHAKY,,data/clips/YppQ6BEHAKY_C057.mp4,YppQ6BEHAKY_C057.mp4,123.249,9187596048b6679b7ed5bf148695cf28869fde3c69e07b3dd4a9a7ad9afdac19,6160.0,6280.0,120.0,30.0,3600,1920,1080,h264,ffprobe,True,0,True,True,True,,,OVL002,CHECKED_OVERLAP,10.0,0.08333333333333333,PASS,
YppQ6BEHAKY_C058,YppQ6BEHAKY,,data/clips/YppQ6BEHAKY_C058.mp4,YppQ6BEHAKY_C058.mp4,122.761,e7d4ffc92ff77f0aab5a1030df0b031e935f2405dcd27105104ea1b7d1d8eb12,6270.0,6390.0,120.0,30.0,3600,1920,1080,h264,ffprobe,True,0,True,True,True,,,OVL002,CHECKED_OVERLAP,10.0,0.08333333333333333,PASS,
YppQ6BEHAKY_C059,YppQ6BEHAKY,,data/clips/YppQ6BEHAKY_C059.mp4,YppQ6BEHAKY_C059.mp4,127.748,c0e0cb3b5f9d7ab5674efb1665603e782b66b1fe133008fab9783bbf889c09b8,6380.0,6500.0,120.0,30.0,3600,1920,1080,h264,ffprobe,True,0,True,True,True,,,OVL002,CHECKED_OVERLAP,10.0,0.08333333333333333,PASS,
YppQ6BEHAKY_C060,YppQ6BEHAKY,,data/clips/YppQ6BEHAKY_C060.mp4,YppQ6BEHAKY_C060.mp4,128.88,882d5f8d4a51f1bd43c1aa789e6a4dca8c30c168f8fc94432a2e40751cd4f464,6490.0,6610.0,120.0,30.0,3600,1920,1080,h264,ffprobe,True,0,True,True,True,,,OVL002,CHECKED_OVERLAP,10.0,0.08333333333333333,PASS,
YppQ6BEHAKY_C061,YppQ6BEHAKY,,data/clips/YppQ6BEHAKY_C061.mp4,YppQ6BEHAKY_C061.mp4,137.734,78c9dfef9b3a2673c9ad692713d3599ca3ec9952a2605cf30e000e23b836845c,6600.0,6720.0,120.0,30.0,3600,1920,1080,h264,ffprobe,True,0,True,True,True,,,OVL002,CHECKED_OVERLAP,10.0,0.08333333333333333,PASS,
YppQ6BEHAKY_C062,YppQ6BEHAKY,,data/clips/YppQ6BEHAKY_C062.mp4,YppQ6BEHAKY_C062.mp4,129.696,62481eaca67182b6ca8548974896d2ef36362a363b584340e7379bf48a7e75d3,6710.0,6830.0,120.0,30.0,3600,1920,1080,h264,ffprobe,True,0,True,True,True,,,OVL002,CHECKED_OVERLAP,10.0,0.08333333333333333,PASS,
YppQ6BEHAKY_C063,YppQ6BEHAKY,,data/clips/YppQ6BEHAKY_C063.mp4,YppQ6BEHAKY_C063.mp4,122.479,d14295a64e92a53278a651df115a60bfaebf36f764f32ea050aa70bec0994381,6820.0,6940.0,120.0,30.0,3600,1920,1080,h264,ffprobe,True,0,True,True,True,,,OVL002,CHECKED_OVERLAP,10.0,0.08333333333333333,PASS,
YppQ6BEHAKY_C064,YppQ6BEHAKY,,data/clips/YppQ6BEHAKY_C064.mp4,YppQ6BEHAKY_C064.mp4,125.116,4212e27fd7b2d5cd8157848b495e6afd4808764d39b38e9579b11921f87cc225,6930.0,7050.0,120.0,30.0,3600,1920,1080,h264,ffprobe,True,0,True,True,True,,,OVL002,CHECKED_OVERLAP,10.0,0.08333333333333333,PASS,
YppQ6BEHAKY_C065,YppQ6BEHAKY,,data/clips/YppQ6BEHAKY_C065.mp4,YppQ6BEHAKY_C065.mp4,127.777,9cc03e4fef8a4cf3d9398bdfcec14620ef6d411da8eae9158232bf29e48dd10e,7040.0,7160.0,120.0,30.0,3600,1920,1080,h264,ffprobe,True,0,True,True,True,,,OVL002,CHECKED_OVERLAP,10.0,0.18162334949781078,PASS,
YppQ6BEHAKY_C066,YppQ6BEHAKY,,data/clips/YppQ6BEHAKY_C066.mp4,YppQ6BEHAKY_C066.mp4,58.64,dfba43d5bcf6b3f448cba76de74f276346623743a0c53397c3017b54e566c001,7150.0,7205.059,55.059002,30.0,1650,1920,1080,h264,ffprobe,True,0,True,True,True,,,OVL002,CHECKED_OVERLAP,10.0,0.18162334949781078,PASS,
interrupted_2026-09-17_C001,interrupted_2026-09-17,,data/clips/interrupted_2026-09-17_C001.mp4,interrupted_2026-09-17_C001.mp4,26.601,0444c9d0ec03d57057ee204486a618a28667a96e274d1e6abef7bac25fedd1ce,0.0,120.0,120.0,30.0,3600,1920,1080,h264,ffprobe,True,0,True,True,True,,,OVL003,CHECKED_OVERLAP,10.0,0.08333333333333333,PASS,
interrupted_2026-09-17_C002,interrupted_2026-09-17,,data/clips/interrupted_2026-09-17_C002.mp4,interrupted_2026-09-17_C002.mp4,27.881,75488cd6e9b92740048669a2068724a2f31990077ac803995c003f030e4c1f73,110.0,230.0,120.0,30.0,3600,1920,1080,h264,ffprobe,True,0,True,True,True,,,OVL003,CHECKED_OVERLAP,10.0,0.08333333333333333,PASS,
interrupted_2026-09-17_C003,interrupted_2026-09-17,,data/clips/interrupted_2026-09-17_C003.mp4,interrupted_2026-09-17_C003.mp4,26.202,058c6f4a22c14aaf61d938ec3dede60cd89bb049e0eaa68506d9cf1752036b23,220.0,340.0,120.0,30.0,3600,1920,1080,h264,ffprobe,True,0,True,True,True,,,OVL003,CHECKED_OVERLAP,10.0,0.08333333333333333,PASS,
interrupted_2026-09-17_C004,interrupted_2026-09-17,,data/clips/interrupted_2026-09-17_C004.mp4,interrupted_2026-09-17_C004.mp4,26.013,cfc8310dd9b1f8f9139de81e7689c0ca7d59ec5c33260545b4f853c38ba7a9d2,330.0,450.0,120.0,30.0,3600,1920,1080,h264,ffprobe,True,0,True,True,True,,,OVL003,CHECKED_OVERLAP,10.0,0.08333333333333333,PASS,
interrupted_2026-09-17_C005,interrupted_2026-09-17,,data/clips/interrupted_2026-09-17_C005.mp4,interrupted_2026-09-17_C005.mp4,23.55,0b0691162e4157c27365581833fa8e5d06e50a75893e92446a9701e54d6a25fb,440.0,560.0,120.0,30.0,3600,1920,1080,h264,ffprobe,True,0,True,True,True,,,OVL003,CHECKED_OVERLAP,10.0,0.08333333333333333,PASS,
interrupted_2026-09-17_C006,interrupted_2026-09-17,,data/clips/interrupted_2026-09-17_C006.mp4,interrupted_2026-09-17_C006.mp4,22.538,06c43ff250ca015be4fe558aa43983751f03cc7f1979f0d9d04688b5efe216d1,550.0,670.0,120.0,30.0,3600,1920,1080,h264,ffprobe,True,0,True,True,True,,,OVL003,CHECKED_OVERLAP,10.0,0.08333333333333333,PASS,
interrupted_2026-09-17_C007,interrupted_2026-09-17,,data/clips/interrupted_2026-09-17_C007.mp4,interrupted_2026-09-17_C007.mp4,22.531,2435f4300b05f3cb645dd00ca2426487840d65a15a0e131af1ad7bd2c1009003,660.0,780.0,120.0,30.0,3600,1920,1080,h264,ffprobe,True,0,True,True,True,,,OVL003,CHECKED_OVERLAP,10.0,0.08333333333333333,PASS,
interrupted_2026-09-17_C008,interrupted_2026-09-17,,data/clips/interrupted_2026-09-17_C008.mp4,interrupted_2026-09-17_C008.mp4,22.138,7a4ed5dbd685fd5bf31e01f714366a4832dcbe8705dfe2ea26c33caa17edb13d,770.0,890.0,120.0,30.0,3600,1920,1080,h264,ffprobe,True,0,True,True,True,,,OVL003,CHECKED_OVERLAP,10.0,0.08333333333333333,PASS,
interrupted_2026-09-17_C009,interrupted_2026-09-17,,data/clips/interrupted_2026-09-17_C009.mp4,interrupted_2026-09-17_C009.mp4,22.025,8927fc8018473b548ca0cc901b913a2c2befdd7e5209334f0e9fe0e3dc1350a1,880.0,1000.0,120.0,30.0,3600,1920,1080,h264,ffprobe,True,0,True,True,True,,,OVL003,CHECKED_OVERLAP,10.0,0.08333333333333333,PASS,
interrupted_2026-09-17_C010,interrupted_2026-09-17,,data/clips/interrupted_2026-09-17_C010.mp4,interrupted_2026-09-17_C010.mp4,23.226,65c7ac12948ee8d47b2ee5d4fa489fa2a5798285e59edd8fce311a63cc5ed07e,990.0,1110.0,120.0,30.0,3600,1920,1080,h264,ffprobe,True,0,True,True,True,,,OVL003,CHECKED_OVERLAP,10.0,0.08333333333333333,PASS,
interrupted_2026-09-17_C011,interrupted_2026-09-17,,data/clips/interrupted_2026-09-17_C011.mp4,interrupted_2026-09-17_C011.mp4,26.583,16b7c718201695be7e521ca2d50ef148b39128c169f86918439cfd0edc0e3b43,1100.0,1220.0,120.0,30.0,3600,1920,1080,h264,ffprobe,True,0,True,True,True,,,OVL003,CHECKED_OVERLAP,10.0,0.08333333333333333,PASS,
interrupted_2026-09-17_C012,interrupted_2026-09-17,,data/clips/interrupted_2026-09-17_C012.mp4,interrupted_2026-09-17_C012.mp4,22.787,6ccd637b07a11a1874478140da6d36a9cb8686615911adcdf9cd8865339e0682,1210.0,1330.0,120.0,30.0,3600,1920,1080,h264,ffprobe,True,0,True,True,True,,,OVL003,CHECKED_OVERLAP,10.0,0.08333333333333333,PASS,
interrupted_2026-09-17_C013,interrupted_2026-09-17,,data/clips/interrupted_2026-09-17_C013.mp4,interrupted_2026-09-17_C013.mp4,17.089,85406429c13772a35a1be19c808ff76e52090024ad11eec98c71539b63524237,1320.0,1440.0,120.0,30.0,3600,1920,1080,h264,ffprobe,True,0,True,True,True,,,OVL003,CHECKED_OVERLAP,10.0,0.08333333333333333,PASS,
interrupted_2026-09-17_C014,interrupted_2026-09-17,,data/clips/interrupted_2026-09-17_C014.mp4,interrupted_2026-09-17_C014.mp4,19.739,97e76d0988415dc43e6683f4e5244c3003fc3a41113e047c9d0309c1c86db946,1430.0,1550.0,120.0,30.0,3600,1920,1080,h264,ffprobe,True,0,True,True,True,,,OVL003,CHECKED_OVERLAP,10.0,0.08333333333333333,PASS,
interrupted_2026-09-17_C015,interrupted_2026-09-17,,data/clips/interrupted_2026-09-17_C015.mp4,interrupted_2026-09-17_C015.mp4,24.163,73ff81b0752948aec71817ffb3a43eb4de88989a1aa63321c7428ed3b8aa66eb,1540.0,1660.0,120.0,30.0,3600,1920,1080,h264,ffprobe,True,0,True,True,True,,,OVL003,CHECKED_OVERLAP,10.0,0.08333333333333333,PASS,
interrupted_2026-09-17_C016,interrupted_2026-09-17,,data/clips/interrupted_2026-09-17_C016.mp4,interrupted_2026-09-17_C016.mp4,29.605,200a5e0e9b96befd21d44f6257f65720550e7c8dccb76683ebd8b8894e34574c,1650.0,1770.0,120.0,30.0,3600,1920,1080,h264,ffprobe,True,0,True,True,True,,,OVL003,CHECKED_OVERLAP,10.0,0.08333333333333333,PASS,
interrupted_2026-09-17_C017,interrupted_2026-09-17,,data/clips/interrupted_2026-09-17_C017.mp4,interrupted_2026-09-17_C017.mp4,26.561,32050cc9dd5549a35ba4e39ad17e08ef41996a9d4e436631f90c5c9c8f46bfda,1760.0,1880.0,120.0,30.0,3600,1920,1080,h264,ffprobe,True,0,True,True,True,,,OVL003,CHECKED_OVERLAP,10.0,0.08333333333333333,PASS,
interrupted_2026-09-17_C018,interrupted_2026-09-17,,data/clips/interrupted_2026-09-17_C018.mp4,interrupted_2026-09-17_C018.mp4,24.944,ab3738ba61748d329ed3dce6fd2822e3eed15c13c5e1ff6e9751176ca3de8aaf,1870.0,1990.0,120.0,30.0,3600,1920,1080,h264,ffprobe,True,0,True,True,True,,,OVL003,CHECKED_OVERLAP,10.0,0.08333333333333333,PASS,
interrupted_2026-09-17_C019,interrupted_2026-09-17,,data/clips/interrupted_2026-09-17_C019.mp4,interrupted_2026-09-17_C019.mp4,24.91,4726229f3c16c08486a4cffd2301abefec9108b6c55a6fb51c21e48f947fddbe,1980.0,2100.0,120.0,30.0,3600,1920,1080,h264,ffprobe,True,0,True,True,True,,,OVL003,CHECKED_OVERLAP,10.0,0.08333333333333333,PASS,
interrupted_2026-09-17_C020,interrupted_2026-09-17,,data/clips/interrupted_2026-09-17_C020.mp4,interrupted_2026-09-17_C020.mp4,24.888,aa8220877f2d87151a97f4e8ce7e6774dda2a4a918c27f2969cb52c727a13b6f,2090.0,2210.0,120.0,30.0,3600,1920,1080,h264,ffprobe,True,0,True,True,True,,,OVL003,CHECKED_OVERLAP,10.0,0.08333333333333333,PASS,
interrupted_2026-09-17_C021,interrupted_2026-09-17,,data/clips/interrupted_2026-09-17_C021.mp4,interrupted_2026-09-17_C021.mp4,28.118,29cf0f47c03c6c7c32d62a55206ef30507cc2c13c44729dd030ea06e67e43257,2200.0,2320.0,120.0,30.0,3600,1920,1080,h264,ffprobe,True,0,True,True,True,,,OVL003,CHECKED_OVERLAP,10.0,0.08333333333333333,PASS,
interrupted_2026-09-17_C022,interrupted_2026-09-17,,data/clips/interrupted_2026-09-17_C022.mp4,interrupted_2026-09-17_C022.mp4,29.702,16a1e21426a118856f2c18c9f0509fd239f875854038fa63226afeb435d2bd43,2310.0,2430.0,120.0,30.0,3600,1920,1080,h264,ffprobe,True,0,True,True,True,,,OVL003,CHECKED_OVERLAP,10.0,0.08333333333333333,PASS,
interrupted_2026-09-17_C023,interrupted_2026-09-17,,data/clips/interrupted_2026-09-17_C023.mp4,interrupted_2026-09-17_C023.mp4,29.112,32f981abdace8d96508edc9ca969f01df3ba3a4ba24a73bab807570dfe0d3050,2420.0,2540.0,120.0,30.0,3600,1920,1080,h264,ffprobe,True,0,True,True,True,,,OVL003,CHECKED_OVERLAP,10.0,0.08333333333333333,PASS,
interrupted_2026-09-17_C024,interrupted_2026-09-17,,data/clips/interrupted_2026-09-17_C024.mp4,interrupted_2026-09-17_C024.mp4,26.843,cf500bccf60429f66bfa42d2c0617032fd7db7fc123794c2163a76559297a1cf,2530.0,2650.0,120.0,30.0,3600,1920,1080,h264,ffprobe,True,0,True,True,True,,,OVL003,CHECKED_OVERLAP,10.0,0.08333333333333333,PASS,
interrupted_2026-09-17_C025,interrupted_2026-09-17,,data/clips/interrupted_2026-09-17_C025.mp4,interrupted_2026-09-17_C025.mp4,32.864,c6660833f3102b61d8c09ca33cd51105718b0915f6ca171138892f8c5c931be2,2640.0,2760.0,120.0,30.0,3600,1920,1080,h264,ffprobe,True,0,True,True,True,,,OVL003,CHECKED_OVERLAP,10.0,0.08333333333333333,PASS,
interrupted_2026-09-17_C026,interrupted_2026-09-17,,data/clips/interrupted_2026-09-17_C026.mp4,interrupted_2026-09-17_C026.mp4,36.973,172013d20c094a047742839b7af2d9eaeec9a8ecb4d1dd0a03b87510957c74be,2750.0,2870.0,120.0,30.0,3600,1920,1080,h264,ffprobe,True,0,True,True,True,,,OVL003,CHECKED_OVERLAP,10.0,0.08333333333333333,PASS,
interrupted_2026-09-17_C027,interrupted_2026-09-17,,data/clips/interrupted_2026-09-17_C027.mp4,interrupted_2026-09-17_C027.mp4,37.29,9d1d45074a417cd3a68fef1842615736a82e807697ca9342287a14a6a9993824,2860.0,2980.0,120.0,30.0,3600,1920,1080,h264,ffprobe,True,0,True,True,True,,,OVL003,CHECKED_OVERLAP,10.0,0.08333333333333333,PASS,
interrupted_2026-09-17_C028,interrupted_2026-09-17,,data/clips/interrupted_2026-09-17_C028.mp4,interrupted_2026-09-17_C028.mp4,30.148,356d1e86993a0464399f17c817983370e56685a6041320c17e4872a915add5ed,2970.0,3090.0,120.0,30.0,3600,1920,1080,h264,ffprobe,True,0,True,True,True,,,OVL003,CHECKED_OVERLAP,10.0,0.08333333333333333,PASS,
interrupted_2026-09-17_C029,interrupted_2026-09-17,,data/clips/interrupted_2026-09-17_C029.mp4,interrupted_2026-09-17_C029.mp4,36.02,81aa103cfa6edbdf8acfa0e0aff9488bf6df55afc181d670bcc861c96e2084a8,3080.0,3200.0,120.0,30.0,3600,1920,1080,h264,ffprobe,True,0,True,True,True,,,OVL003,CHECKED_OVERLAP,10.0,0.08333333333333333,PASS,
interrupted_2026-09-17_C030,interrupted_2026-09-17,,data/clips/interrupted_2026-09-17_C030.mp4,interrupted_2026-09-17_C030.mp4,40.933,6b7b54f8c437d438cef53c8e149471efa0ae3c2448dc00e29439d495d23166e9,3190.0,3310.0,120.0,30.0,3600,1920,1080,h264,ffprobe,True,0,True,True,True,,,OVL003,CHECKED_OVERLAP,10.0,0.08333333333333333,PASS,
interrupted_2026-09-17_C031,interrupted_2026-09-17,,data/clips/interrupted_2026-09-17_C031.mp4,interrupted_2026-09-17_C031.mp4,38.707,4793ccdf9dc2824c863aa55dfa6bb7b5c11d9f268623ece43597aacc5c54b01c,3300.0,3420.0,120.0,30.0,3600,1920,1080,h264,ffprobe,True,0,True,True,True,,,OVL003,CHECKED_OVERLAP,10.0,0.08333333333333333,PASS,
interrupted_2026-09-17_C032,interrupted_2026-09-17,,data/clips/interrupted_2026-09-17_C032.mp4,interrupted_2026-09-17_C032.mp4,39.426,0fb9483ec477b4ebd18c3e2323bac3879fee8334d7e3f4d792c3c2bfb1fd2c97,3410.0,3530.0,120.0,30.0,3600,1920,1080,h264,ffprobe,True,0,True,True,True,,,OVL003,CHECKED_OVERLAP,10.0,0.08333333333333333,PASS,
interrupted_2026-09-17_C033,interrupted_2026-09-17,,data/clips/interrupted_2026-09-17_C033.mp4,interrupted_2026-09-17_C033.mp4,40.515,723248e926883f8e2ec5952ea58fe08e8530ac65224e0b9a9da404603726160b,3520.0,3640.0,120.0,30.0,3600,1920,1080,h264,ffprobe,True,0,True,True,True,,,OVL003,CHECKED_OVERLAP,10.0,0.08333333333333333,PASS,
interrupted_2026-09-17_C034,interrupted_2026-09-17,,data/clips/interrupted_2026-09-17_C034.mp4,interrupted_2026-09-17_C034.mp4,42.021,375d8c040da1663150b1a311970e226d28955174f98299c520de95bc33d5fe13,3630.0,3750.0,120.0,30.0,3600,1920,1080,h264,ffprobe,True,0,True,True,True,,,OVL003,CHECKED_OVERLAP,10.0,0.08333333333333333,PASS,
interrupted_2026-09-17_C035,interrupted_2026-09-17,,data/clips/interrupted_2026-09-17_C035.mp4,interrupted_2026-09-17_C035.mp4,44.137,7033ef62b13b4856fe80a541df21e63a7fcd94c7ccfd8097841544c0519f4476,3740.0,3860.0,120.0,30.0,3600,1920,1080,h264,ffprobe,True,0,True,True,True,,,OVL003,CHECKED_OVERLAP,10.0,0.08333333333333333,PASS,
interrupted_2026-09-17_C036,interrupted_2026-09-17,,data/clips/interrupted_2026-09-17_C036.mp4,interrupted_2026-09-17_C036.mp4,41.536,63f0863c371a8e2035002a6d707679d16f7cd46f7a515193940664ea3bffb247,3850.0,3970.0,120.0,30.0,3600,1920,1080,h264,ffprobe,True,0,True,True,True,,,OVL003,CHECKED_OVERLAP,10.0,0.08333333333333333,PASS,
interrupted_2026-09-17_C037,interrupted_2026-09-17,,data/clips/interrupted_2026-09-17_C037.mp4,interrupted_2026-09-17_C037.mp4,44.14,3894dcacdf1d3a6a92a25666c69ec9a83dc178bf5d851b7e3c47c91133395681,3960.0,4080.0,120.0,30.0,3600,1920,1080,h264,ffprobe,True,0,True,True,True,,,OVL003,CHECKED_OVERLAP,10.0,0.08333333333333333,PASS,
interrupted_2026-09-17_C038,interrupted_2026-09-17,,data/clips/interrupted_2026-09-17_C038.mp4,interrupted_2026-09-17_C038.mp4,38.433,9e1829b8f21608a82d7db8257669e4587be9650de4a24e7b497e7bb451c130e4,4070.0,4190.0,120.0,30.0,3600,1920,1080,h264,ffprobe,True,0,True,True,True,,,OVL003,CHECKED_OVERLAP,10.0,0.08333333333333333,PASS,
interrupted_2026-09-17_C039,interrupted_2026-09-17,,data/clips/interrupted_2026-09-17_C039.mp4,interrupted_2026-09-17_C039.mp4,39.29,17567d080f409d0f138d89df61edbf1082e310e43884a77fe214cd9032dbe40a,4180.0,4300.0,120.0,30.0,3600,1920,1080,h264,ffprobe,True,0,True,True,True,,,OVL003,CHECKED_OVERLAP,10.0,0.08333333333333333,PASS,
interrupted_2026-09-17_C040,interrupted_2026-09-17,,data/clips/interrupted_2026-09-17_C040.mp4,interrupted_2026-09-17_C040.mp4,46.917,d4bc76ea7695452de8e65597ffc8b5a39d345718f19dc231d99cc13b17ff9461,4290.0,4410.0,120.0,30.0,3600,1920,1080,h264,ffprobe,True,0,True,True,True,,,OVL003,CHECKED_OVERLAP,10.0,0.08333333333333333,PASS,
interrupted_2026-09-17_C041,interrupted_2026-09-17,,data/clips/interrupted_2026-09-17_C041.mp4,interrupted_2026-09-17_C041.mp4,40.627,1230be1827a071694aac68e5b770a500343938eeb425820a1750d421c736a613,4400.0,4520.0,120.0,30.0,3600,1920,1080,h264,ffprobe,True,0,True,True,True,,,OVL003,CHECKED_OVERLAP,10.0,0.08333333333333333,PASS,
interrupted_2026-09-17_C042,interrupted_2026-09-17,,data/clips/interrupted_2026-09-17_C042.mp4,interrupted_2026-09-17_C042.mp4,40.607,8d177de74ed430749fd5cca16e41554091e4c4c87218993b49aa25a0db691274,4510.0,4630.0,120.0,30.0,3600,1920,1080,h264,ffprobe,True,0,True,True,True,,,OVL003,CHECKED_OVERLAP,10.0,0.08333333333333333,PASS,
interrupted_2026-09-17_C043,interrupted_2026-09-17,,data/clips/interrupted_2026-09-17_C043.mp4,interrupted_2026-09-17_C043.mp4,39.948,f22490535205ee0d5a85d6962f475b4a464c422172995c1bdb134141b85dff37,4620.0,4740.0,120.0,30.0,3600,1920,1080,h264,ffprobe,True,0,True,True,True,,,OVL003,CHECKED_OVERLAP,10.0,0.08333333333333333,PASS,
interrupted_2026-09-17_C044,interrupted_2026-09-17,,data/clips/interrupted_2026-09-17_C044.mp4,interrupted_2026-09-17_C044.mp4,39.711,5757a2a7506162df43c463205f0f4aebb1d26eaa87d7b9d2c97ec614eeffcbd1,4730.0,4850.0,120.0,30.0,3600,1920,1080,h264,ffprobe,True,0,True,True,True,,,OVL003,CHECKED_OVERLAP,10.0,0.08333333333333333,PASS,
interrupted_2026-09-17_C045,interrupted_2026-09-17,,data/clips/interrupted_2026-09-17_C045.mp4,interrupted_2026-09-17_C045.mp4,43.274,6d75d303cf3956e6b41586918a2e30f2b013b6a8cc7d9faff0e772a61db6cbde,4840.0,4960.0,120.0,30.0,3600,1920,1080,h264,ffprobe,True,0,True,True,True,,,OVL003,CHECKED_OVERLAP,10.0,0.08333333333333333,PASS,
interrupted_2026-09-17_C046,interrupted_2026-09-17,,data/clips/interrupted_2026-09-17_C046.mp4,interrupted_2026-09-17_C046.mp4,40.581,b5a93720be7aa5539a153fed639c3a097b7490ceddcacc158dcdd935ef442234,4950.0,5070.0,120.0,30.0,3600,1920,1080,h264,ffprobe,True,0,True,True,True,,,OVL003,CHECKED_OVERLAP,10.0,0.08333333333333333,PASS,
interrupted_2026-09-17_C047,interrupted_2026-09-17,,data/clips/interrupted_2026-09-17_C047.mp4,interrupted_2026-09-17_C047.mp4,42.085,41664065ac64f9bf479b597ab169c9311079940a727c71f1312b658b15feb9fb,5060.0,5180.0,120.0,30.0,3600,1920,1080,h264,ffprobe,True,0,True,True,True,,,OVL003,CHECKED_OVERLAP,10.0,0.08333333333333333,PASS,
interrupted_2026-09-17_C048,interrupted_2026-09-17,,data/clips/interrupted_2026-09-17_C048.mp4,interrupted_2026-09-17_C048.mp4,41.692,e568c842b48dbc973afd93987e760d9b3afdba483ccb08cd0708825eb1242977,5170.0,5290.0,120.0,30.0,3600,1920,1080,h264,ffprobe,True,0,True,True,True,,,OVL003,CHECKED_OVERLAP,10.0,0.08333333333333333,PASS,
interrupted_2026-09-17_C049,interrupted_2026-09-17,,data/clips/interrupted_2026-09-17_C049.mp4,interrupted_2026-09-17_C049.mp4,38.212,b95f58f57fad66050d7b3301c69637868552cd039867391b3df2a24e16a9707e,5280.0,5400.0,120.0,30.0,3600,1920,1080,h264,ffprobe,True,0,True,True,True,,,OVL003,CHECKED_OVERLAP,10.0,0.08333333333333333,PASS,
interrupted_2026-09-17_C050,interrupted_2026-09-17,,data/clips/interrupted_2026-09-17_C050.mp4,interrupted_2026-09-17_C050.mp4,36.526,68b9bffc8510d70045230516e63a74cdef9c80b63d8284034797de5078480f6d,5390.0,5510.0,120.0,30.0,3600,1920,1080,h264,ffprobe,True,0,True,True,True,,,OVL003,CHECKED_OVERLAP,10.0,0.08333333333333333,PASS,
interrupted_2026-09-17_C051,interrupted_2026-09-17,,data/clips/interrupted_2026-09-17_C051.mp4,interrupted_2026-09-17_C051.mp4,31.984,0a5a7c7d8569f0ae31c53778236fe7e6e6e66fa225ed07a3ac6f0f21118a4b13,5500.0,5620.0,120.0,30.0,3600,1920,1080,h264,ffprobe,True,0,True,True,True,,,OVL003,CHECKED_OVERLAP,10.0,0.08333333333333333,PASS,
interrupted_2026-09-17_C052,interrupted_2026-09-17,,data/clips/interrupted_2026-09-17_C052.mp4,interrupted_2026-09-17_C052.mp4,31.185,2d1eee3ecf031c1c796c263a249a98436a518444fdebc72d6d14fceea44c9c3c,5610.0,5730.0,120.0,30.0,3600,1920,1080,h264,ffprobe,True,0,True,True,True,,,OVL003,CHECKED_OVERLAP,10.0,0.08333333333333333,PASS,
interrupted_2026-09-17_C053,interrupted_2026-09-17,,data/clips/interrupted_2026-09-17_C053.mp4,interrupted_2026-09-17_C053.mp4,28.826,7bfe428ac8186384da49c0d377ab417dde9587ee54e2af713699f2ef78ecd630,5720.0,5840.0,120.0,30.0,3600,1920,1080,h264,ffprobe,True,0,True,True,True,,,OVL003,CHECKED_OVERLAP,10.0,0.08333333333333333,PASS,
interrupted_2026-09-17_C054,interrupted_2026-09-17,,data/clips/interrupted_2026-09-17_C054.mp4,interrupted_2026-09-17_C054.mp4,25.196,d89213e8bd6474852bce3b28e1398dc022d0994ff138c48ea23d9d4d6afe7623,5830.0,5950.0,120.0,30.0,3600,1920,1080,h264,ffprobe,True,0,True,True,True,,,OVL003,CHECKED_OVERLAP,10.0,0.08333333333333333,PASS,
interrupted_2026-09-17_C055,interrupted_2026-09-17,,data/clips/interrupted_2026-09-17_C055.mp4,interrupted_2026-09-17_C055.mp4,33.408,e4de0cddc1a395d499baa97f281c575ce63ecacd09ac118c8653a8f7846d6a35,5940.0,6060.0,120.0,30.0,3600,1920,1080,h264,ffprobe,True,0,True,True,True,,,OVL003,CHECKED_OVERLAP,10.0,0.08333333333333333,PASS,
interrupted_2026-09-17_C056,interrupted_2026-09-17,,data/clips/interrupted_2026-09-17_C056.mp4,interrupted_2026-09-17_C056.mp4,37.116,767092eef4102344531502247044c63fa719de6e974247329e69551c64c09484,6050.0,6170.0,120.0,30.0,3600,1920,1080,h264,ffprobe,True,0,True,True,True,,,OVL003,CHECKED_OVERLAP,10.0,0.08333333333333333,PASS,
interrupted_2026-09-17_C057,interrupted_2026-09-17,,data/clips/interrupted_2026-09-17_C057.mp4,interrupted_2026-09-17_C057.mp4,38.714,2cfcff3b97e6de729c70d3b6d0ec5d3b4ae863863806b918673f7db33d25737a,6160.0,6280.0,120.0,30.0,3600,1920,1080,h264,ffprobe,True,0,True,True,True,,,OVL003,CHECKED_OVERLAP,10.0,0.08333333333333333,PASS,
interrupted_2026-09-17_C058,interrupted_2026-09-17,,data/clips/interrupted_2026-09-17_C058.mp4,interrupted_2026-09-17_C058.mp4,35.723,68037687286a26853400f6fb44207a0a6a6a6e82cb0af549052f2f96656d9df2,6270.0,6390.0,120.0,30.0,3600,1920,1080,h264,ffprobe,True,0,True,True,True,,,OVL003,CHECKED_OVERLAP,10.0,0.08333333333333333,PASS,
interrupted_2026-09-17_C059,interrupted_2026-09-17,,data/clips/interrupted_2026-09-17_C059.mp4,interrupted_2026-09-17_C059.mp4,42.429,302136d92de43a5a807c16736fad74db370b372b51738f76269f8237fdebe8b5,6380.0,6500.0,120.0,30.0,3600,1920,1080,h264,ffprobe,True,0,True,True,True,,,OVL003,CHECKED_OVERLAP,10.0,0.08333333333333333,PASS,
interrupted_2026-09-17_C060,interrupted_2026-09-17,,data/clips/interrupted_2026-09-17_C060.mp4,interrupted_2026-09-17_C060.mp4,42.067,e66c61a134e2ed6f13d55b600da64e727a9a5197c2c3bc3014bc28c45dea91b9,6490.0,6610.0,120.0,30.0,3600,1920,1080,h264,ffprobe,True,0,True,True,True,,,OVL003,CHECKED_OVERLAP,10.0,0.08333333333333333,PASS,
interrupted_2026-09-17_C061,interrupted_2026-09-17,,data/clips/interrupted_2026-09-17_C061.mp4,interrupted_2026-09-17_C061.mp4,40.4,91666cfedcb7244533226eafee84d929803617efc78bbb039331379b6b8108b8,6600.0,6720.0,120.0,30.0,3600,1920,1080,h264,ffprobe,True,0,True,True,True,,,OVL003,CHECKED_OVERLAP,10.0,0.08333333333333333,PASS,
interrupted_2026-09-17_C062,interrupted_2026-09-17,,data/clips/interrupted_2026-09-17_C062.mp4,interrupted_2026-09-17_C062.mp4,39.67,f564962a2f79bee62ee1e5136be0c3cb92068ed7badd02bc2123980cf23cbcbc,6710.0,6830.0,120.0,30.0,3600,1920,1080,h264,ffprobe,True,0,True,True,True,,,OVL003,CHECKED_OVERLAP,10.0,0.08333333333333333,PASS,
interrupted_2026-09-17_C063,interrupted_2026-09-17,,data/clips/interrupted_2026-09-17_C063.mp4,interrupted_2026-09-17_C063.mp4,38.192,8f33467db0e15fb0512be19d29cf1745fab23e1cda854b2db7be3d571877e962,6820.0,6940.0,120.0,30.0,3600,1920,1080,h264,ffprobe,True,0,True,True,True,,,OVL003,CHECKED_OVERLAP,10.0,0.08333333333333333,PASS,
interrupted_2026-09-17_C064,interrupted_2026-09-17,,data/clips/interrupted_2026-09-17_C064.mp4,interrupted_2026-09-17_C064.mp4,33.791,70ff60b7ea45f912e4ca68b6602648d7fa446eafde15b4926678d0a09007402c,6930.0,7050.0,120.0,30.0,3600,1920,1080,h264,ffprobe,True,0,True,True,True,,,OVL003,CHECKED_OVERLAP,10.0,0.08333333333333333,PASS,
interrupted_2026-09-17_C065,interrupted_2026-09-17,,data/clips/interrupted_2026-09-17_C065.mp4,interrupted_2026-09-17_C065.mp4,28.72,70111421f29b26db0b93f58b10a30d9d69245409c85a934a8a0d5f2b73df497e,7040.0,7160.0,120.0,30.0,3600,1920,1080,h264,ffprobe,True,0,True,True,True,,,OVL003,CHECKED_OVERLAP,10.0,0.08333333333333333,PASS,
interrupted_2026-09-17_C066,interrupted_2026-09-17,,data/clips/interrupted_2026-09-17_C066.mp4,interrupted_2026-09-17_C066.mp4,33.56,5d11ed726e4b86174ab043dfafaf582a7b92ba60ab8ebfea97cbb41c9d156495,7150.0,7270.0,120.0,30.0,3600,1920,1080,h264,ffprobe,True,0,True,True,True,,,OVL003,CHECKED_OVERLAP,10.0,0.08333333333333333,PASS,
interrupted_2026-09-17_C067,interrupted_2026-09-17,,data/clips/interrupted_2026-09-17_C067.mp4,interrupted_2026-09-17_C067.mp4,28.912,f946c24322ccfe64ef328fa46ed82aac54cd8902ea3311005a43d0703cc44138,7260.0,7380.0,120.0,30.0,3600,1920,1080,h264,ffprobe,True,0,True,True,True,,,OVL003,CHECKED_OVERLAP,10.0,0.08333333333333333,PASS,
interrupted_2026-09-17_C068,interrupted_2026-09-17,,data/clips/interrupted_2026-09-17_C068.mp4,interrupted_2026-09-17_C068.mp4,29.43,9fbf5a46c07e4b2bb4806e02ee221a5214ae9d8a3ed9f62c9814d166cb2bf035,7370.0,7490.0,120.0,30.0,3600,1920,1080,h264,ffprobe,True,0,True,True,True,,,OVL003,CHECKED_OVERLAP,10.0,0.08333333333333333,PASS,
interrupted_2026-09-17_C069,interrupted_2026-09-17,,data/clips/interrupted_2026-09-17_C069.mp4,interrupted_2026-09-17_C069.mp4,30.54,df5da5b56b833870952dc45a9622942c33b939053cacf2726acff873dcf8af8c,7480.0,7600.0,120.0,30.0,3600,1920,1080,h264,ffprobe,True,0,True,True,True,,,OVL003,CHECKED_OVERLAP,10.0,0.08333333333333333,PASS,
interrupted_2026-09-17_C070,interrupted_2026-09-17,,data/clips/interrupted_2026-09-17_C070.mp4,interrupted_2026-09-17_C070.mp4,29.542,f55858d087c537b5c77ce04331f148670ce4c2fdde4850af4dbeac5c66f409d2,7590.0,7710.0,120.0,30.0,3600,1920,1080,h264,ffprobe,True,0,True,True,True,,,OVL003,CHECKED_OVERLAP,10.0,0.08333333333333333,PASS,
interrupted_2026-09-17_C071,interrupted_2026-09-17,,data/clips/interrupted_2026-09-17_C071.mp4,interrupted_2026-09-17_C071.mp4,29.657,710de1c19da10e673d52dda3f923541ade0f9072e0ab9a107bb299ff7506b9fa,7700.0,7820.0,120.0,30.0,3600,1920,1080,h264,ffprobe,True,0,True,True,True,,,OVL003,CHECKED_OVERLAP,10.0,0.08333333333333333,PASS,
interrupted_2026-09-17_C072,interrupted_2026-09-17,,data/clips/interrupted_2026-09-17_C072.mp4,interrupted_2026-09-17_C072.mp4,28.434,8cee614e0f7f420914a659246c4c8ca6c5437f0e09a4c2a70becf443a8480d2e,7810.0,7930.0,120.0,30.0,3600,1920,1080,h264,ffprobe,True,0,True,True,True,,,OVL003,CHECKED_OVERLAP,10.0,0.08333333333333333,PASS,
interrupted_2026-09-17_C073,interrupted_2026-09-17,,data/clips/interrupted_2026-09-17_C073.mp4,interrupted_2026-09-17_C073.mp4,29.464,4b8daff83df5f3fa6d24b2bf35903dadc5b881c99513a41d0fe4562455771da2,7920.0,8040.0,120.0,30.0,3600,1920,1080,h264,ffprobe,True,0,True,True,True,,,OVL003,CHECKED_OVERLAP,10.0,0.08333333333333333,PASS,
interrupted_2026-09-17_C074,interrupted_2026-09-17,,data/clips/interrupted_2026-09-17_C074.mp4,interrupted_2026-09-17_C074.mp4,35.736,1ad7bcfe43be7812115d741fb813eb3c29628a4a75a9e2e99a1386a0ef2b0943,8030.0,8150.0,120.0,30.0,3600,1920,1080,h264,ffprobe,True,0,True,True,True,,,OVL003,CHECKED_OVERLAP,10.0,0.08333333333333333,PASS,
interrupted_2026-09-17_C075,interrupted_2026-09-17,,data/clips/interrupted_2026-09-17_C075.mp4,interrupted_2026-09-17_C075.mp4,30.282,e6cb79a1846afdf3669fcabcf83faf6bf4da0fd85f02e22130f18b75ed0959ca,8140.0,8260.0,120.0,30.0,3600,1920,1080,h264,ffprobe,True,0,True,True,True,,,OVL003,CHECKED_OVERLAP,10.0,0.08333333333333333,PASS,
interrupted_2026-09-17_C076,interrupted_2026-09-17,,data/clips/interrupted_2026-09-17_C076.mp4,interrupted_2026-09-17_C076.mp4,36.988,37d72800585f5a6f49a7f1b2d0305dab20ece3e2c5d5a4f0cfdb9d459b85f3ed,8250.0,8370.0,120.0,30.0,3600,1920,1080,h264,ffprobe,True,0,True,True,True,,,OVL003,CHECKED_OVERLAP,10.0,0.08333333333333333,PASS,
interrupted_2026-09-17_C077,interrupted_2026-09-17,,data/clips/interrupted_2026-09-17_C077.mp4,interrupted_2026-09-17_C077.mp4,35.323,e4a7326d2d696a9c2406cf8f4080e77759f2a5247f90d53ddb7ea40ac070a836,8360.0,8480.0,120.0,30.0,3600,1920,1080,h264,ffprobe,True,0,True,True,True,,,OVL003,CHECKED_OVERLAP,10.0,0.08333333333333333,PASS,
interrupted_2026-09-17_C078,interrupted_2026-09-17,,data/clips/interrupted_2026-09-17_C078.mp4,interrupted_2026-09-17_C078.mp4,31.352,fba97905a52d31277c6ebe98fa094aa1ca47d54429ae4b8a91616169ae84dea3,8470.0,8590.0,120.0,30.0,3600,1920,1080,h264,ffprobe,True,0,True,True,True,,,OVL003,CHECKED_OVERLAP,10.0,0.08333333333333333,PASS,
interrupted_2026-09-17_C079,interrupted_2026-09-17,,data/clips/interrupted_2026-09-17_C079.mp4,interrupted_2026-09-17_C079.mp4,27.933,053ae834dc3da6cfbf260db845c353cc65f507355bba2d16b262f96dd4c5e1bd,8580.0,8700.0,120.0,30.0,3600,1920,1080,h264,ffprobe,True,0,True,True,True,,,OVL003,CHECKED_OVERLAP,10.0,0.08333333333333333,PASS,
interrupted_2026-09-17_C080,interrupted_2026-09-17,,data/clips/interrupted_2026-09-17_C080.mp4,interrupted_2026-09-17_C080.mp4,33.984,f4df7c1c4754aadee256a08a602b3c2085898b38c4e9650a382913047c9f93d0,8690.0,8810.0,120.0,30.0,3600,1920,1080,h264,ffprobe,True,0,True,True,True,,,OVL003,CHECKED_OVERLAP,10.0,0.08333333333333333,PASS,
interrupted_2026-09-17_C081,interrupted_2026-09-17,,data/clips/interrupted_2026-09-17_C081.mp4,interrupted_2026-09-17_C081.mp4,32.827,8f6ad011de795c303170ce36aacd7dc0f0bc9fc01dff31467fecca4ef7e9a353,8800.0,8920.0,120.0,30.0,3600,1920,1080,h264,ffprobe,True,0,True,True,True,,,OVL003,CHECKED_OVERLAP,10.0,0.08333333333333333,PASS,
interrupted_2026-09-17_C082,interrupted_2026-09-17,,data/clips/interrupted_2026-09-17_C082.mp4,interrupted_2026-09-17_C082.mp4,35.904,9cb0a3e5d7bd17b00910c3a2f05cbcbf865357ff6fc2544e9032c601365f3601,8910.0,9030.0,120.0,30.0,3600,1920,1080,h264,ffprobe,True,0,True,True,True,,,OVL003,CHECKED_OVERLAP,10.0,0.08333333333333333,PASS,
interrupted_2026-09-17_C083,interrupted_2026-09-17,,data/clips/interrupted_2026-09-17_C083.mp4,interrupted_2026-09-17_C083.mp4,31.09,e7bd5751d63d04e967878bdfef95f43ed435d1bedc9f52b2396470c6b7662ef7,9020.0,9140.0,120.0,30.0,3600,1920,1080,h264,ffprobe,True,0,True,True,True,,,OVL003,CHECKED_OVERLAP,10.0,0.08333333333333333,PASS,
interrupted_2026-09-17_C084,interrupted_2026-09-17,,data/clips/interrupted_2026-09-17_C084.mp4,interrupted_2026-09-17_C084.mp4,33.672,66ed59340a547e894c5130659593a5a55194f15d3d2f230601d2a3ec581bbc53,9130.0,9250.0,120.0,30.0,3600,1920,1080,h264,ffprobe,True,0,True,True,True,,,OVL003,CHECKED_OVERLAP,10.0,0.08333333333333333,PASS,
interrupted_2026-09-17_C085,interrupted_2026-09-17,,data/clips/interrupted_2026-09-17_C085.mp4,interrupted_2026-09-17_C085.mp4,35.154,b656aa09ad67e88fa7785b7e884d46ce8a39a8636aadbe01f7d693abd6e60630,9240.0,9360.0,120.0,30.0,3600,1920,1080,h264,ffprobe,True,0,True,True,True,,,OVL003,CHECKED_OVERLAP,10.0,0.08333333333333333,PASS,
interrupted_2026-09-17_C086,interrupted_2026-09-17,,data/clips/interrupted_2026-09-17_C086.mp4,interrupted_2026-09-17_C086.mp4,28.345,7ab880b77581cd002b41e03621b466093d7293b510d9209870c8bd754558992c,9350.0,9470.0,120.0,30.0,3600,1920,1080,h264,ffprobe,True,0,True,True,True,,,OVL003,CHECKED_OVERLAP,10.0,0.08333333333333333,PASS,
interrupted_2026-09-17_C087,interrupted_2026-09-17,,data/clips/interrupted_2026-09-17_C087.mp4,interrupted_2026-09-17_C087.mp4,31.035,e36d86b7841e61342d5cfff3324f2e113755f6d45022b78d28f1fc1ca8a7f0e5,9460.0,9580.0,120.0,30.0,3600,1920,1080,h264,ffprobe,True,0,True,True,True,,,OVL003,CHECKED_OVERLAP,10.0,0.08333333333333333,PASS,
interrupted_2026-09-17_C088,interrupted_2026-09-17,,data/clips/interrupted_2026-09-17_C088.mp4,interrupted_2026-09-17_C088.mp4,30.07,051b73c31157d5584b84bb7994a35d3af3a1e64a52379ed7d4a80ea83e933393,9570.0,9690.0,120.0,30.0,3600,1920,1080,h264,ffprobe,True,0,True,True,True,,,OVL003,CHECKED_OVERLAP,10.0,0.08333333333333333,PASS,
interrupted_2026-09-17_C089,interrupted_2026-09-17,,data/clips/interrupted_2026-09-17_C089.mp4,interrupted_2026-09-17_C089.mp4,29.442,ad6246c9fd051f131a7baf1d7457983cf73e2e2d513ecdb70b9bb9b7db31835d,9680.0,9800.0,120.0,30.0,3600,1920,1080,h264,ffprobe,True,0,True,True,True,,,OVL003,CHECKED_OVERLAP,10.0,0.08333333333333333,PASS,
interrupted_2026-09-17_C090,interrupted_2026-09-17,,data/clips/interrupted_2026-09-17_C090.mp4,interrupted_2026-09-17_C090.mp4,28.884,da23b689796d8967ef33df1024d6ed929e005726226d0aa4e5813ff318eff93e,9790.0,9910.0,120.0,30.0,3600,1920,1080,h264,ffprobe,True,0,True,True,True,,,OVL003,CHECKED_OVERLAP,10.0,0.08333333333333333,PASS,
interrupted_2026-09-17_C091,interrupted_2026-09-17,,data/clips/interrupted_2026-09-17_C091.mp4,interrupted_2026-09-17_C091.mp4,28.595,99fdd5ab4727b86ac48f0cf908c7fe11f3dc4dceb8ab99a17b4ab29f89446487,9900.0,10020.0,120.0,30.0,3600,1920,1080,h264,ffprobe,True,0,True,True,True,,,OVL003,CHECKED_OVERLAP,10.0,0.08333333333333333,PASS,
interrupted_2026-09-17_C092,interrupted_2026-09-17,,data/clips/interrupted_2026-09-17_C092.mp4,interrupted_2026-09-17_C092.mp4,33.525,ef645f55aeba1a00b4fecffcf74068c13ae7b70f44c3543d3dd2ef617907b12c,10010.0,10130.0,120.0,30.0,3600,1920,1080,h264,ffprobe,True,0,True,True,True,,,OVL003,CHECKED_OVERLAP,10.0,0.08333333333333333,PASS,
interrupted_2026-09-17_C093,interrupted_2026-09-17,,data/clips/interrupted_2026-09-17_C093.mp4,interrupted_2026-09-17_C093.mp4,40.828,3f1813d07d110977da4878f1db34283856863c13f2f581e96f97d9e70db536de,10120.0,10240.0,120.0,30.0,3600,1920,1080,h264,ffprobe,True,0,True,True,True,,,OVL003,CHECKED_OVERLAP,10.0,0.08333333333333333,PASS,
interrupted_2026-09-17_C094,interrupted_2026-09-17,,data/clips/interrupted_2026-09-17_C094.mp4,interrupted_2026-09-17_C094.mp4,32.841,96451df38801508b8e4e4e609be66cf49085d8e0570d16c146cdd21617a5b87f,10230.0,10350.0,120.0,30.0,3600,1920,1080,h264,ffprobe,True,0,True,True,True,,,OVL003,CHECKED_OVERLAP,10.0,0.08333333333333333,PASS,
interrupted_2026-09-17_C095,interrupted_2026-09-17,,data/clips/interrupted_2026-09-17_C095.mp4,interrupted_2026-09-17_C095.mp4,33.066,d964e9540bf6dbc989e814f1dbe13bdf6bae857afe3cc5ee1b3e324511d93338,10340.0,10460.0,120.0,30.0,3600,1920,1080,h264,ffprobe,True,0,True,True,True,,,OVL003,CHECKED_OVERLAP,10.0,0.08333333333333333,PASS,
interrupted_2026-09-17_C096,interrupted_2026-09-17,,data/clips/interrupted_2026-09-17_C096.mp4,interrupted_2026-09-17_C096.mp4,30.355,f9801b8601a71e0c8128e06743f65c92c8e2aa5a99aac7bc620c37ddeeabf582,10450.0,10570.0,120.0,30.0,3600,1920,1080,h264,ffprobe,True,0,True,True,True,,,OVL003,CHECKED_OVERLAP,10.0,0.08333333333333333,PASS,
interrupted_2026-09-17_C097,interrupted_2026-09-17,,data/clips/interrupted_2026-09-17_C097.mp4,interrupted_2026-09-17_C097.mp4,30.362,995bda5d3de1f43e5632344417745dcf089066f56cb6bb10c6f26beeccb8a3a2,10560.0,10680.0,120.0,30.0,3600,1920,1080,h264,ffprobe,True,0,True,True,True,,,OVL003,CHECKED_OVERLAP,10.0,0.08333333333333333,PASS,
interrupted_2026-09-17_C098,interrupted_2026-09-17,,data/clips/interrupted_2026-09-17_C098.mp4,interrupted_2026-09-17_C098.mp4,31.668,f5408639212706b6bab6fb5352f3bbe71fbc81906483a7e7f0a3667f2935034d,10670.0,10790.0,120.0,30.0,3600,1920,1080,h264,ffprobe,True,0,True,True,True,,,OVL003,CHECKED_OVERLAP,10.0,0.08333333333333333,PASS,
interrupted_2026-09-17_C099,interrupted_2026-09-17,,data/clips/interrupted_2026-09-17_C099.mp4,interrupted_2026-09-17_C099.mp4,30.849,3ba9d92daa5ec1e927db34eebf33e71849cd4eae3fe92c72952a1f7e8ab514a7,10780.0,10900.0,120.0,30.0,3600,1920,1080,h264,ffprobe,True,0,True,True,True,,,OVL003,CHECKED_OVERLAP,10.0,0.08333333333333333,PASS,
interrupted_2026-09-17_C100,interrupted_2026-09-17,,data/clips/interrupted_2026-09-17_C100.mp4,interrupted_2026-09-17_C100.mp4,30.739,795160e80ac068ef5161ad9a8f822b7817b2017d1d851c9c4b49a2e416bdb867,10890.0,11010.0,120.0,30.0,3600,1920,1080,h264,ffprobe,True,0,True,True,True,,,OVL003,CHECKED_OVERLAP,10.0,0.08333333333333333,PASS,
interrupted_2026-09-17_C101,interrupted_2026-09-17,,data/clips/interrupted_2026-09-17_C101.mp4,interrupted_2026-09-17_C101.mp4,33.052,68fef15de32bb97eb2a2a87b736096cfc1c988ee2abb3a04a196e772d96f0449,11000.0,11120.0,120.0,30.0,3600,1920,1080,h264,ffprobe,True,0,True,True,True,,,OVL003,CHECKED_OVERLAP,10.0,0.08333333333333333,PASS,
interrupted_2026-09-17_C102,interrupted_2026-09-17,,data/clips/interrupted_2026-09-17_C102.mp4,interrupted_2026-09-17_C102.mp4,36.296,6916a65d054248f90d1f06971433e27b76ae0faa54a9e70f24c318393ea369f1,11110.0,11230.0,120.0,30.0,3600,1920,1080,h264,ffprobe,True,0,True,True,True,,,OVL003,CHECKED_OVERLAP,10.0,0.08333333333333333,PASS,
interrupted_2026-09-17_C103,interrupted_2026-09-17,,data/clips/interrupted_2026-09-17_C103.mp4,interrupted_2026-09-17_C103.mp4,31.393,34cf26a694823ec5843a684cdd8fdd00b438e3eced5177029e55c4745fcd7f00,11220.0,11340.0,120.0,30.0,3600,1920,1080,h264,ffprobe,True,0,True,True,True,,,OVL003,CHECKED_OVERLAP,10.0,0.08333333333333333,PASS,
interrupted_2026-09-17_C104,interrupted_2026-09-17,,data/clips/interrupted_2026-09-17_C104.mp4,interrupted_2026-09-17_C104.mp4,32.293,3c04a429beac3c377ffe7b3b302c780158755e64d868b5331fba2b4a3295c0ce,11330.0,11450.0,120.0,30.0,3600,1920,1080,h264,ffprobe,True,0,True,True,True,,,OVL003,CHECKED_OVERLAP,10.0,0.08333333333333333,PASS,
interrupted_2026-09-17_C105,interrupted_2026-09-17,,data/clips/interrupted_2026-09-17_C105.mp4,interrupted_2026-09-17_C105.mp4,32.226,b88ddcbb12fa444f295395e111d27e40f90612f18a964fb55a68497f81a7fedc,11440.0,11560.0,120.0,30.0,3600,1920,1080,h264,ffprobe,True,0,True,True,True,,,OVL003,CHECKED_OVERLAP,10.0,0.08333333333333333,PASS,
interrupted_2026-09-17_C106,interrupted_2026-09-17,,data/clips/interrupted_2026-09-17_C106.mp4,interrupted_2026-09-17_C106.mp4,29.837,80f0e9037acc37ac240984aaa230a27eae4c9d914b602ccc2616aee1e03ce5d1,11550.0,11670.0,120.0,30.0,3600,1920,1080,h264,ffprobe,True,0,True,True,True,,,OVL003,CHECKED_OVERLAP,10.0,0.08333333333333333,PASS,
interrupted_2026-09-17_C107,interrupted_2026-09-17,,data/clips/interrupted_2026-09-17_C107.mp4,interrupted_2026-09-17_C107.mp4,30.39,c8476cc68f96c33fd5736d33b2f3066c9032c117862f3aa6ff6ce2595b24438c,11660.0,11780.0,120.0,30.0,3600,1920,1080,h264,ffprobe,True,0,True,True,True,,,OVL003,CHECKED_OVERLAP,10.0,0.08333333333333333,PASS,
interrupted_2026-09-17_C108,interrupted_2026-09-17,,data/clips/interrupted_2026-09-17_C108.mp4,interrupted_2026-09-17_C108.mp4,33.689,dac293d5f358292c1f89af1a410f72e90df64cea5166841df2d50525f71b3f17,11770.0,11890.0,120.0,30.0,3600,1920,1080,h264,ffprobe,True,0,True,True,True,,,OVL003,CHECKED_OVERLAP,10.0,0.08333333333333333,PASS,
interrupted_2026-09-17_C109,interrupted_2026-09-17,,data/clips/interrupted_2026-09-17_C109.mp4,interrupted_2026-09-17_C109.mp4,33.465,c365ad6803dfa83d7f89a59b442e9936463f436ad4c932b4035061de1a38baf8,11880.0,12000.0,120.0,30.0,3600,1920,1080,h264,ffprobe,True,0,True,True,True,,,OVL003,CHECKED_OVERLAP,10.0,0.08333333333333333,PASS,
interrupted_2026-09-17_C110,interrupted_2026-09-17,,data/clips/interrupted_2026-09-17_C110.mp4,interrupted_2026-09-17_C110.mp4,29.628,5462c89f2aa619249f69ca6ace22e52a731dabf9cdee41d00fb65dd1d3393a30,11990.0,12110.0,120.0,30.0,3600,1920,1080,h264,ffprobe,True,0,True,True,True,,,OVL003,CHECKED_OVERLAP,10.0,0.08333333333333333,PASS,
interrupted_2026-09-17_C111,interrupted_2026-09-17,,data/clips/interrupted_2026-09-17_C111.mp4,interrupted_2026-09-17_C111.mp4,28.76,10d9a075ca4f63cc20d29c282d39ee1214f2fcef0cf450a87c8a9af8d16544f2,12100.0,12220.0,120.0,30.0,3600,1920,1080,h264,ffprobe,True,0,True,True,True,,,OVL003,CHECKED_OVERLAP,10.0,0.08333333333333333,PASS,
interrupted_2026-09-17_C112,interrupted_2026-09-17,,data/clips/interrupted_2026-09-17_C112.mp4,interrupted_2026-09-17_C112.mp4,33.055,7ffff42ca4fa114a248dacab605dae12c33697acc1a13e8207c245e47602e0be,12210.0,12330.0,120.0,30.0,3600,1920,1080,h264,ffprobe,True,0,True,True,True,,,OVL003,CHECKED_OVERLAP,10.0,0.08333333333333333,PASS,
interrupted_2026-09-17_C113,interrupted_2026-09-17,,data/clips/interrupted_2026-09-17_C113.mp4,interrupted_2026-09-17_C113.mp4,35.182,4e9317fbe5d5c0c4ec54595d976ebefe81b5394c65af3986cb4adecff08f7f54,12320.0,12440.0,120.0,30.0,3600,1920,1080,h264,ffprobe,True,0,True,True,True,,,OVL003,CHECKED_OVERLAP,10.0,0.08333333333333333,PASS,
interrupted_2026-09-17_C114,interrupted_2026-09-17,,data/clips/interrupted_2026-09-17_C114.mp4,interrupted_2026-09-17_C114.mp4,32.985,88ff0966c0d2c1688d278fec32195b76823557b3c066b1b975117943bde7da68,12430.0,12550.0,120.0,30.0,3600,1920,1080,h264,ffprobe,True,0,True,True,True,,,OVL003,CHECKED_OVERLAP,10.0,0.08333333333333333,PASS,
interrupted_2026-09-17_C115,interrupted_2026-09-17,,data/clips/interrupted_2026-09-17_C115.mp4,interrupted_2026-09-17_C115.mp4,33.695,a7ed324d8e969dcc2500a81ed29c9c8ceb5b4196f0772e28140b38c4f6366382,12540.0,12660.0,120.0,30.0,3600,1920,1080,h264,ffprobe,True,0,True,True,True,,,OVL003,CHECKED_OVERLAP,10.0,0.08333333333333333,PASS,
interrupted_2026-09-17_C116,interrupted_2026-09-17,,data/clips/interrupted_2026-09-17_C116.mp4,interrupted_2026-09-17_C116.mp4,31.284,f680be4922ac073672af75f7b60d4b360483f11272933cc73875ff7cb26d4958,12650.0,12770.0,120.0,30.0,3600,1920,1080,h264,ffprobe,True,0,True,True,True,,,OVL003,CHECKED_OVERLAP,10.0,0.08333333333333333,PASS,
interrupted_2026-09-17_C117,interrupted_2026-09-17,,data/clips/interrupted_2026-09-17_C117.mp4,interrupted_2026-09-17_C117.mp4,33.827,8ea7b508e7dfd510ee8da2dd18bc158ae6787ef75d48e896bfbb198f7ac9bd9f,12760.0,12880.0,120.0,30.0,3600,1920,1080,h264,ffprobe,True,0,True,True,True,,,OVL003,CHECKED_OVERLAP,10.0,0.08333333333333333,PASS,
interrupted_2026-09-17_C118,interrupted_2026-09-17,,data/clips/interrupted_2026-09-17_C118.mp4,interrupted_2026-09-17_C118.mp4,27.99,9701c8173b67ac26cc83fb25fca13d3a125bc84c37e53b9276b89b5cf4cdf2a7,12870.0,12990.0,120.0,30.0,3600,1920,1080,h264,ffprobe,True,0,True,True,True,,,OVL003,CHECKED_OVERLAP,10.0,0.08333333333333333,PASS,
interrupted_2026-09-17_C119,interrupted_2026-09-17,,data/clips/interrupted_2026-09-17_C119.mp4,interrupted_2026-09-17_C119.mp4,29.649,1d3ffa4f9bc3db84f14fcfbd65983828b74eb85932d0a0f61c2148a72ecc62a0,12980.0,13100.0,120.0,30.0,3600,1920,1080,h264,ffprobe,True,0,True,True,True,,,OVL003,CHECKED_OVERLAP,10.0,0.08333333333333333,PASS,
interrupted_2026-09-17_C120,interrupted_2026-09-17,,data/clips/interrupted_2026-09-17_C120.mp4,interrupted_2026-09-17_C120.mp4,29.626,e5d0c4e559eccb79c47e19ec53f198251dfef8911d57e3059c2cb2bf5d7874be,13090.0,13210.0,120.0,30.0,3600,1920,1080,h264,ffprobe,True,0,True,True,True,,,OVL003,CHECKED_OVERLAP,10.0,0.08333333333333333,PASS,
interrupted_2026-09-17_C121,interrupted_2026-09-17,,data/clips/interrupted_2026-09-17_C121.mp4,interrupted_2026-09-17_C121.mp4,28.484,abc30851e7e1e11f7d7f08e38b298e5b8a43416817d721befc4cb99c05f8247d,13200.0,13320.0,120.0,30.0,3600,1920,1080,h264,ffprobe,True,0,True,True,True,,,OVL003,CHECKED_OVERLAP,10.0,0.08333333333333333,PASS,
interrupted_2026-09-17_C122,interrupted_2026-09-17,,data/clips/interrupted_2026-09-17_C122.mp4,interrupted_2026-09-17_C122.mp4,31.233,e7846ff0c904174eb165a145c98b925ce50bc381e2f32043a9b7742709bfefaa,13310.0,13430.0,120.0,30.0,3600,1920,1080,h264,ffprobe,True,0,True,True,True,,,OVL003,CHECKED_OVERLAP,10.0,0.08333333333333333,PASS,
interrupted_2026-09-17_C123,interrupted_2026-09-17,,data/clips/interrupted_2026-09-17_C123.mp4,interrupted_2026-09-17_C123.mp4,32.167,4d032dda3db4855ec58301efa8280b7628a7b1d5d512c4bfa86e16b73b93009e,13420.0,13540.0,120.0,30.0,3600,1920,1080,h264,ffprobe,True,0,True,True,True,,,OVL003,CHECKED_OVERLAP,10.0,0.08333333333333333,PASS,
interrupted_2026-09-17_C124,interrupted_2026-09-17,,data/clips/interrupted_2026-09-17_C124.mp4,interrupted_2026-09-17_C124.mp4,27.687,4ee3a4c8c54df11bb607d65cdff5d44fc05cbe0788ac7ce16e86c4baff15ed30,13530.0,13650.0,120.0,30.0,3600,1920,1080,h264,ffprobe,True,0,True,True,True,,,OVL003,CHECKED_OVERLAP,10.0,0.08333333333333333,PASS,
interrupted_2026-09-17_C125,interrupted_2026-09-17,,data/clips/interrupted_2026-09-17_C125.mp4,interrupted_2026-09-17_C125.mp4,31.669,0e9adeef03338299aebcc745136e4d61dcbe767648306af4c038470a7e0ea510,13640.0,13760.0,120.0,30.0,3600,1920,1080,h264,ffprobe,True,0,True,True,True,,,OVL003,CHECKED_OVERLAP,10.0,0.08333333333333333,PASS,
interrupted_2026-09-17_C126,interrupted_2026-09-17,,data/clips/interrupted_2026-09-17_C126.mp4,interrupted_2026-09-17_C126.mp4,32.057,88b811b8a631bc066b04a645bb2f61249fdfd9a24b5429bc626ac0a39930a5bb,13750.0,13870.0,120.0,30.0,3600,1920,1080,h264,ffprobe,True,0,True,True,True,,,OVL003,CHECKED_OVERLAP,10.0,0.08333333333333333,PASS,
interrupted_2026-09-17_C127,interrupted_2026-09-17,,data/clips/interrupted_2026-09-17_C127.mp4,interrupted_2026-09-17_C127.mp4,34.073,11695143749d9f4d132144af6abca86c1854773eb333f1f716728506702c2c5a,13860.0,13980.0,120.0,30.0,3600,1920,1080,h264,ffprobe,True,0,True,True,True,,,OVL003,CHECKED_OVERLAP,10.0,0.08333333333333333,PASS,
interrupted_2026-09-17_C128,interrupted_2026-09-17,,data/clips/interrupted_2026-09-17_C128.mp4,interrupted_2026-09-17_C128.mp4,35.484,d2e0d80ace252f676ffa177ce1cf6f3919ef18761229387c0f259238d48027b1,13970.0,14090.0,120.0,30.0,3600,1920,1080,h264,ffprobe,True,0,True,True,True,,,OVL003,CHECKED_OVERLAP,10.0,0.08333333333333333,PASS,
interrupted_2026-09-17_C129,interrupted_2026-09-17,,data/clips/interrupted_2026-09-17_C129.mp4,interrupted_2026-09-17_C129.mp4,36.63,8f0fbcf41d3589a02caa06d9b696c2c435487ae48205e566f1d846b641d0e1b5,14080.0,14200.0,120.0,30.0,3600,1920,1080,h264,ffprobe,True,0,True,True,True,,,OVL003,CHECKED_OVERLAP,10.0,0.08333333333333333,PASS,
interrupted_2026-09-17_C130,interrupted_2026-09-17,,data/clips/interrupted_2026-09-17_C130.mp4,interrupted_2026-09-17_C130.mp4,30.186,319b68920f9309c8ccc86e1798d12ac07119401ae5e6298f4a1124bed4641b63,14190.0,14310.0,120.0,30.0,3600,1920,1080,h264,ffprobe,True,0,True,True,True,,,OVL003,CHECKED_OVERLAP,10.0,0.08333333333333333,PASS,
interrupted_2026-09-17_C131,interrupted_2026-09-17,,data/clips/interrupted_2026-09-17_C131.mp4,interrupted_2026-09-17_C131.mp4,28.11,59a67439af1dbc80b64cdc86b88330b452de44c61107abb3676c169d9248b2af,14300.0,14420.0,120.0,30.0,3600,1920,1080,h264,ffprobe,True,0,True,True,True,,,OVL003,CHECKED_OVERLAP,10.0,0.08333333333333333,PASS,
interrupted_2026-09-17_C132,interrupted_2026-09-17,,data/clips/interrupted_2026-09-17_C132.mp4,interrupted_2026-09-17_C132.mp4,33.138,d9af26de20efb082643fac455034b45b06dca26c617c430719221d2888029cdc,14410.0,14530.0,120.0,30.0,3600,1920,1080,h264,ffprobe,True,0,True,True,True,,,OVL003,CHECKED_OVERLAP,10.0,0.08333333333333333,PASS,
interrupted_2026-09-17_C133,interrupted_2026-09-17,,data/clips/interrupted_2026-09-17_C133.mp4,interrupted_2026-09-17_C133.mp4,36.464,b291ad716ee13c33302c925e51db80a7ea83c21dd13f9a5536eedaf078032532,14520.0,14640.0,120.0,30.0,3600,1920,1080,h264,ffprobe,True,0,True,True,True,,,OVL003,CHECKED_OVERLAP,10.0,0.08333333333333333,PASS,
interrupted_2026-09-17_C134,interrupted_2026-09-17,,data/clips/interrupted_2026-09-17_C134.mp4,interrupted_2026-09-17_C134.mp4,33.67,f63e170f66eebc79aa3ad8082c7aab625fca6bfa38c529145a8ad37f3414111c,14630.0,14750.0,120.0,30.0,3600,1920,1080,h264,ffprobe,True,0,True,True,True,,,OVL003,CHECKED_OVERLAP,10.0,0.08333333333333333,PASS,
interrupted_2026-09-17_C135,interrupted_2026-09-17,,data/clips/interrupted_2026-09-17_C135.mp4,interrupted_2026-09-17_C135.mp4,45.01,5fa1a81a59d2cf644e7f6fa275ad2427805f3024e1417407fd248384829b5038,14740.0,14860.0,120.0,30.0,3600,1920,1080,h264,ffprobe,True,0,True,True,True,,,OVL003,CHECKED_OVERLAP,10.0,0.08333333333333333,PASS,
interrupted_2026-09-17_C136,interrupted_2026-09-17,,data/clips/interrupted_2026-09-17_C136.mp4,interrupted_2026-09-17_C136.mp4,43.328,74da6486b5174094d4b19803c50afe71f69e295d0fc68af734a0ebe46ad8aa6b,14850.0,14970.0,120.0,30.0,3600,1920,1080,h264,ffprobe,True,0,True,True,True,,,OVL003,CHECKED_OVERLAP,10.0,0.08333333333333333,PASS,
interrupted_2026-09-17_C137,interrupted_2026-09-17,,data/clips/interrupted_2026-09-17_C137.mp4,interrupted_2026-09-17_C137.mp4,41.598,b14e0653201a2b0f999e3911b44a9eb5ae1e56b6ff84d2aa8b2c21196f97ba1c,14960.0,15080.0,120.0,30.0,3600,1920,1080,h264,ffprobe,True,0,True,True,True,,,OVL003,CHECKED_OVERLAP,10.0,0.08333333333333333,PASS,
interrupted_2026-09-17_C138,interrupted_2026-09-17,,data/clips/interrupted_2026-09-17_C138.mp4,interrupted_2026-09-17_C138.mp4,42.516,018f2d542aa16a7f1908499e531410746275459583799369f88df54d6b0c6793,15070.0,15190.0,120.0,30.0,3600,1920,1080,h264,ffprobe,True,0,True,True,True,,,OVL003,CHECKED_OVERLAP,10.0,0.08333333333333333,PASS,
interrupted_2026-09-17_C139,interrupted_2026-09-17,,data/clips/interrupted_2026-09-17_C139.mp4,interrupted_2026-09-17_C139.mp4,34.197,d66c3e93ef3e8b5798fc3951aeaf52160d2126bfd31a32a19ad9acb41c4524a4,15180.0,15300.0,120.0,30.0,3600,1920,1080,h264,ffprobe,True,0,True,True,True,,,OVL003,CHECKED_OVERLAP,10.0,0.08333333333333333,PASS,
interrupted_2026-09-17_C140,interrupted_2026-09-17,,data/clips/interrupted_2026-09-17_C140.mp4,interrupted_2026-09-17_C140.mp4,43.83,a360f6d004ceaa81af8c13e6bf91a17f0bc7bcae6014566bb38f7f206a141a22,15290.0,15410.0,120.0,30.0,3600,1920,1080,h264,ffprobe,True,0,True,True,True,,,OVL003,CHECKED_OVERLAP,10.0,0.08333333333333333,PASS,
interrupted_2026-09-17_C141,interrupted_2026-09-17,,data/clips/interrupted_2026-09-17_C141.mp4,interrupted_2026-09-17_C141.mp4,43.437,807e82ddd6525dc927558e5b64f883e028da887de583be5dccb3cc6461c645c6,15400.0,15520.0,120.0,30.0,3600,1920,1080,h264,ffprobe,True,0,True,True,True,,,OVL003,CHECKED_OVERLAP,10.0,0.08333333333333333,PASS,
interrupted_2026-09-17_C142,interrupted_2026-09-17,,data/clips/interrupted_2026-09-17_C142.mp4,interrupted_2026-09-17_C142.mp4,47.928,c0e41b57828a2218ad1029967c59ac1a69e588fa097e4e98704aeaa271264fe2,15510.0,15630.0,120.0,30.0,3600,1920,1080,h264,ffprobe,True,0,True,True,True,,,OVL003,CHECKED_OVERLAP,10.0,0.08333333333333333,PASS,
interrupted_2026-09-17_C143,interrupted_2026-09-17,,data/clips/interrupted_2026-09-17_C143.mp4,interrupted_2026-09-17_C143.mp4,46.337,a6705a6351b988bdd883d8a54656dfe7e12de8e670da1e60a1ee1527efc42d5c,15620.0,15740.0,120.0,30.0,3600,1920,1080,h264,ffprobe,True,0,True,True,True,,,OVL003,CHECKED_OVERLAP,10.0,0.08333333333333333,PASS,
interrupted_2026-09-17_C144,interrupted_2026-09-17,,data/clips/interrupted_2026-09-17_C144.mp4,interrupted_2026-09-17_C144.mp4,49.711,804700bcb2016db7088ca5484f3557c99d258d967b873c58180ee727ebf250c7,15730.0,15850.0,120.0,30.0,3600,1920,1080,h264,ffprobe,True,0,True,True,True,,,OVL003,CHECKED_OVERLAP,10.0,0.08333333333333333,PASS,
interrupted_2026-09-17_C145,interrupted_2026-09-17,,data/clips/interrupted_2026-09-17_C145.mp4,interrupted_2026-09-17_C145.mp4,50.708,57b37a1c1309fab92b7375d6638793114186dc2313bc642e4cc44703655febe3,15840.0,15960.0,120.0,30.0,3600,1920,1080,h264,ffprobe,True,0,True,True,True,,,OVL003,CHECKED_OVERLAP,10.0,0.08333333333333333,PASS,
interrupted_2026-09-17_C146,interrupted_2026-09-17,,data/clips/interrupted_2026-09-17_C146.mp4,interrupted_2026-09-17_C146.mp4,46.621,e456df3ac2f2199fa771a39c20e50787af6f8e54abf77eebd4c9e2cd6c6334df,15950.0,16070.0,120.0,30.0,3600,1920,1080,h264,ffprobe,True,0,True,True,True,,,OVL003,CHECKED_OVERLAP,10.0,0.08333333333333333,PASS,
interrupted_2026-09-17_C147,interrupted_2026-09-17,,data/clips/interrupted_2026-09-17_C147.mp4,interrupted_2026-09-17_C147.mp4,46.991,5af0eb32952849d766af16d40a9ee87a307e7bf189385474dfca5a95cb67aa87,16060.0,16180.0,120.0,30.0,3600,1920,1080,h264,ffprobe,True,0,True,True,True,,,OVL003,CHECKED_OVERLAP,10.0,0.08333333333333333,PASS,
interrupted_2026-09-17_C148,interrupted_2026-09-17,,data/clips/interrupted_2026-09-17_C148.mp4,interrupted_2026-09-17_C148.mp4,43.897,c53accf81d369e3bdd4b05d661f3d39463ab4505c0af0641270572627549a7ac,16170.0,16290.0,120.0,30.0,3600,1920,1080,h264,ffprobe,True,0,True,True,True,,,OVL003,CHECKED_OVERLAP,10.0,0.08333333333333333,PASS,
interrupted_2026-09-17_C149,interrupted_2026-09-17,,data/clips/interrupted_2026-09-17_C149.mp4,interrupted_2026-09-17_C149.mp4,46.942,24e341f79eee1a73c8fb824193bf3a1a49b6f410754c75ad6ac42a25c1cc7c31,16280.0,16400.0,120.0,30.0,3600,1920,1080,h264,ffprobe,True,0,True,True,True,,,OVL003,CHECKED_OVERLAP,10.0,0.08333333333333333,PASS,
interrupted_2026-09-17_C150,interrupted_2026-09-17,,data/clips/interrupted_2026-09-17_C150.mp4,interrupted_2026-09-17_C150.mp4,51.318,581c46807ba4b3db710437ce5e106b3dae5cb78dd0d6ab061beb5fe373d78f2c,16390.0,16510.0,120.0,30.0,3600,1920,1080,h264,ffprobe,True,0,True,True,True,,,OVL003,CHECKED_OVERLAP,10.0,0.08333333333333333,PASS,
interrupted_2026-09-17_C151,interrupted_2026-09-17,,data/clips/interrupted_2026-09-17_C151.mp4,interrupted_2026-09-17_C151.mp4,42.725,06647d765f83977d7b10d133259a126eff83b72a125b74bec80fcf71a51caa19,16500.0,16620.0,120.0,30.0,3600,1920,1080,h264,ffprobe,True,0,True,True,True,,,OVL003,CHECKED_OVERLAP,10.0,0.08333333333333333,PASS,
interrupted_2026-09-17_C152,interrupted_2026-09-17,,data/clips/interrupted_2026-09-17_C152.mp4,interrupted_2026-09-17_C152.mp4,44.735,057ea7529bc33577e3ae637fadc1028037a75e8b4df7acee2f2fe001451cc197,16610.0,16730.0,120.0,30.0,3600,1920,1080,h264,ffprobe,True,0,True,True,True,,,OVL003,CHECKED_OVERLAP,10.0,0.08333333333333333,PASS,
interrupted_2026-09-17_C153,interrupted_2026-09-17,,data/clips/interrupted_2026-09-17_C153.mp4,interrupted_2026-09-17_C153.mp4,48.235,6b4cbc492b70340a73c6594ed66e493046a1c5d59c8a505aa5387eb042e01561,16720.0,16840.0,120.0,30.0,3600,1920,1080,h264,ffprobe,True,0,True,True,True,,,OVL003,CHECKED_OVERLAP,10.0,0.08333333333333333,PASS,
interrupted_2026-09-17_C154,interrupted_2026-09-17,,data/clips/interrupted_2026-09-17_C154.mp4,interrupted_2026-09-17_C154.mp4,40.617,d025411ad7b1a56ccd92d9de4f6e421e50af0eeaf515ac238860522fe4294b69,16830.0,16950.0,120.0,30.0,3600,1920,1080,h264,ffprobe,True,0,True,True,True,,,OVL003,CHECKED_OVERLAP,10.0,0.08333333333333333,PASS,
interrupted_2026-09-17_C155,interrupted_2026-09-17,,data/clips/interrupted_2026-09-17_C155.mp4,interrupted_2026-09-17_C155.mp4,42.105,e25497bbd39a4c8ef4419d267e542ced5ebdb34644381fdca01819fe51ac7961,16940.0,17060.0,120.0,30.0,3600,1920,1080,h264,ffprobe,True,0,True,True,True,,,OVL003,CHECKED_OVERLAP,10.0,0.08333333333333333,PASS,
interrupted_2026-09-17_C156,interrupted_2026-09-17,,data/clips/interrupted_2026-09-17_C156.mp4,interrupted_2026-09-17_C156.mp4,32.341,85c9bc9ce3a424ddf634873b391b6268ad96f8f654fa509fd1f9510be5f1841e,17050.0,17170.0,120.0,30.0,3600,1920,1080,h264,ffprobe,True,0,True,True,True,,,OVL003,CHECKED_OVERLAP,10.0,0.08333333333333333,PASS,
interrupted_2026-09-17_C157,interrupted_2026-09-17,,data/clips/interrupted_2026-09-17_C157.mp4,interrupted_2026-09-17_C157.mp4,39.195,ce3d2b4d29aa7daf3ab1fd139df90f9dd1aa8c51147310f3939a424a101635ba,17160.0,17280.0,120.0,30.0,3600,1920,1080,h264,ffprobe,True,0,True,True,True,,,OVL003,CHECKED_OVERLAP,10.0,0.08333333333333333,PASS,
interrupted_2026-09-17_C158,interrupted_2026-09-17,,data/clips/interrupted_2026-09-17_C158.mp4,interrupted_2026-09-17_C158.mp4,39.356,7096a34d6f431fd033b207f33fe60c02f5d6dbd7c5a750f3e1495a16c46c28b1,17270.0,17390.0,120.0,30.0,3600,1920,1080,h264,ffprobe,True,0,True,True,True,,,OVL003,CHECKED_OVERLAP,10.0,0.08333333333333333,PASS,
interrupted_2026-09-17_C159,interrupted_2026-09-17,,data/clips/interrupted_2026-09-17_C159.mp4,interrupted_2026-09-17_C159.mp4,38.237,d78899ee21d0e1df2435c81257587e56de942e93be45bf49be6a323ae876dcf6,17380.0,17500.0,120.0,30.0,3600,1920,1080,h264,ffprobe,True,0,True,True,True,,,OVL003,CHECKED_OVERLAP,10.0,0.08333333333333333,PASS,
interrupted_2026-09-17_C160,interrupted_2026-09-17,,data/clips/interrupted_2026-09-17_C160.mp4,interrupted_2026-09-17_C160.mp4,43.948,731621c8c6d43796bc81fc2e3b8f3da0c81e22f3b75b9c511de70a346a61e72c,17490.0,17610.0,120.0,30.0,3600,1920,1080,h264,ffprobe,True,0,True,True,True,,,OVL003,CHECKED_OVERLAP,10.0,0.08333333333333333,PASS,
interrupted_2026-09-17_C161,interrupted_2026-09-17,,data/clips/interrupted_2026-09-17_C161.mp4,interrupted_2026-09-17_C161.mp4,42.101,13d34591b3efe780bfd4de983835b2770d8290846ef6732903586069504127ff,17600.0,17720.0,120.0,30.0,3600,1920,1080,h264,ffprobe,True,0,True,True,True,,,OVL003,CHECKED_OVERLAP,10.0,0.08333333333333333,PASS,
interrupted_2026-09-17_C162,interrupted_2026-09-17,,data/clips/interrupted_2026-09-17_C162.mp4,interrupted_2026-09-17_C162.mp4,39.68,d3f81a9169fe0c61c553ae71eee147c435db4a23c4d89902b6fd56c56e94214d,17710.0,17830.0,120.0,30.0,3600,1920,1080,h264,ffprobe,True,0,True,True,True,,,OVL003,CHECKED_OVERLAP,10.0,0.08333333333333333,PASS,
interrupted_2026-09-17_C163,interrupted_2026-09-17,,data/clips/interrupted_2026-09-17_C163.mp4,interrupted_2026-09-17_C163.mp4,43.047,dcf94bd01c0bd851fda34d2d640ba29e8cf687e5805d3ce5d4686be5613f1d97,17820.0,17940.0,120.0,30.0,3600,1920,1080,h264,ffprobe,True,0,True,True,True,,,OVL003,CHECKED_OVERLAP,10.0,0.08333333333333333,PASS,
interrupted_2026-09-17_C164,interrupted_2026-09-17,,data/clips/interrupted_2026-09-17_C164.mp4,interrupted_2026-09-17_C164.mp4,41.202,6a01afb9bdabe8ffa769641364beaf67cb56d3dbfe03c34c221f765fca9901f3,17930.0,18050.0,120.0,30.0,3600,1920,1080,h264,ffprobe,True,0,True,True,True,,,OVL003,CHECKED_OVERLAP,10.0,0.08333333333333333,PASS,
interrupted_2026-09-17_C165,interrupted_2026-09-17,,data/clips/interrupted_2026-09-17_C165.mp4,interrupted_2026-09-17_C165.mp4,42.495,8d10f1cf4a01e1b588751ae7719da89e1d0129292d9bdf5a45347c4632eb8034,18040.0,18160.0,120.0,30.0,3600,1920,1080,h264,ffprobe,True,0,True,True,True,,,OVL003,CHECKED_OVERLAP,10.0,0.08333333333333333,PASS,
interrupted_2026-09-17_C166,interrupted_2026-09-17,,data/clips/interrupted_2026-09-17_C166.mp4,interrupted_2026-09-17_C166.mp4,41.589,6f6eb9b09648fbe13246e6efc6d063342fefe06de8a22822fd4e2b265021d748,18150.0,18270.0,120.0,30.0,3600,1920,1080,h264,ffprobe,True,0,True,True,True,,,OVL003,CHECKED_OVERLAP,10.0,0.08333333333333333,PASS,
interrupted_2026-09-17_C167,interrupted_2026-09-17,,data/clips/interrupted_2026-09-17_C167.mp4,interrupted_2026-09-17_C167.mp4,44.925,96b563a327d23dda05b99a8e511ac268a99bf8713232f7975f111a369cc6dd3f,18260.0,18380.0,120.0,30.0,3600,1920,1080,h264,ffprobe,True,0,True,True,True,,,OVL003,CHECKED_OVERLAP,10.0,0.08333333333333333,PASS,
interrupted_2026-09-17_C168,interrupted_2026-09-17,,data/clips/interrupted_2026-09-17_C168.mp4,interrupted_2026-09-17_C168.mp4,45.526,b989d47e894885554752b9d9703cfd213f6f67f62e1f546908a963d3bb226907,18370.0,18490.0,120.0,30.0,3600,1920,1080,h264,ffprobe,True,0,True,True,True,,,OVL003,CHECKED_OVERLAP,10.0,0.08333333333333333,PASS,
interrupted_2026-09-17_C169,interrupted_2026-09-17,,data/clips/interrupted_2026-09-17_C169.mp4,interrupted_2026-09-17_C169.mp4,42.692,30c4c6b95309a67cc908ec32dc898c2b0d2dadb3908f47aca066d59c7c3bdae9,18480.0,18600.0,120.0,30.0,3600,1920,1080,h264,ffprobe,True,0,True,True,True,,,OVL003,CHECKED_OVERLAP,10.0,0.08333333333333333,PASS,
interrupted_2026-09-17_C170,interrupted_2026-09-17,,data/clips/interrupted_2026-09-17_C170.mp4,interrupted_2026-09-17_C170.mp4,41.967,edd5e7a8056fadd6a26916bcee4ce777a934f5ebe39db6fd60c25d2c6072489e,18590.0,18710.0,120.0,30.0,3600,1920,1080,h264,ffprobe,True,0,True,True,True,,,OVL003,CHECKED_OVERLAP,10.0,0.08333333333333333,PASS,
interrupted_2026-09-17_C171,interrupted_2026-09-17,,data/clips/interrupted_2026-09-17_C171.mp4,interrupted_2026-09-17_C171.mp4,34.763,2e9636adc06080d077fa591c7e52203c9332324de0a915cc9841a70c065d0cfb,18700.0,18820.0,120.0,30.0,3600,1920,1080,h264,ffprobe,True,0,True,True,True,,,OVL003,CHECKED_OVERLAP,10.0,0.08333333333333333,PASS,
interrupted_2026-09-17_C172,interrupted_2026-09-17,,data/clips/interrupted_2026-09-17_C172.mp4,interrupted_2026-09-17_C172.mp4,41.568,11b76bdb67e547eec6d975993d7f7a3ac84a605e8fa513745ab70d45dedfe756,18810.0,18930.0,120.0,30.0,3600,1920,1080,h264,ffprobe,True,0,True,True,True,,,OVL003,CHECKED_OVERLAP,10.0,0.08333333333333333,PASS,
interrupted_2026-09-17_C173,interrupted_2026-09-17,,data/clips/interrupted_2026-09-17_C173.mp4,interrupted_2026-09-17_C173.mp4,44.353,a6738ec696af0410dbd28032e44bae665cc7663b7d92d0619e54393be3d71c2b,18920.0,19040.0,120.0,30.0,3600,1920,1080,h264,ffprobe,True,0,True,True,True,,,OVL003,CHECKED_OVERLAP,10.0,0.08333333333333333,PASS,
interrupted_2026-09-17_C174,interrupted_2026-09-17,,data/clips/interrupted_2026-09-17_C174.mp4,interrupted_2026-09-17_C174.mp4,41.257,7f0260c12461010170be3c5698c3bb8df38d0230a8ef8388db018871473b1eb6,19030.0,19150.0,120.0,30.0,3600,1920,1080,h264,ffprobe,True,0,True,True,True,,,OVL003,CHECKED_OVERLAP,10.0,0.08333333333333333,PASS,
interrupted_2026-09-17_C175,interrupted_2026-09-17,,data/clips/interrupted_2026-09-17_C175.mp4,interrupted_2026-09-17_C175.mp4,39.493,ed4774b0f0e08e439a1e7a7390a5f8ebad4a9748ab8e3231befeeeb42389622c,19140.0,19260.0,120.0,30.0,3600,1920,1080,h264,ffprobe,True,0,True,True,True,,,OVL003,CHECKED_OVERLAP,10.0,0.08333333333333333,PASS,
interrupted_2026-09-17_C176,interrupted_2026-09-17,,data/clips/interrupted_2026-09-17_C176.mp4,interrupted_2026-09-17_C176.mp4,46.7,2f58bdbc634d922ee58d6c7e8a32aa3dad4e85350a806f19604b23fb90a4502d,19250.0,19370.0,120.0,30.0,3600,1920,1080,h264,ffprobe,True,0,True,True,True,,,OVL003,CHECKED_OVERLAP,10.0,0.08333333333333333,PASS,
interrupted_2026-09-17_C177,interrupted_2026-09-17,,data/clips/interrupted_2026-09-17_C177.mp4,interrupted_2026-09-17_C177.mp4,41.092,7a206029f983b527a13831d0885b51567624de7f69c1768611bcc20dff79a679,19360.0,19480.0,120.0,30.0,3600,1920,1080,h264,ffprobe,True,0,True,True,True,,,OVL003,CHECKED_OVERLAP,10.0,0.08333333333333333,PASS,
interrupted_2026-09-17_C178,interrupted_2026-09-17,,data/clips/interrupted_2026-09-17_C178.mp4,interrupted_2026-09-17_C178.mp4,41.664,7633dbd42e3149baab7d071934eb998af9159a8d6baf077f300ff75e4b694cd0,19470.0,19590.0,120.0,30.0,3600,1920,1080,h264,ffprobe,True,0,True,True,True,,,OVL003,CHECKED_OVERLAP,10.0,0.08333333333333333,PASS,
interrupted_2026-09-17_C179,interrupted_2026-09-17,,data/clips/interrupted_2026-09-17_C179.mp4,interrupted_2026-09-17_C179.mp4,43.04,5d8d8749c2f842d4fce2511bb2f1ad64f2ffb1cfce2722fb33db40f82df6193d,19580.0,19700.0,120.0,30.0,3600,1920,1080,h264,ffprobe,True,0,True,True,True,,,OVL003,CHECKED_OVERLAP,10.0,0.08333333333333333,PASS,
interrupted_2026-09-17_C180,interrupted_2026-09-17,,data/clips/interrupted_2026-09-17_C180.mp4,interrupted_2026-09-17_C180.mp4,49.985,15c6e8de7e1630ad69584a1804d9ffbd8b0907c16d46b05ec13bacf5740602e0,19690.0,19810.0,120.0,30.0,3600,1920,1080,h264,ffprobe,True,0,True,True,True,,,OVL003,CHECKED_OVERLAP,10.0,0.08333333333333333,PASS,
interrupted_2026-09-17_C181,interrupted_2026-09-17,,data/clips/interrupted_2026-09-17_C181.mp4,interrupted_2026-09-17_C181.mp4,45.11,8a736c9d73b6c30388a0ed21615a7a16cec6f7ed52f8e1b178bd48b35397f9bc,19800.0,19920.0,120.0,30.0,3600,1920,1080,h264,ffprobe,True,0,True,True,True,,,OVL003,CHECKED_OVERLAP,10.0,0.08333333333333333,PASS,
interrupted_2026-09-17_C182,interrupted_2026-09-17,,data/clips/interrupted_2026-09-17_C182.mp4,interrupted_2026-09-17_C182.mp4,46.941,6f9ed778128b2c9a014df93d9c18ff162984d461bf5fda1900f58500e24d1493,19910.0,20030.0,120.0,30.0,3600,1920,1080,h264,ffprobe,True,0,True,True,True,,,OVL003,CHECKED_OVERLAP,10.0,0.08333333333333333,PASS,
interrupted_2026-09-17_C183,interrupted_2026-09-17,,data/clips/interrupted_2026-09-17_C183.mp4,interrupted_2026-09-17_C183.mp4,45.4,d3b2d68e97b49dd3c79a135ce5d0779f1f0e6e1fa99a06a3445b14cb536007fb,20020.0,20140.0,120.0,30.0,3600,1920,1080,h264,ffprobe,True,0,True,True,True,,,OVL003,CHECKED_OVERLAP,10.0,0.08333333333333333,PASS,
interrupted_2026-09-17_C184,interrupted_2026-09-17,,data/clips/interrupted_2026-09-17_C184.mp4,interrupted_2026-09-17_C184.mp4,37.548,2e1cf82f7b93efe4474d2a4b3e5c8809d1e0609177c4cd3c069d8f834ff39bd5,20130.0,20250.0,120.0,30.0,3600,1920,1080,h264,ffprobe,True,0,True,True,True,,,OVL003,CHECKED_OVERLAP,10.0,0.08333333333333333,PASS,
interrupted_2026-09-17_C185,interrupted_2026-09-17,,data/clips/interrupted_2026-09-17_C185.mp4,interrupted_2026-09-17_C185.mp4,43.334,922143f93800acf3dbe0c28642246e0df7135dbc2eeefee6c45bfce3d6162464,20240.0,20360.0,120.0,30.0,3600,1920,1080,h264,ffprobe,True,0,True,True,True,,,OVL003,CHECKED_OVERLAP,10.0,0.08333333333333333,PASS,
interrupted_2026-09-17_C186,interrupted_2026-09-17,,data/clips/interrupted_2026-09-17_C186.mp4,interrupted_2026-09-17_C186.mp4,37.817,4895a09abc23576f449850b60aa6cc01bf5bc209c5d314ee267263d2209af51d,20350.0,20470.0,120.0,30.0,3600,1920,1080,h264,ffprobe,True,0,True,True,True,,,OVL003,CHECKED_OVERLAP,10.0,0.08333333333333333,PASS,
interrupted_2026-09-17_C187,interrupted_2026-09-17,,data/clips/interrupted_2026-09-17_C187.mp4,interrupted_2026-09-17_C187.mp4,33.565,bf6764fd6eb3848ed90e83eeac9511bfe40915b91939c822dae3c55c2b3efe69,20460.0,20580.0,120.0,30.0,3600,1920,1080,h264,ffprobe,True,0,True,True,True,,,OVL003,CHECKED_OVERLAP,10.0,0.08333333333333333,PASS,
interrupted_2026-09-17_C188,interrupted_2026-09-17,,data/clips/interrupted_2026-09-17_C188.mp4,interrupted_2026-09-17_C188.mp4,39.308,a121ec23ff619497e203f2ab356163f8dce5bc2e307e2be686320a9235e59c30,20570.0,20690.0,120.0,30.0,3600,1920,1080,h264,ffprobe,True,0,True,True,True,,,OVL003,CHECKED_OVERLAP,10.0,0.08333333333333333,PASS,
interrupted_2026-09-17_C189,interrupted_2026-09-17,,data/clips/interrupted_2026-09-17_C189.mp4,interrupted_2026-09-17_C189.mp4,37.564,489bc0135a5ff4eebfe6235c081be59cf5a52d1d6577b3ce304188bef14032be,20680.0,20800.0,120.0,30.0,3600,1920,1080,h264,ffprobe,True,0,True,True,True,,,OVL003,CHECKED_OVERLAP,10.0,0.08333333333333333,PASS,
interrupted_2026-09-17_C190,interrupted_2026-09-17,,data/clips/interrupted_2026-09-17_C190.mp4,interrupted_2026-09-17_C190.mp4,36.827,428e0431d13e1117eb89abe65ace059a5da165e368649ca4409f3c89dd1b4025,20790.0,20910.0,120.0,30.0,3600,1920,1080,h264,ffprobe,True,0,True,True,True,,,OVL003,CHECKED_OVERLAP,10.0,0.08333333333333333,PASS,
interrupted_2026-09-17_C191,interrupted_2026-09-17,,data/clips/interrupted_2026-09-17_C191.mp4,interrupted_2026-09-17_C191.mp4,42.164,c049e497c5cd9dd701500af77b0531a552fa518eb488c7d57091fed5f35218e4,20900.0,21020.0,120.0,30.0,3600,1920,1080,h264,ffprobe,True,0,True,True,True,,,OVL003,CHECKED_OVERLAP,10.0,0.08333333333333333,PASS,
interrupted_2026-09-17_C192,interrupted_2026-09-17,,data/clips/interrupted_2026-09-17_C192.mp4,interrupted_2026-09-17_C192.mp4,37.606,422f7a83731207567abf9efdf4edd194f7807267ae3e81663024bb0d0aa947b2,21010.0,21130.0,120.0,30.0,3600,1920,1080,h264,ffprobe,True,0,True,True,True,,,OVL003,CHECKED_OVERLAP,10.0,0.08333333333333333,PASS,
interrupted_2026-09-17_C193,interrupted_2026-09-17,,data/clips/interrupted_2026-09-17_C193.mp4,interrupted_2026-09-17_C193.mp4,37.842,7eac25f85005297675c70180d08943e05b0737217a51b89d71eba8a281cb5d24,21120.0,21240.0,120.0,30.0,3600,1920,1080,h264,ffprobe,True,0,True,True,True,,,OVL003,CHECKED_OVERLAP,10.0,0.08333333333333333,PASS,
interrupted_2026-09-17_C194,interrupted_2026-09-17,,data/clips/interrupted_2026-09-17_C194.mp4,interrupted_2026-09-17_C194.mp4,30.788,4072fafb27f23b8d3ad05b81af8bfc8a987f89aa7c912191d4cab994e3923bcf,21230.0,21350.0,120.0,30.0,3600,1920,1080,h264,ffprobe,True,0,True,True,True,,,OVL003,CHECKED_OVERLAP,10.0,0.08333333333333333,PASS,
interrupted_2026-09-17_C195,interrupted_2026-09-17,,data/clips/interrupted_2026-09-17_C195.mp4,interrupted_2026-09-17_C195.mp4,41.583,50c0b498279bc688d8a53fa00810edb4fb37bbb42077149c11aa235d6e020218,21340.0,21460.0,120.0,30.0,3600,1920,1080,h264,ffprobe,True,0,True,True,True,,,OVL003,CHECKED_OVERLAP,10.0,0.08333333333333333,PASS,
interrupted_2026-09-17_C196,interrupted_2026-09-17,,data/clips/interrupted_2026-09-17_C196.mp4,interrupted_2026-09-17_C196.mp4,35.044,95c907176932c76efa817976939fba063bca2ce5e19cc3fdefd3b9da150711c0,21450.0,21570.0,120.0,30.0,3600,1920,1080,h264,ffprobe,True,0,True,True,True,,,OVL003,CHECKED_OVERLAP,10.0,0.08333333333333333,PASS,
interrupted_2026-09-17_C197,interrupted_2026-09-17,,data/clips/interrupted_2026-09-17_C197.mp4,interrupted_2026-09-17_C197.mp4,35.903,a1c237a6627de0be01e49a3775c356bb9f21ef28d7d4926aa3d681d6e9f1059a,21560.0,21680.0,120.0,30.0,3600,1920,1080,h264,ffprobe,True,0,True,True,True,,,OVL003,CHECKED_OVERLAP,10.0,0.08333333333333333,PASS,
interrupted_2026-09-17_C198,interrupted_2026-09-17,,data/clips/interrupted_2026-09-17_C198.mp4,interrupted_2026-09-17_C198.mp4,31.627,5e26a5ca57e5fd733f5de5c8717a8b293ea385e949208ea9a446c017d1c39dbf,21670.0,21790.0,120.0,30.0,3600,1920,1080,h264,ffprobe,True,0,True,True,True,,,OVL003,CHECKED_OVERLAP,10.0,0.08333333333333333,PASS,
interrupted_2026-09-17_C199,interrupted_2026-09-17,,data/clips/interrupted_2026-09-17_C199.mp4,interrupted_2026-09-17_C199.mp4,35.981,b3248d4e9345fad5096571a91b2387ef16b737f0ea7845eecb84db2d2423461a,21780.0,21900.0,120.0,30.0,3600,1920,1080,h264,ffprobe,True,0,True,True,True,,,OVL003,CHECKED_OVERLAP,10.0,0.08333333333333333,PASS,
interrupted_2026-09-17_C200,interrupted_2026-09-17,,data/clips/interrupted_2026-09-17_C200.mp4,interrupted_2026-09-17_C200.mp4,32.442,1964e031f6e0de9d11c49999089dfc028d22b3854ebc570120bfa3de41a773f1,21890.0,22010.0,120.0,30.0,3600,1920,1080,h264,ffprobe,True,0,True,True,True,,,OVL003,CHECKED_OVERLAP,10.0,0.08333333333333333,PASS,
interrupted_2026-09-17_C201,interrupted_2026-09-17,,data/clips/interrupted_2026-09-17_C201.mp4,interrupted_2026-09-17_C201.mp4,28.971,5628d6194403a7c320ffbbfcb282dedbbc8d29b5ef85ea8f0cf5bf9d6a2e2a57,22000.0,22120.0,120.0,30.0,3600,1920,1080,h264,ffprobe,True,0,True,True,True,,,OVL003,CHECKED_OVERLAP,10.0,0.08333333333333333,PASS,
interrupted_2026-09-17_C202,interrupted_2026-09-17,,data/clips/interrupted_2026-09-17_C202.mp4,interrupted_2026-09-17_C202.mp4,32.686,fdf136af2523636b9ee81415e497f68d7a15be8bcbe447c50fb35335ee1d822c,22110.0,22230.0,120.0,30.0,3600,1920,1080,h264,ffprobe,True,0,True,True,True,,,OVL003,CHECKED_OVERLAP,10.0,0.08333333333333333,PASS,
interrupted_2026-09-17_C203,interrupted_2026-09-17,,data/clips/interrupted_2026-09-17_C203.mp4,interrupted_2026-09-17_C203.mp4,33.603,19187255511736c4cb9ce1f97400180f18ff666accf17f7e0a0b68fe6d2e100a,22220.0,22340.0,120.0,30.0,3600,1920,1080,h264,ffprobe,True,0,True,True,True,,,OVL003,CHECKED_OVERLAP,10.0,0.08333333333333333,PASS,
interrupted_2026-09-17_C204,interrupted_2026-09-17,,data/clips/interrupted_2026-09-17_C204.mp4,interrupted_2026-09-17_C204.mp4,36.527,088d92ff168627ec96c1583a440852f72715d7f053937c4457591c3289016ef1,22330.0,22450.0,120.0,30.0,3600,1920,1080,h264,ffprobe,True,0,True,True,True,,,OVL003,CHECKED_OVERLAP,10.0,0.08333333333333333,PASS,
interrupted_2026-09-17_C205,interrupted_2026-09-17,,data/clips/interrupted_2026-09-17_C205.mp4,interrupted_2026-09-17_C205.mp4,39.134,df9cac45a24d83a343a10d4d1f67382f00adcfd278217ba945e6917f58e9bc53,22440.0,22560.0,120.0,30.0,3600,1920,1080,h264,ffprobe,True,0,True,True,True,,,OVL003,CHECKED_OVERLAP,10.0,0.08333333333333333,PASS,
interrupted_2026-09-17_C206,interrupted_2026-09-17,,data/clips/interrupted_2026-09-17_C206.mp4,interrupted_2026-09-17_C206.mp4,32.066,0f0cf3bd45f061867e7c7cfa8bf9af6e72050fcd6c12318bc501473c966c7633,22550.0,22670.0,120.0,30.0,3600,1920,1080,h264,ffprobe,True,0,True,True,True,,,OVL003,CHECKED_OVERLAP,10.0,0.08333333333333333,PASS,
interrupted_2026-09-17_C207,interrupted_2026-09-17,,data/clips/interrupted_2026-09-17_C207.mp4,interrupted_2026-09-17_C207.mp4,39.34,1a70bdc46ceb479ea0c9040183089f23c60268f33a2afdbfbd6c5e4e9af2ae90,22660.0,22780.0,120.0,30.0,3600,1920,1080,h264,ffprobe,True,0,True,True,True,,,OVL003,CHECKED_OVERLAP,10.0,0.08333333333333333,PASS,
interrupted_2026-09-17_C208,interrupted_2026-09-17,,data/clips/interrupted_2026-09-17_C208.mp4,interrupted_2026-09-17_C208.mp4,41.587,9d0bfbb30454c722a08f319d1ac7514288d7462214926a6842f0aebd91ade4b1,22770.0,22890.0,120.0,30.0,3600,1920,1080,h264,ffprobe,True,0,True,True,True,,,OVL003,CHECKED_OVERLAP,10.0,0.08333333333333333,PASS,
interrupted_2026-09-17_C209,interrupted_2026-09-17,,data/clips/interrupted_2026-09-17_C209.mp4,interrupted_2026-09-17_C209.mp4,45.641,b10985e81f637835d3861c3c85072ddf6161c3badcde3541e9b640a9409b8402,22880.0,23000.0,120.0,30.0,3600,1920,1080,h264,ffprobe,True,0,True,True,True,,,OVL003,CHECKED_OVERLAP,10.0,0.08333333333333333,PASS,
interrupted_2026-09-17_C210,interrupted_2026-09-17,,data/clips/interrupted_2026-09-17_C210.mp4,interrupted_2026-09-17_C210.mp4,36.944,1db9fcd1b3428315e8c345adad7d93140a264666d47a84c21017be664421407d,22990.0,23110.0,120.0,30.0,3600,1920,1080,h264,ffprobe,True,0,True,True,True,,,OVL003,CHECKED_OVERLAP,10.0,0.08333333333333333,PASS,
interrupted_2026-09-17_C211,interrupted_2026-09-17,,data/clips/interrupted_2026-09-17_C211.mp4,interrupted_2026-09-17_C211.mp4,39.402,0bcae0a4f54000004edc1a734d07fc5a6f96821f29618193d2ea67f21cd51e7b,23100.0,23220.0,120.0,30.0,3600,1920,1080,h264,ffprobe,True,0,True,True,True,,,OVL003,CHECKED_OVERLAP,10.0,0.08333333333333333,PASS,
interrupted_2026-09-17_C212,interrupted_2026-09-17,,data/clips/interrupted_2026-09-17_C212.mp4,interrupted_2026-09-17_C212.mp4,34.335,f7a8940380263bdd4a8884f2987b63219d57f937ab66daec27a7014153eefdff,23210.0,23330.0,120.0,30.0,3600,1920,1080,h264,ffprobe,True,0,True,True,True,,,OVL003,CHECKED_OVERLAP,10.0,0.08333333333333333,PASS,
interrupted_2026-09-17_C213,interrupted_2026-09-17,,data/clips/interrupted_2026-09-17_C213.mp4,interrupted_2026-09-17_C213.mp4,27.655,2400c5fa6096d00236d36bd5623e83b2c0d62f4fb76f4ced65f6c5b17ff46cbc,23320.0,23440.0,120.0,30.0,3600,1920,1080,h264,ffprobe,True,0,True,True,True,,,OVL003,CHECKED_OVERLAP,10.0,0.08333333333333333,PASS,
interrupted_2026-09-17_C214,interrupted_2026-09-17,,data/clips/interrupted_2026-09-17_C214.mp4,interrupted_2026-09-17_C214.mp4,32.634,4cb8641f85b79951a1b635852efdd9dded56dfd98ba9f1da91f9306af7f2526e,23430.0,23550.0,120.0,30.0,3600,1920,1080,h264,ffprobe,True,0,True,True,True,,,OVL003,CHECKED_OVERLAP,10.0,0.08333333333333333,PASS,
interrupted_2026-09-17_C215,interrupted_2026-09-17,,data/clips/interrupted_2026-09-17_C215.mp4,interrupted_2026-09-17_C215.mp4,36.69,1bb17097fdd2ffb8b8526ea7a8ed4cfa1be430e6397fa08447d2276fab64b849,23540.0,23660.0,120.0,30.0,3600,1920,1080,h264,ffprobe,True,0,True,True,True,,,OVL003,CHECKED_OVERLAP,10.0,0.08333333333333333,PASS,
interrupted_2026-09-17_C216,interrupted_2026-09-17,,data/clips/interrupted_2026-09-17_C216.mp4,interrupted_2026-09-17_C216.mp4,38.406,e7003f781e78b324b13d69179ef0e08aed5eac60f9d8254e076f02d3098e6049,23650.0,23770.0,120.0,30.0,3600,1920,1080,h264,ffprobe,True,0,True,True,True,,,OVL003,CHECKED_OVERLAP,10.0,0.08333333333333333,PASS,
interrupted_2026-09-17_C217,interrupted_2026-09-17,,data/clips/interrupted_2026-09-17_C217.mp4,interrupted_2026-09-17_C217.mp4,33.937,2903e415972f2e36c897785440beaa311ae6f639afc43ae9576de18d2ae41dd1,23760.0,23880.0,120.0,30.0,3600,1920,1080,h264,ffprobe,True,0,True,True,True,,,OVL003,CHECKED_OVERLAP,10.0,0.08333333333333333,PASS,
interrupted_2026-09-17_C218,interrupted_2026-09-17,,data/clips/interrupted_2026-09-17_C218.mp4,interrupted_2026-09-17_C218.mp4,32.044,dbf0830f5734d0c1ec85773fc16450442aff609e433f1fd12a00117b43f5870b,23870.0,23990.0,120.0,30.0,3600,1920,1080,h264,ffprobe,True,0,True,True,True,,,OVL003,CHECKED_OVERLAP,10.0,0.08333333333333333,PASS,
interrupted_2026-09-17_C219,interrupted_2026-09-17,,data/clips/interrupted_2026-09-17_C219.mp4,interrupted_2026-09-17_C219.mp4,28.204,a0203830cffe1c60a23d8bce79a723542e415db96f4cc7f69de0550017300566,23980.0,24100.0,120.0,30.0,3600,1920,1080,h264,ffprobe,True,0,True,True,True,,,OVL003,CHECKED_OVERLAP,10.0,0.08333333333333333,PASS,
interrupted_2026-09-17_C220,interrupted_2026-09-17,,data/clips/interrupted_2026-09-17_C220.mp4,interrupted_2026-09-17_C220.mp4,29.604,9a701c3b7ccec236f15cb422f97b19fdd4eadf9775894bc45f6b13ed78d6e0c6,24090.0,24210.0,120.0,30.0,3600,1920,1080,h264,ffprobe,True,0,True,True,True,,,OVL003,CHECKED_OVERLAP,10.0,0.08333333333333333,PASS,
interrupted_2026-09-17_C221,interrupted_2026-09-17,,data/clips/interrupted_2026-09-17_C221.mp4,interrupted_2026-09-17_C221.mp4,30.783,9515b74725a0d47532bbe120a667ace307c2a729d877cafd779955ff4bf9ff94,24200.0,24320.0,120.0,30.0,3600,1920,1080,h264,ffprobe,True,0,True,True,True,,,OVL003,CHECKED_OVERLAP,10.0,0.08333333333333333,PASS,
interrupted_2026-09-17_C222,interrupted_2026-09-17,,data/clips/interrupted_2026-09-17_C222.mp4,interrupted_2026-09-17_C222.mp4,28.738,6d031ca1bc966f495e65e53745aa9e1f9fb7d429b198460aff05911e50f664c3,24310.0,24430.0,120.0,30.0,3600,1920,1080,h264,ffprobe,True,0,True,True,True,,,OVL003,CHECKED_OVERLAP,10.0,0.08333333333333333,PASS,
interrupted_2026-09-17_C223,interrupted_2026-09-17,,data/clips/interrupted_2026-09-17_C223.mp4,interrupted_2026-09-17_C223.mp4,34.189,fb80a4048745b303df4437bc9e8c44075c120254cd8c8e4aecc10379025f99ce,24420.0,24540.0,120.0,30.0,3600,1920,1080,h264,ffprobe,True,0,True,True,True,,,OVL003,CHECKED_OVERLAP,10.0,0.08333333333333333,PASS,
interrupted_2026-09-17_C224,interrupted_2026-09-17,,data/clips/interrupted_2026-09-17_C224.mp4,interrupted_2026-09-17_C224.mp4,32.69,f47de327ed9054b1997631585a4cc96fa9c8f54d9940cb8d42322f3399ee71fa,24530.0,24650.0,120.0,30.0,3600,1920,1080,h264,ffprobe,True,0,True,True,True,,,OVL003,CHECKED_OVERLAP,10.0,0.08333333333333333,PASS,
interrupted_2026-09-17_C225,interrupted_2026-09-17,,data/clips/interrupted_2026-09-17_C225.mp4,interrupted_2026-09-17_C225.mp4,35.432,9334d1186544e25e94145408e28222884d2f1fd02e17bed23b5749fdf2edb707,24640.0,24760.0,120.0,30.0,3600,1920,1080,h264,ffprobe,True,0,True,True,True,,,OVL003,CHECKED_OVERLAP,10.0,0.08333333333333333,PASS,
interrupted_2026-09-17_C226,interrupted_2026-09-17,,data/clips/interrupted_2026-09-17_C226.mp4,interrupted_2026-09-17_C226.mp4,34.275,3f5f23a81f5c195f6f6f3bffea21ffcfaf534e6a5a77a6dcbc90255f2b7819da,24750.0,24870.0,120.0,30.0,3600,1920,1080,h264,ffprobe,True,0,True,True,True,,,OVL003,CHECKED_OVERLAP,10.0,0.08333333333333333,PASS,
interrupted_2026-09-17_C227,interrupted_2026-09-17,,data/clips/interrupted_2026-09-17_C227.mp4,interrupted_2026-09-17_C227.mp4,34.754,d52b1c06ec8f2694eb90fdfd2baa2ee0c63f342c27a8cc2e0afda3c4600235ef,24860.0,24980.0,120.0,30.0,3600,1920,1080,h264,ffprobe,True,0,True,True,True,,,OVL003,CHECKED_OVERLAP,10.0,0.08333333333333333,PASS,
interrupted_2026-09-17_C228,interrupted_2026-09-17,,data/clips/interrupted_2026-09-17_C228.mp4,interrupted_2026-09-17_C228.mp4,29.351,95f4c65778ce863d3580686d62eddc5121b0fd23c89406f4ce80479db5f40523,24970.0,25090.0,120.0,30.0,3600,1920,1080,h264,ffprobe,True,0,True,True,True,,,OVL003,CHECKED_OVERLAP,10.0,0.08333333333333333,PASS,
interrupted_2026-09-17_C229,interrupted_2026-09-17,,data/clips/interrupted_2026-09-17_C229.mp4,interrupted_2026-09-17_C229.mp4,26.431,b6efb5d31e7e9bcaef687ea2428bcab602d0b62a395b045e1f87c6578fc83a68,25080.0,25200.0,120.0,30.0,3600,1920,1080,h264,ffprobe,True,0,True,True,True,,,OVL003,CHECKED_OVERLAP,10.0,0.08333333333333333,PASS,
interrupted_2026-09-17_C230,interrupted_2026-09-17,,data/clips/interrupted_2026-09-17_C230.mp4,interrupted_2026-09-17_C230.mp4,28.872,60e5163215aceadc671259427befde9cd3c1f94a68e2527c3428614321632100,25190.0,25310.0,120.0,30.0,3600,1920,1080,h264,ffprobe,True,0,True,True,True,,,OVL003,CHECKED_OVERLAP,10.0,0.08333333333333333,PASS,
interrupted_2026-09-17_C231,interrupted_2026-09-17,,data/clips/interrupted_2026-09-17_C231.mp4,interrupted_2026-09-17_C231.mp4,37.243,4719f8bafea9fac7bb6af22fcac45861fa0b0afb4ff8c302ff6e10c521d03e42,25300.0,25420.0,120.0,30.0,3600,1920,1080,h264,ffprobe,True,0,True,True,True,,,OVL003,CHECKED_OVERLAP,10.0,0.08333333333333333,PASS,
interrupted_2026-09-17_C232,interrupted_2026-09-17,,data/clips/interrupted_2026-09-17_C232.mp4,interrupted_2026-09-17_C232.mp4,32.2,d5232e031cfb1b327ed5c811f660326c5faf70d32c45ed097e9b4163b2c8e530,25410.0,25530.0,120.0,30.0,3600,1920,1080,h264,ffprobe,True,0,True,True,True,,,OVL003,CHECKED_OVERLAP,10.0,0.08333333333333333,PASS,
interrupted_2026-09-17_C233,interrupted_2026-09-17,,data/clips/interrupted_2026-09-17_C233.mp4,interrupted_2026-09-17_C233.mp4,33.41,451d963949c536946b2ea8fb04d1362607fe48aafcecc6b9262ef384f133442e,25520.0,25640.0,120.0,30.0,3600,1920,1080,h264,ffprobe,True,0,True,True,True,,,OVL003,CHECKED_OVERLAP,10.0,0.08333333333333333,PASS,
interrupted_2026-09-17_C234,interrupted_2026-09-17,,data/clips/interrupted_2026-09-17_C234.mp4,interrupted_2026-09-17_C234.mp4,31.605,21e97afab02254a3eeeac530b56cf72cc1e7eed68011e84cd97932b88a3e867c,25630.0,25750.0,120.0,30.0,3600,1920,1080,h264,ffprobe,True,0,True,True,True,,,OVL003,CHECKED_OVERLAP,10.0,0.08333333333333333,PASS,
interrupted_2026-09-17_C235,interrupted_2026-09-17,,data/clips/interrupted_2026-09-17_C235.mp4,interrupted_2026-09-17_C235.mp4,26.518,c16577a4d9eb671c1d51d108970bbec6003b2e259088ae6be627126d30285e7f,25740.0,25860.0,120.0,30.0,3600,1920,1080,h264,ffprobe,True,0,True,True,True,,,OVL003,CHECKED_OVERLAP,10.0,0.08333333333333333,PASS,
interrupted_2026-09-17_C236,interrupted_2026-09-17,,data/clips/interrupted_2026-09-17_C236.mp4,interrupted_2026-09-17_C236.mp4,29.572,dd37e273348e95d172ab86648916dbbffcefd38662cec4195c4abd370c71d5b2,25850.0,25970.0,120.0,30.0,3600,1920,1080,h264,ffprobe,True,0,True,True,True,,,OVL003,CHECKED_OVERLAP,10.0,0.08333333333333333,PASS,
interrupted_2026-09-17_C237,interrupted_2026-09-17,,data/clips/interrupted_2026-09-17_C237.mp4,interrupted_2026-09-17_C237.mp4,27.767,7649d0b4127d93c14965580952359d92a61aa0bc196874546ea191c8bde5c743,25960.0,26080.0,120.0,30.0,3600,1920,1080,h264,ffprobe,True,0,True,True,True,,,OVL003,CHECKED_OVERLAP,10.0,0.08333333333333333,PASS,
interrupted_2026-09-17_C238,interrupted_2026-09-17,,data/clips/interrupted_2026-09-17_C238.mp4,interrupted_2026-09-17_C238.mp4,34.554,df0abbb1483427aec68c74136027ecd315f0aa4a65826e61114f4f6f4a1ae19b,26070.0,26190.0,120.0,30.0,3600,1920,1080,h264,ffprobe,True,0,True,True,True,,,OVL003,CHECKED_OVERLAP,10.0,0.08333333333333333,PASS,
interrupted_2026-09-17_C239,interrupted_2026-09-17,,data/clips/interrupted_2026-09-17_C239.mp4,interrupted_2026-09-17_C239.mp4,35.06,69c1573aaf79168a6a444cffeecb25fde1dbc1408dfef466a1d62170398a5dc6,26180.0,26300.0,120.0,30.0,3600,1920,1080,h264,ffprobe,True,0,True,True,True,,,OVL003,CHECKED_OVERLAP,10.0,0.08333333333333333,PASS,
interrupted_2026-09-17_C240,interrupted_2026-09-17,,data/clips/interrupted_2026-09-17_C240.mp4,interrupted_2026-09-17_C240.mp4,32.181,3b65d48fb4d36e6ddce1d3c9eec82499d3d0fc6743343773ba7d6bce1a4625e8,26290.0,26410.0,120.0,30.0,3600,1920,1080,h264,ffprobe,True,0,True,True,True,,,OVL003,CHECKED_OVERLAP,10.0,0.08333333333333333,PASS,
interrupted_2026-09-17_C241,interrupted_2026-09-17,,data/clips/interrupted_2026-09-17_C241.mp4,interrupted_2026-09-17_C241.mp4,34.482,50431a844078c84675304db0808440ddf4f169c2f4ccea7f5d27765540fc4df4,26400.0,26520.0,120.0,30.0,3600,1920,1080,h264,ffprobe,True,0,True,True,True,,,OVL003,CHECKED_OVERLAP,10.0,0.08333333333333333,PASS,
interrupted_2026-09-17_C242,interrupted_2026-09-17,,data/clips/interrupted_2026-09-17_C242.mp4,interrupted_2026-09-17_C242.mp4,30.711,37cd3d2952d022ff63be1d886b7ea0af8d3990a0df240b57197ed48cfdf91e69,26510.0,26630.0,120.0,30.0,3600,1920,1080,h264,ffprobe,True,0,True,True,True,,,OVL003,CHECKED_OVERLAP,10.0,0.08333333333333333,PASS,
interrupted_2026-09-17_C243,interrupted_2026-09-17,,data/clips/interrupted_2026-09-17_C243.mp4,interrupted_2026-09-17_C243.mp4,37.605,fc5ae0e1ace530b8755333e66adca1634c6e9bd2af5483a8255a6eff636b6bfe,26620.0,26740.0,120.0,30.0,3600,1920,1080,h264,ffprobe,True,0,True,True,True,,,OVL003,CHECKED_OVERLAP,10.0,0.08333333333333333,PASS,
interrupted_2026-09-17_C244,interrupted_2026-09-17,,data/clips/interrupted_2026-09-17_C244.mp4,interrupted_2026-09-17_C244.mp4,33.808,f65d54ec352dd2c478c475714f4eb43fad872f5d0c80ed3e8c50f57d63f43ddf,26730.0,26850.0,120.0,30.0,3600,1920,1080,h264,ffprobe,True,0,True,True,True,,,OVL003,CHECKED_OVERLAP,10.0,0.08333333333333333,PASS,
interrupted_2026-09-17_C245,interrupted_2026-09-17,,data/clips/interrupted_2026-09-17_C245.mp4,interrupted_2026-09-17_C245.mp4,33.13,53be3d0e273e396299d720c2d44378a2b57f90906da5c3a05750c3bc4781a318,26840.0,26960.0,120.0,30.0,3600,1920,1080,h264,ffprobe,True,0,True,True,True,,,OVL003,CHECKED_OVERLAP,10.0,0.08333333333333333,PASS,
interrupted_2026-09-17_C246,interrupted_2026-09-17,,data/clips/interrupted_2026-09-17_C246.mp4,interrupted_2026-09-17_C246.mp4,31.131,9fab45fc4b07d134f832bc04e965b0e84eda4c3c9d2e0f2a35248b74202c6f5e,26950.0,27070.0,120.0,30.0,3600,1920,1080,h264,ffprobe,True,0,True,True,True,,,OVL003,CHECKED_OVERLAP,10.0,0.08333333333333333,PASS,
interrupted_2026-09-17_C247,interrupted_2026-09-17,,data/clips/interrupted_2026-09-17_C247.mp4,interrupted_2026-09-17_C247.mp4,25.534,b253357c36b4edeb560c915ff93bd1dec3ac0be96e02454d5ee70aef1686bb19,27060.0,27180.0,120.0,30.0,3600,1920,1080,h264,ffprobe,True,0,True,True,True,,,OVL003,CHECKED_OVERLAP,10.0,0.08333333333333333,PASS,
interrupted_2026-09-17_C248,interrupted_2026-09-17,,data/clips/interrupted_2026-09-17_C248.mp4,interrupted_2026-09-17_C248.mp4,30.637,ed64dfbb15f9ee7fe3b762c7af0e724b159d52079bd8efe36d5342313aacc372,27170.0,27290.0,120.0,30.0,3600,1920,1080,h264,ffprobe,True,0,True,True,True,,,OVL003,CHECKED_OVERLAP,10.0,0.08333333333333333,PASS,
interrupted_2026-09-17_C249,interrupted_2026-09-17,,data/clips/interrupted_2026-09-17_C249.mp4,interrupted_2026-09-17_C249.mp4,29.379,7aeabf008b49b8843764688466411e295c17aba23be4166aa37dbde153ac0be5,27280.0,27400.0,120.0,30.0,3600,1920,1080,h264,ffprobe,True,0,True,True,True,,,OVL003,CHECKED_OVERLAP,10.0,0.08333333333333333,PASS,
interrupted_2026-09-17_C250,interrupted_2026-09-17,,data/clips/interrupted_2026-09-17_C250.mp4,interrupted_2026-09-17_C250.mp4,34.549,4c6530e97fb75674214664299c197666d93304c7e0dcab63e036e171bfbafe50,27390.0,27510.0,120.0,30.0,3600,1920,1080,h264,ffprobe,True,0,True,True,True,,,OVL003,CHECKED_OVERLAP,10.0,0.08333333333333333,PASS,
interrupted_2026-09-17_C251,interrupted_2026-09-17,,data/clips/interrupted_2026-09-17_C251.mp4,interrupted_2026-09-17_C251.mp4,28.498,ab8f7a76d1079e3a84209eccc10d78c2cc260df7cfddc51c45e57a344f820a76,27500.0,27620.0,120.0,30.0,3600,1920,1080,h264,ffprobe,True,0,True,True,True,,,OVL003,CHECKED_OVERLAP,10.0,0.08333333333333333,PASS,
interrupted_2026-09-17_C252,interrupted_2026-09-17,,data/clips/interrupted_2026-09-17_C252.mp4,interrupted_2026-09-17_C252.mp4,29.684,0e2b6977f3709ba27fe8fedbdd359837b4e4b44d91d8356178ab528558914c27,27610.0,27730.0,120.0,30.0,3600,1920,1080,h264,ffprobe,True,0,True,True,True,,,OVL003,CHECKED_OVERLAP,10.0,0.08333333333333333,PASS,
interrupted_2026-09-17_C253,interrupted_2026-09-17,,data/clips/interrupted_2026-09-17_C253.mp4,interrupted_2026-09-17_C253.mp4,33.486,8e600b7432061bd2271923364ca8193ccb79346dd11babb65bd39ae8ed06700e,27720.0,27840.0,120.0,30.0,3600,1920,1080,h264,ffprobe,True,0,True,True,True,,,OVL003,CHECKED_OVERLAP,10.0,0.08333333333333333,PASS,
interrupted_2026-09-17_C254,interrupted_2026-09-17,,data/clips/interrupted_2026-09-17_C254.mp4,interrupted_2026-09-17_C254.mp4,35.534,23c8e5f41267b75145b049e3842768d9ab8869180acb79b067322435a829624b,27830.0,27950.0,120.0,30.0,3600,1920,1080,h264,ffprobe,True,0,True,True,True,,,OVL003,CHECKED_OVERLAP,10.0,0.08333333333333333,PASS,
interrupted_2026-09-17_C255,interrupted_2026-09-17,,data/clips/interrupted_2026-09-17_C255.mp4,interrupted_2026-09-17_C255.mp4,31.769,aea4b67344f2e5efc4de11f45d4fa096e0e50eab10722ffbedf3eb78588d0134,27940.0,28060.0,120.0,30.0,3600,1920,1080,h264,ffprobe,True,0,True,True,True,,,OVL003,CHECKED_OVERLAP,10.0,0.08333333333333333,PASS,
interrupted_2026-09-17_C256,interrupted_2026-09-17,,data/clips/interrupted_2026-09-17_C256.mp4,interrupted_2026-09-17_C256.mp4,34.873,970133b80d4bafc193bb1966cff592204bf40842981991634640ab0bb67811b7,28050.0,28170.0,120.0,30.0,3600,1920,1080,h264,ffprobe,True,0,True,True,True,,,OVL003,CHECKED_OVERLAP,10.0,0.08333333333333333,PASS,
interrupted_2026-09-17_C257,interrupted_2026-09-17,,data/clips/interrupted_2026-09-17_C257.mp4,interrupted_2026-09-17_C257.mp4,30.366,14edf6860fe8937676714f36c2ff6dfd95b32f045d43a1b6bcf5568275b9b9a5,28160.0,28280.0,120.0,30.0,3600,1920,1080,h264,ffprobe,True,0,True,True,True,,,OVL003,CHECKED_OVERLAP,10.0,0.08333333333333333,PASS,
interrupted_2026-09-17_C258,interrupted_2026-09-17,,data/clips/interrupted_2026-09-17_C258.mp4,interrupted_2026-09-17_C258.mp4,30.256,9fd7d82d7cb5947d43df4eb8cc06635ce0bb07faffebec3b7d09823dca119d48,28270.0,28390.0,120.0,30.0,3600,1920,1080,h264,ffprobe,True,0,True,True,True,,,OVL003,CHECKED_OVERLAP,10.0,0.08333333333333333,PASS,
interrupted_2026-09-17_C259,interrupted_2026-09-17,,data/clips/interrupted_2026-09-17_C259.mp4,interrupted_2026-09-17_C259.mp4,24.976,2587cfd7c0270f908d083e477de02e0d1feb3aef6ac4f982cb31a5571aa4bcf0,28380.0,28500.0,120.0,30.0,3600,1920,1080,h264,ffprobe,True,0,True,True,True,,,OVL003,CHECKED_OVERLAP,10.0,0.08333333333333333,PASS,
interrupted_2026-09-17_C260,interrupted_2026-09-17,,data/clips/interrupted_2026-09-17_C260.mp4,interrupted_2026-09-17_C260.mp4,33.937,bd62da337ca474dfe6c2310dd15091ed0061290d6f24d6d29a0dcc39748dd0ef,28490.0,28610.0,120.0,30.0,3600,1920,1080,h264,ffprobe,True,0,True,True,True,,,OVL003,CHECKED_OVERLAP,10.0,0.08333333333333333,PASS,
interrupted_2026-09-17_C261,interrupted_2026-09-17,,data/clips/interrupted_2026-09-17_C261.mp4,interrupted_2026-09-17_C261.mp4,28.398,fbe883a84a4c310f93c4c8c5bdf972c46fd5a2082cf0e95ced8c41f9ecfdaa74,28600.0,28720.0,120.0,30.0,3600,1920,1080,h264,ffprobe,True,0,True,True,True,,,OVL003,CHECKED_OVERLAP,10.0,0.08333333333333333,PASS,
interrupted_2026-09-17_C262,interrupted_2026-09-17,,data/clips/interrupted_2026-09-17_C262.mp4,interrupted_2026-09-17_C262.mp4,30.351,5006bf72ee7f6dd6efdc7d7c70f2d18a4c911701d1bd4b1a7aca8535ef5cb62e,28710.0,28830.0,120.0,30.0,3600,1920,1080,h264,ffprobe,True,0,True,True,True,,,OVL003,CHECKED_OVERLAP,10.0,0.08333333333333333,PASS,
interrupted_2026-09-17_C263,interrupted_2026-09-17,,data/clips/interrupted_2026-09-17_C263.mp4,interrupted_2026-09-17_C263.mp4,30.669,c80ddd731d971034fe7e356024426a93bb921c0af009ddd8f4228f6a5db35de3,28820.0,28940.0,120.0,30.0,3600,1920,1080,h264,ffprobe,True,0,True,True,True,,,OVL003,CHECKED_OVERLAP,10.0,0.08333333333333333,PASS,
interrupted_2026-09-17_C264,interrupted_2026-09-17,,data/clips/interrupted_2026-09-17_C264.mp4,interrupted_2026-09-17_C264.mp4,29.881,39492993f16ea20f70739cb5d3ec69d2890de3637f291af023e28fb4ce08a84f,28930.0,29050.0,120.0,30.0,3600,1920,1080,h264,ffprobe,True,0,True,True,True,,,OVL003,CHECKED_OVERLAP,10.0,0.08333333333333333,PASS,
interrupted_2026-09-17_C265,interrupted_2026-09-17,,data/clips/interrupted_2026-09-17_C265.mp4,interrupted_2026-09-17_C265.mp4,29.881,40de37e4f086270e1a7dcfb478eedacc6729f1b01157aadd27543a7bbaa0ea5b,29040.0,29160.0,120.0,30.0,3600,1920,1080,h264,ffprobe,True,0,True,True,True,,,OVL003,CHECKED_OVERLAP,10.0,0.08333333333333333,PASS,
interrupted_2026-09-17_C266,interrupted_2026-09-17,,data/clips/interrupted_2026-09-17_C266.mp4,interrupted_2026-09-17_C266.mp4,35.549,163761de75414c4fe2788c1fec8222402799a23f047dda465cd92fc06c39ae75,29150.0,29270.0,120.0,30.0,3600,1920,1080,h264,ffprobe,True,0,True,True,True,,,OVL003,CHECKED_OVERLAP,10.0,0.08333333333333333,PASS,
interrupted_2026-09-17_C267,interrupted_2026-09-17,,data/clips/interrupted_2026-09-17_C267.mp4,interrupted_2026-09-17_C267.mp4,35.634,a103b6a45984ab3537a96edc782aaaefe6f40564de883e2f5938c8ffeb8f968b,29260.0,29380.0,120.0,30.0,3600,1920,1080,h264,ffprobe,True,0,True,True,True,,,OVL003,CHECKED_OVERLAP,10.0,0.08333333333333333,PASS,
interrupted_2026-09-17_C268,interrupted_2026-09-17,,data/clips/interrupted_2026-09-17_C268.mp4,interrupted_2026-09-17_C268.mp4,31.368,509bf2505f6f9830f8533b9f882be3308ce65bf8189afac2921cc2e077db45bd,29370.0,29490.0,120.0,30.0,3600,1920,1080,h264,ffprobe,True,0,True,True,True,,,OVL003,CHECKED_OVERLAP,10.0,0.08333333333333333,PASS,
interrupted_2026-09-17_C269,interrupted_2026-09-17,,data/clips/interrupted_2026-09-17_C269.mp4,interrupted_2026-09-17_C269.mp4,30.676,23089e65c579d74254e30cd6936a624e88924ecd0bcb9ea27c1539d309e33fb4,29480.0,29600.0,120.0,30.0,3600,1920,1080,h264,ffprobe,True,0,True,True,True,,,OVL003,CHECKED_OVERLAP,10.0,0.08333333333333333,PASS,
interrupted_2026-09-17_C270,interrupted_2026-09-17,,data/clips/interrupted_2026-09-17_C270.mp4,interrupted_2026-09-17_C270.mp4,29.715,47ff8fb8fbc7f0dd3428561e8075ba19bb7f4788e5801d28fbe5a119790ca32b,29590.0,29710.0,120.0,30.0,3600,1920,1080,h264,ffprobe,True,0,True,True,True,,,OVL003,CHECKED_OVERLAP,10.0,0.08333333333333333,PASS,
interrupted_2026-09-17_C271,interrupted_2026-09-17,,data/clips/interrupted_2026-09-17_C271.mp4,interrupted_2026-09-17_C271.mp4,36.144,38d453edeebde9a54b8ef3e8ee5738ff5f52e8a3f6def51fe135b9b8562ca4a5,29700.0,29820.0,120.0,30.0,3600,1920,1080,h264,ffprobe,True,0,True,True,True,,,OVL003,CHECKED_OVERLAP,10.0,0.08333333333333333,PASS,
interrupted_2026-09-17_C272,interrupted_2026-09-17,,data/clips/interrupted_2026-09-17_C272.mp4,interrupted_2026-09-17_C272.mp4,30.141,0e97f3ce0edd7f4ee2eb6b5ef80c332bea0ae1eae28b58d65f1c995a74559f3c,29810.0,29930.0,120.0,30.0,3600,1920,1080,h264,ffprobe,True,0,True,True,True,,,OVL003,CHECKED_OVERLAP,10.0,0.08333333333333333,PASS,
interrupted_2026-09-17_C273,interrupted_2026-09-17,,data/clips/interrupted_2026-09-17_C273.mp4,interrupted_2026-09-17_C273.mp4,47.53,b36fabc014be8053465b72244e7b99ab10a6ffd891930a771c0119aaf4852ade,29920.0,30040.0,120.0,30.0,3600,1920,1080,h264,ffprobe,True,0,True,True,True,,,OVL003,CHECKED_OVERLAP,10.0,0.08333333333333333,PASS,
interrupted_2026-09-17_C274,interrupted_2026-09-17,,data/clips/interrupted_2026-09-17_C274.mp4,interrupted_2026-09-17_C274.mp4,44.61,a35ecba9cf201e7cb05600fecfdd98682d983bed22113063578a0b9b9677842a,30030.0,30150.0,120.0,30.0,3600,1920,1080,h264,ffprobe,True,0,True,True,True,,,OVL003,CHECKED_OVERLAP,10.0,0.08333333333333333,PASS,
interrupted_2026-09-17_C275,interrupted_2026-09-17,,data/clips/interrupted_2026-09-17_C275.mp4,interrupted_2026-09-17_C275.mp4,41.702,46e18c0e810d6ef4c4daae9ad1cfee39b032bc44a0c918974bd9634353cc707f,30140.0,30260.0,120.0,30.0,3600,1920,1080,h264,ffprobe,True,0,True,True,True,,,OVL003,CHECKED_OVERLAP,10.0,0.08333333333333333,PASS,
interrupted_2026-09-17_C276,interrupted_2026-09-17,,data/clips/interrupted_2026-09-17_C276.mp4,interrupted_2026-09-17_C276.mp4,41.305,78dc6756f09cfa7035654121433b8bfc428547bcd97ab5671d950c2dc9a0af39,30250.0,30370.0,120.0,30.0,3600,1920,1080,h264,ffprobe,True,0,True,True,True,,,OVL003,CHECKED_OVERLAP,10.0,0.08333333333333333,PASS,
interrupted_2026-09-17_C277,interrupted_2026-09-17,,data/clips/interrupted_2026-09-17_C277.mp4,interrupted_2026-09-17_C277.mp4,36.19,36d375b6dc2bb64fd0f9cc773dd1b242f8891ebd39be21377f85a1771aadfa65,30360.0,30480.0,120.0,30.0,3600,1920,1080,h264,ffprobe,True,0,True,True,True,,,OVL003,CHECKED_OVERLAP,10.0,0.08333333333333333,PASS,
interrupted_2026-09-17_C278,interrupted_2026-09-17,,data/clips/interrupted_2026-09-17_C278.mp4,interrupted_2026-09-17_C278.mp4,38.399,6457e3b55bf703951a707c7d80837fb26070efd3e1d242bd850e73b19fbb8eee,30470.0,30590.0,120.0,30.0,3600,1920,1080,h264,ffprobe,True,0,True,True,True,,,OVL003,CHECKED_OVERLAP,10.0,0.08333333333333333,PASS,
interrupted_2026-09-17_C279,interrupted_2026-09-17,,data/clips/interrupted_2026-09-17_C279.mp4,interrupted_2026-09-17_C279.mp4,42.56,af3c97ddf26e5bff091147a9ad693a9aec6c74db2cf3567d984bacd079a5579f,30580.0,30700.0,120.0,30.0,3600,1920,1080,h264,ffprobe,True,0,True,True,True,,,OVL003,CHECKED_OVERLAP,10.0,0.08333333333333333,PASS,
interrupted_2026-09-17_C280,interrupted_2026-09-17,,data/clips/interrupted_2026-09-17_C280.mp4,interrupted_2026-09-17_C280.mp4,38.949,1a322c63551b4b89b4598dfccb14f288bb125e613b1bc05b69081ab8c6adaf63,30690.0,30810.0,120.0,30.0,3600,1920,1080,h264,ffprobe,True,0,True,True,True,,,OVL003,CHECKED_OVERLAP,10.0,0.08333333333333333,PASS,
interrupted_2026-09-17_C281,interrupted_2026-09-17,,data/clips/interrupted_2026-09-17_C281.mp4,interrupted_2026-09-17_C281.mp4,39.76,28a843b494f13bcd1ab9fb425c10576211b01b2eae2dd82ad840c4e15462bb38,30800.0,30920.0,120.0,30.0,3600,1920,1080,h264,ffprobe,True,0,True,True,True,,,OVL003,CHECKED_OVERLAP,10.0,0.08333333333333333,PASS,
interrupted_2026-09-17_C282,interrupted_2026-09-17,,data/clips/interrupted_2026-09-17_C282.mp4,interrupted_2026-09-17_C282.mp4,34.499,b61834344cc099576923dd295f59b3073730766f2ec10417469f1faae0296353,30910.0,31030.0,120.0,30.0,3600,1920,1080,h264,ffprobe,True,0,True,True,True,,,OVL003,CHECKED_OVERLAP,10.0,0.08333333333333333,PASS,
interrupted_2026-09-17_C283,interrupted_2026-09-17,,data/clips/interrupted_2026-09-17_C283.mp4,interrupted_2026-09-17_C283.mp4,35.109,1c57cf8d341d8cee1f498014e15c7830b70fc5f727cc5e839b82b1684b3bd98d,31020.0,31140.0,120.0,30.0,3600,1920,1080,h264,ffprobe,True,0,True,True,True,,,OVL003,CHECKED_OVERLAP,10.0,0.08333333333333333,PASS,
interrupted_2026-09-17_C284,interrupted_2026-09-17,,data/clips/interrupted_2026-09-17_C284.mp4,interrupted_2026-09-17_C284.mp4,39.614,1303022a655abaf78916dfce95c02edc2cb75390c6e710901d677732576bf14d,31130.0,31250.0,120.0,30.0,3600,1920,1080,h264,ffprobe,True,0,True,True,True,,,OVL003,CHECKED_OVERLAP,10.0,0.08333333333333333,PASS,
interrupted_2026-09-17_C285,interrupted_2026-09-17,,data/clips/interrupted_2026-09-17_C285.mp4,interrupted_2026-09-17_C285.mp4,41.199,231443300ea26efea6a44d5bdeda1b637b6e8a22d800265a6d7a12a65a4e26b4,31240.0,31360.0,120.0,30.0,3600,1920,1080,h264,ffprobe,True,0,True,True,True,,,OVL003,CHECKED_OVERLAP,10.0,0.08333333333333333,PASS,
interrupted_2026-09-17_C286,interrupted_2026-09-17,,data/clips/interrupted_2026-09-17_C286.mp4,interrupted_2026-09-17_C286.mp4,39.413,8d2bf3d16c16cf7b0ac8a988fcf0ee86629e7d8fd48d18e1694e3d9c0ef22efe,31350.0,31470.0,120.0,30.0,3600,1920,1080,h264,ffprobe,True,0,True,True,True,,,OVL003,CHECKED_OVERLAP,10.0,0.08333333333333333,PASS,
interrupted_2026-09-17_C287,interrupted_2026-09-17,,data/clips/interrupted_2026-09-17_C287.mp4,interrupted_2026-09-17_C287.mp4,39.587,f537db2aeaf12da03622d55e12f630c5b31947a0299c07275aa14ce323ef7ed1,31460.0,31580.0,120.0,30.0,3600,1920,1080,h264,ffprobe,True,0,True,True,True,,,OVL003,CHECKED_OVERLAP,10.0,0.08333333333333333,PASS,
interrupted_2026-09-17_C288,interrupted_2026-09-17,,data/clips/interrupted_2026-09-17_C288.mp4,interrupted_2026-09-17_C288.mp4,42.918,cce2490670445e115096fa3aac17be49db9ace391463547030b3f4f022fd87b9,31570.0,31690.0,120.0,30.0,3600,1920,1080,h264,ffprobe,True,0,True,True,True,,,OVL003,CHECKED_OVERLAP,10.0,0.08333333333333333,PASS,
interrupted_2026-09-17_C289,interrupted_2026-09-17,,data/clips/interrupted_2026-09-17_C289.mp4,interrupted_2026-09-17_C289.mp4,42.877,c6afe81af69adf131c3ec7e54b022851be1bd05e6ee5af6dee3b96d7878bed3c,31680.0,31800.0,120.0,30.0,3600,1920,1080,h264,ffprobe,True,0,True,True,True,,,OVL003,CHECKED_OVERLAP,10.0,0.08333333333333333,PASS,
interrupted_2026-09-17_C290,interrupted_2026-09-17,,data/clips/interrupted_2026-09-17_C290.mp4,interrupted_2026-09-17_C290.mp4,40.137,665c156530222f353300dc5c5bec7cb5613c916e824b2685af0d6715105e159c,31790.0,31910.0,120.0,30.0,3600,1920,1080,h264,ffprobe,True,0,True,True,True,,,OVL003,CHECKED_OVERLAP,10.0,0.08333333333333333,PASS,
interrupted_2026-09-17_C291,interrupted_2026-09-17,,data/clips/interrupted_2026-09-17_C291.mp4,interrupted_2026-09-17_C291.mp4,43.721,67d420dc41c3c9d3605a12fa8007a06e18d4ccb24c8751d937fbc268b4a9087f,31900.0,32020.0,120.0,30.0,3600,1920,1080,h264,ffprobe,True,0,True,True,True,,,OVL003,CHECKED_OVERLAP,10.0,0.08333333333333333,PASS,
interrupted_2026-09-17_C292,interrupted_2026-09-17,,data/clips/interrupted_2026-09-17_C292.mp4,interrupted_2026-09-17_C292.mp4,42.14,fd1eda3fdd8589360606885d845f26da0b9a14d2a84acc02bfc23500837ef2af,32010.0,32130.0,120.0,30.0,3600,1920,1080,h264,ffprobe,True,0,True,True,True,,,OVL003,CHECKED_OVERLAP,10.0,0.08333333333333333,PASS,
interrupted_2026-09-17_C293,interrupted_2026-09-17,,data/clips/interrupted_2026-09-17_C293.mp4,interrupted_2026-09-17_C293.mp4,40.062,22b3e93a9a15de0eccb51d22e478210da25c56beb7660e2f34dbecf4decaf8d4,32120.0,32240.0,120.0,30.0,3600,1920,1080,h264,ffprobe,True,0,True,True,True,,,OVL003,CHECKED_OVERLAP,10.0,0.08333333333333333,PASS,
interrupted_2026-09-17_C294,interrupted_2026-09-17,,data/clips/interrupted_2026-09-17_C294.mp4,interrupted_2026-09-17_C294.mp4,37.294,5f5e47180dd8dd3a83dc91e3e92cda35f979373d2f4e7435e1552765bcfd8c6a,32230.0,32350.0,120.0,30.0,3600,1920,1080,h264,ffprobe,True,0,True,True,True,,,OVL003,CHECKED_OVERLAP,10.0,0.08333333333333333,PASS,
interrupted_2026-09-17_C295,interrupted_2026-09-17,,data/clips/interrupted_2026-09-17_C295.mp4,interrupted_2026-09-17_C295.mp4,38.403,c6e83c86454fa9d3c911e16ae128ea43859ccf8852f15d967ea2d9871342ce4e,32340.0,32460.0,120.0,30.0,3600,1920,1080,h264,ffprobe,True,0,True,True,True,,,OVL003,CHECKED_OVERLAP,10.0,0.08333333333333333,PASS,
interrupted_2026-09-17_C296,interrupted_2026-09-17,,data/clips/interrupted_2026-09-17_C296.mp4,interrupted_2026-09-17_C296.mp4,39.297,2dc0d434dda779b6f3700e6df32a88694b194b9fca9c4242473cbb1f1e0283b6,32450.0,32570.0,120.0,30.0,3600,1920,1080,h264,ffprobe,True,0,True,True,True,,,OVL003,CHECKED_OVERLAP,10.0,0.08333333333333333,PASS,
interrupted_2026-09-17_C297,interrupted_2026-09-17,,data/clips/interrupted_2026-09-17_C297.mp4,interrupted_2026-09-17_C297.mp4,39.408,85ea9737e73224f97dccf13c7a562c9cfe1a9f43e799ed767e18fd2d6ecb1265,32560.0,32680.0,120.0,30.0,3600,1920,1080,h264,ffprobe,True,0,True,True,True,,,OVL003,CHECKED_OVERLAP,10.0,0.08333333333333333,PASS,
interrupted_2026-09-17_C298,interrupted_2026-09-17,,data/clips/interrupted_2026-09-17_C298.mp4,interrupted_2026-09-17_C298.mp4,37.187,69f5d858b183cf4d0c55ea8efaa0cd5823c9a9901b3c9a69861676fb3a8ef79f,32670.0,32790.0,120.0,30.0,3600,1920,1080,h264,ffprobe,True,0,True,True,True,,,OVL003,CHECKED_OVERLAP,10.0,0.08333333333333333,PASS,
interrupted_2026-09-17_C299,interrupted_2026-09-17,,data/clips/interrupted_2026-09-17_C299.mp4,interrupted_2026-09-17_C299.mp4,35.777,8198a0a8e8e50b5644e924a8dee818ce67bfae3891b2c90660dccd0feda811d0,32780.0,32900.0,120.0,30.0,3600,1920,1080,h264,ffprobe,True,0,True,True,True,,,OVL003,CHECKED_OVERLAP,10.0,0.08333333333333333,PASS,
interrupted_2026-09-17_C300,interrupted_2026-09-17,,data/clips/interrupted_2026-09-17_C300.mp4,interrupted_2026-09-17_C300.mp4,33.393,1f464aad32a56e6ea33679264714dc829c8142da042130821d53865b8808db09,32890.0,33010.0,120.0,30.0,3600,1920,1080,h264,ffprobe,True,0,True,True,True,,,OVL003,CHECKED_OVERLAP,10.0,0.08333333333333333,PASS,
interrupted_2026-09-17_C301,interrupted_2026-09-17,,data/clips/interrupted_2026-09-17_C301.mp4,interrupted_2026-09-17_C301.mp4,36.096,3de3addf6698c7fdbae4c56e1f9b53ff22e6eda25f22346914d75c5ec4cd6d3b,33000.0,33120.0,120.0,30.0,3600,1920,1080,h264,ffprobe,True,0,True,True,True,,,OVL003,CHECKED_OVERLAP,10.0,0.08333333333333333,PASS,
interrupted_2026-09-17_C302,interrupted_2026-09-17,,data/clips/interrupted_2026-09-17_C302.mp4,interrupted_2026-09-17_C302.mp4,35.443,5cc83e44edae24a9c13dcb1a6bfa292a0ad33860e1ccfe986f8d2198d799865e,33110.0,33230.0,120.0,30.0,3600,1920,1080,h264,ffprobe,True,0,True,True,True,,,OVL003,CHECKED_OVERLAP,10.0,0.08333333333333333,PASS,
interrupted_2026-09-17_C303,interrupted_2026-09-17,,data/clips/interrupted_2026-09-17_C303.mp4,interrupted_2026-09-17_C303.mp4,35.212,5aa9b3f350929c653ed1ce329c1607aa8bad31709e6635fb1e6a1cccc5cfee77,33220.0,33340.0,120.0,30.0,3600,1920,1080,h264,ffprobe,True,0,True,True,True,,,OVL003,CHECKED_OVERLAP,10.0,0.08333333333333333,PASS,
interrupted_2026-09-17_C304,interrupted_2026-09-17,,data/clips/interrupted_2026-09-17_C304.mp4,interrupted_2026-09-17_C304.mp4,34.774,10a6d5774d0bf0542859a8d0c2db5e2e4bc2e2cf8ebfea8f0631bb71645a9986,33330.0,33450.0,120.0,30.0,3600,1920,1080,h264,ffprobe,True,0,True,True,True,,,OVL003,CHECKED_OVERLAP,10.0,0.08333333333333333,PASS,
interrupted_2026-09-17_C305,interrupted_2026-09-17,,data/clips/interrupted_2026-09-17_C305.mp4,interrupted_2026-09-17_C305.mp4,35.287,6c86abfdadcb359f3a8789436d3ce804b7a2f3fc86371956c5111cc564d0b959,33440.0,33560.0,120.0,30.0,3600,1920,1080,h264,ffprobe,True,0,True,True,True,,,OVL003,CHECKED_OVERLAP,10.0,0.08333333333333333,PASS,
interrupted_2026-09-17_C306,interrupted_2026-09-17,,data/clips/interrupted_2026-09-17_C306.mp4,interrupted_2026-09-17_C306.mp4,37.546,5b5ac46263fb52f67f0bc2c6b475c52effb7c2c7c2d0114154db234005f8cd1b,33550.0,33670.0,120.0,30.0,3600,1920,1080,h264,ffprobe,True,0,True,True,True,,,OVL003,CHECKED_OVERLAP,10.0,0.08333333333333333,PASS,
interrupted_2026-09-17_C307,interrupted_2026-09-17,,data/clips/interrupted_2026-09-17_C307.mp4,interrupted_2026-09-17_C307.mp4,35.922,bfd79104b2c0f4801e621612f58d9e6575b8c366e315b9e473bcaec4510d7909,33660.0,33780.0,120.0,30.0,3600,1920,1080,h264,ffprobe,True,0,True,True,True,,,OVL003,CHECKED_OVERLAP,10.0,0.08333333333333333,PASS,
interrupted_2026-09-17_C308,interrupted_2026-09-17,,data/clips/interrupted_2026-09-17_C308.mp4,interrupted_2026-09-17_C308.mp4,37.688,cd681a0babec43ff7a29cf17a415ca057413c1e4a692340d74cea84f6501a648,33770.0,33890.0,120.0,30.0,3600,1920,1080,h264,ffprobe,True,0,True,True,True,,,OVL003,CHECKED_OVERLAP,10.0,0.08333333333333333,PASS,
interrupted_2026-09-17_C309,interrupted_2026-09-17,,data/clips/interrupted_2026-09-17_C309.mp4,interrupted_2026-09-17_C309.mp4,36.57,f587c8b26065b6e127a4a3a555c1358d8616c7801e979ebc122202253fa7dcec,33880.0,34000.0,120.0,30.0,3600,1920,1080,h264,ffprobe,True,0,True,True,True,,,OVL003,CHECKED_OVERLAP,10.0,0.08333333333333333,PASS,
interrupted_2026-09-17_C310,interrupted_2026-09-17,,data/clips/interrupted_2026-09-17_C310.mp4,interrupted_2026-09-17_C310.mp4,33.056,7e192cdc5ca075868a69aa539269cb007c4af06a5051b115e4526b396c1e0422,33990.0,34110.0,120.0,30.0,3600,1920,1080,h264,ffprobe,True,0,True,True,True,,,OVL003,CHECKED_OVERLAP,10.0,0.08333333333333333,PASS,
interrupted_2026-09-17_C311,interrupted_2026-09-17,,data/clips/interrupted_2026-09-17_C311.mp4,interrupted_2026-09-17_C311.mp4,34.586,56bff2ec41bf7a4447dba3ec819db08b6c7a10a7c0825695c14d8521a26c1785,34100.0,34220.0,120.0,30.0,3600,1920,1080,h264,ffprobe,True,0,True,True,True,,,OVL003,CHECKED_OVERLAP,10.0,0.08333333333333333,PASS,
interrupted_2026-09-17_C312,interrupted_2026-09-17,,data/clips/interrupted_2026-09-17_C312.mp4,interrupted_2026-09-17_C312.mp4,33.123,8b4299143cedd18e1de7172b108ec480731ff03996efeb2979f0e78a5b0d9271,34210.0,34330.0,120.0,30.0,3600,1920,1080,h264,ffprobe,True,0,True,True,True,,,OVL003,CHECKED_OVERLAP,10.0,0.08333333333333333,PASS,
interrupted_2026-09-17_C313,interrupted_2026-09-17,,data/clips/interrupted_2026-09-17_C313.mp4,interrupted_2026-09-17_C313.mp4,35.893,bcbaf3b4829fc112310d5133938f2e73c1b82f426b1ec9c159bd97f383373816,34320.0,34440.0,120.0,30.0,3600,1920,1080,h264,ffprobe,True,0,True,True,True,,,OVL003,CHECKED_OVERLAP,10.0,0.08333333333333333,PASS,
interrupted_2026-09-17_C314,interrupted_2026-09-17,,data/clips/interrupted_2026-09-17_C314.mp4,interrupted_2026-09-17_C314.mp4,34.729,6af6517f5ac8901da3f7674c16d62178f92c07c7ef9162abae0d6bba8a3ecf6f,34430.0,34550.0,120.0,30.0,3600,1920,1080,h264,ffprobe,True,0,True,True,True,,,OVL003,CHECKED_OVERLAP,10.0,0.08333333333333333,PASS,
interrupted_2026-09-17_C315,interrupted_2026-09-17,,data/clips/interrupted_2026-09-17_C315.mp4,interrupted_2026-09-17_C315.mp4,36.111,7037fc34e2a91d38b68f8d5d4bcef13ec470b76798c1314acc46e18d2387d0b5,34540.0,34660.0,120.0,30.0,3600,1920,1080,h264,ffprobe,True,0,True,True,True,,,OVL003,CHECKED_OVERLAP,10.0,0.08333333333333333,PASS,
interrupted_2026-09-17_C316,interrupted_2026-09-17,,data/clips/interrupted_2026-09-17_C316.mp4,interrupted_2026-09-17_C316.mp4,36.281,56b39cac49ccbdbdd2d40e3fcd3abad9a93688263777cc15033a9db681331761,34650.0,34770.0,120.0,30.0,3600,1920,1080,h264,ffprobe,True,0,True,True,True,,,OVL003,CHECKED_OVERLAP,10.0,0.08333333333333333,PASS,
interrupted_2026-09-17_C317,interrupted_2026-09-17,,data/clips/interrupted_2026-09-17_C317.mp4,interrupted_2026-09-17_C317.mp4,34.847,83a9bc9b08d2bf275079e2165dfcae7e53909b326ac405cc610344411ea801e0,34760.0,34880.0,120.0,30.0,3600,1920,1080,h264,ffprobe,True,0,True,True,True,,,OVL003,CHECKED_OVERLAP,10.0,0.08333333333333333,PASS,
interrupted_2026-09-17_C318,interrupted_2026-09-17,,data/clips/interrupted_2026-09-17_C318.mp4,interrupted_2026-09-17_C318.mp4,38.062,659c481c800a57fe39983bffd5e3f1f68ff67e3cdc4c65d06646afbc69fd9ea5,34870.0,34990.0,120.0,30.0,3600,1920,1080,h264,ffprobe,True,0,True,True,True,,,OVL003,CHECKED_OVERLAP,10.0,0.08333333333333333,PASS,
interrupted_2026-09-17_C319,interrupted_2026-09-17,,data/clips/interrupted_2026-09-17_C319.mp4,interrupted_2026-09-17_C319.mp4,33.733,149955de686d92c0a039ad05859f0438315b1b7679ce895a0f26eac406d1c99c,34980.0,35100.0,120.0,30.0,3600,1920,1080,h264,ffprobe,True,0,True,True,True,,,OVL003,CHECKED_OVERLAP,10.0,0.08333333333333333,PASS,
interrupted_2026-09-17_C320,interrupted_2026-09-17,,data/clips/interrupted_2026-09-17_C320.mp4,interrupted_2026-09-17_C320.mp4,37.944,d0d2c59d9a82b42a2eca41c117a6fde254b83c9daabba4cfa298cbc70fde7ab2,35090.0,35210.0,120.0,30.0,3600,1920,1080,h264,ffprobe,True,0,True,True,True,,,OVL003,CHECKED_OVERLAP,10.0,0.08333333333333333,PASS,
interrupted_2026-09-17_C321,interrupted_2026-09-17,,data/clips/interrupted_2026-09-17_C321.mp4,interrupted_2026-09-17_C321.mp4,35.52,8a86809a31fad600fed556fe28e1f2fce582fbdfca7af74c7b73d18563631d70,35200.0,35320.0,120.0,30.0,3600,1920,1080,h264,ffprobe,True,0,True,True,True,,,OVL003,CHECKED_OVERLAP,10.0,0.08333333333333333,PASS,
interrupted_2026-09-17_C322,interrupted_2026-09-17,,data/clips/interrupted_2026-09-17_C322.mp4,interrupted_2026-09-17_C322.mp4,33.163,93cd314c6c5464837dfefc46d69292f042740d536778a4fc000b23d797de6e5c,35310.0,35430.0,120.0,30.0,3600,1920,1080,h264,ffprobe,True,0,True,True,True,,,OVL003,CHECKED_OVERLAP,10.0,0.08333333333333333,PASS,
interrupted_2026-09-17_C323,interrupted_2026-09-17,,data/clips/interrupted_2026-09-17_C323.mp4,interrupted_2026-09-17_C323.mp4,31.242,27d91d2b4d278745644ae223b8ccb8ec19a172e89420f976f2d33e4c5a5ef732,35420.0,35540.0,120.0,30.0,3600,1920,1080,h264,ffprobe,True,0,True,True,True,,,OVL003,CHECKED_OVERLAP,10.0,0.08333333333333333,PASS,
interrupted_2026-09-17_C324,interrupted_2026-09-17,,data/clips/interrupted_2026-09-17_C324.mp4,interrupted_2026-09-17_C324.mp4,31.731,dda2be97e3441184bf9fb205e2a72fbc53e3f3a246c8c4e8c8a70d0d83943fbd,35530.0,35650.0,120.0,30.0,3600,1920,1080,h264,ffprobe,True,0,True,True,True,,,OVL003,CHECKED_OVERLAP,10.0,0.08333333333333333,PASS,
interrupted_2026-09-17_C325,interrupted_2026-09-17,,data/clips/interrupted_2026-09-17_C325.mp4,interrupted_2026-09-17_C325.mp4,33.349,5e83aa30810151ddd92185db358ca30d74f6f2425dfa886d274eb978b0505907,35640.0,35760.0,120.0,30.0,3600,1920,1080,h264,ffprobe,True,0,True,True,True,,,OVL003,CHECKED_OVERLAP,10.0,0.08333333333333333,PASS,
interrupted_2026-09-17_C326,interrupted_2026-09-17,,data/clips/interrupted_2026-09-17_C326.mp4,interrupted_2026-09-17_C326.mp4,30.62,8dada1feaf731b934af34a891d2700ce76f52d2eb3bcbfcddc1c801f03f2befe,35750.0,35870.0,120.0,30.0,3600,1920,1080,h264,ffprobe,True,0,True,True,True,,,OVL003,CHECKED_OVERLAP,10.0,0.08333333333333333,PASS,
interrupted_2026-09-17_C327,interrupted_2026-09-17,,data/clips/interrupted_2026-09-17_C327.mp4,interrupted_2026-09-17_C327.mp4,35.496,efa6d61f092737362bbbf72cce1807bfb285882104ad1eb94fc1e0afde49877d,35860.0,35980.0,120.0,30.0,3600,1920,1080,h264,ffprobe,True,0,True,True,True,,,OVL003,CHECKED_OVERLAP,10.0,0.08333333333333333,PASS,
interrupted_2026-09-17_C328,interrupted_2026-09-17,,data/clips/interrupted_2026-09-17_C328.mp4,interrupted_2026-09-17_C328.mp4,35.501,8eab67f46a9dbd763eeec69a89aa74dbd84b6cad2eab0732dedfd57e84db1f2d,35970.0,36090.0,120.0,30.0,3600,1920,1080,h264,ffprobe,True,0,True,True,True,,,OVL003,CHECKED_OVERLAP,10.0,0.08333333333333333,PASS,
interrupted_2026-09-17_C329,interrupted_2026-09-17,,data/clips/interrupted_2026-09-17_C329.mp4,interrupted_2026-09-17_C329.mp4,32.911,d851f6c44815849b691429e1a57215f68b418219dd1408cd24a0e9d3a9942030,36080.0,36200.0,120.0,30.0,3600,1920,1080,h264,ffprobe,True,0,True,True,True,,,OVL003,CHECKED_OVERLAP,10.0,0.08333333333333333,PASS,
interrupted_2026-09-17_C330,interrupted_2026-09-17,,data/clips/interrupted_2026-09-17_C330.mp4,interrupted_2026-09-17_C330.mp4,32.408,4b736029ba4624bf64614d6d4ed5d4a7625d04caf69641ddd4cf3d9cdcbf8f5b,36190.0,36310.0,120.0,30.0,3600,1920,1080,h264,ffprobe,True,0,True,True,True,,,OVL003,CHECKED_OVERLAP,10.0,0.08333333333333333,PASS,
interrupted_2026-09-17_C331,interrupted_2026-09-17,,data/clips/interrupted_2026-09-17_C331.mp4,interrupted_2026-09-17_C331.mp4,31.942,c004f5a845bdd9d2e1eee63075a393204663cbea3acd62c1d90cd72ddcc9526a,36300.0,36420.0,120.0,30.0,3600,1920,1080,h264,ffprobe,True,0,True,True,True,,,OVL003,CHECKED_OVERLAP,10.0,0.08333333333333333,PASS,
interrupted_2026-09-17_C332,interrupted_2026-09-17,,data/clips/interrupted_2026-09-17_C332.mp4,interrupted_2026-09-17_C332.mp4,32.889,4b83fb80cf06ac17426212f6d7d4edd9881ad4f1b207eb0ab462949d1c3ef78f,36410.0,36530.0,120.0,30.0,3600,1920,1080,h264,ffprobe,True,0,True,True,True,,,OVL003,CHECKED_OVERLAP,10.0,0.08333333333333333,PASS,
interrupted_2026-09-17_C333,interrupted_2026-09-17,,data/clips/interrupted_2026-09-17_C333.mp4,interrupted_2026-09-17_C333.mp4,29.866,858605976210d7d60481138c2914dc8ec8a0eb9267f62bf149d0dd618ec26c69,36520.0,36640.0,120.0,30.0,3600,1920,1080,h264,ffprobe,True,0,True,True,True,,,OVL003,CHECKED_OVERLAP,10.0,0.08333333333333333,PASS,
interrupted_2026-09-17_C334,interrupted_2026-09-17,,data/clips/interrupted_2026-09-17_C334.mp4,interrupted_2026-09-17_C334.mp4,33.743,1b7bda125c58873737725f770a624c477fe68dac556652c849da9b3218e4ab52,36630.0,36750.0,120.0,30.0,3600,1920,1080,h264,ffprobe,True,0,True,True,True,,,OVL003,CHECKED_OVERLAP,10.0,0.08333333333333333,PASS,
interrupted_2026-09-17_C335,interrupted_2026-09-17,,data/clips/interrupted_2026-09-17_C335.mp4,interrupted_2026-09-17_C335.mp4,33.096,2c94240922121906388baa089243963afb5915c583734c8cc9f4b48fa25161c7,36740.0,36860.0,120.0,30.0,3600,1920,1080,h264,ffprobe,True,0,True,True,True,,,OVL003,CHECKED_OVERLAP,10.0,0.08333333333333333,PASS,
interrupted_2026-09-17_C336,interrupted_2026-09-17,,data/clips/interrupted_2026-09-17_C336.mp4,interrupted_2026-09-17_C336.mp4,34.87,b372546b851aa64e7c82c937ec81a33be4ae2cc32e948d15df3fcde300be9b4d,36850.0,36970.0,120.0,30.0,3600,1920,1080,h264,ffprobe,True,0,True,True,True,,,OVL003,CHECKED_OVERLAP,10.0,0.08333333333333333,PASS,
interrupted_2026-09-17_C337,interrupted_2026-09-17,,data/clips/interrupted_2026-09-17_C337.mp4,interrupted_2026-09-17_C337.mp4,33.413,4206ba30149781b91b0b49f73a9afa26de5edf9d9d41cfd81bbc07a08d258dee,36960.0,37080.0,120.0,30.0,3600,1920,1080,h264,ffprobe,True,0,True,True,True,,,OVL003,CHECKED_OVERLAP,10.0,0.08333333333333333,PASS,
interrupted_2026-09-17_C338,interrupted_2026-09-17,,data/clips/interrupted_2026-09-17_C338.mp4,interrupted_2026-09-17_C338.mp4,33.718,40ea4739d3a07979eeba8493c5dd0262383e70d0bfd5483b3b59c549256fbcb5,37070.0,37190.0,120.0,30.0,3600,1920,1080,h264,ffprobe,True,0,True,True,True,,,OVL003,CHECKED_OVERLAP,10.0,0.08333333333333333,PASS,
interrupted_2026-09-17_C339,interrupted_2026-09-17,,data/clips/interrupted_2026-09-17_C339.mp4,interrupted_2026-09-17_C339.mp4,31.881,dd49ee65d5ee7572624ef9f0a530d7e076dec96315e3d95a91d383ef44f8642c,37180.0,37300.0,120.0,30.0,3600,1920,1080,h264,ffprobe,True,0,True,True,True,,,OVL003,CHECKED_OVERLAP,10.0,0.2127659574468085,PASS,
interrupted_2026-09-17_C340,interrupted_2026-09-17,,data/clips/interrupted_2026-09-17_C340.mp4,interrupted_2026-09-17_C340.mp4,12.885,e66b0c02da63fde017c2032d054acd72e66f94f526189fe1286d2538f8662514,37290.0,37337.0,47.0,30.0,1410,1920,1080,h264,ffprobe,True,0,True,True,True,,,OVL003,CHECKED_OVERLAP,10.0,0.2127659574468085,PASS,
