issue_id,clip_id,source_id,issue_type,severity,details,related_clip_id,action
Icc861333f58fc2aa,LF_ZmCAo38w_C001,LF_ZmCAo38w,TEMPORAL_OVERLAP,INFO,"overlap_sec=10.000, overlap_ratio=0.083333; within configured expected overlap=10.000s",LF_ZmCAo38w_C002,No automatic action; retain for inventory evidence.
I0ce782ffc194c542,LF_ZmCAo38w_C002,LF_ZmCAo38w,TEMPORAL_OVERLAP,INFO,"overlap_sec=10.000, overlap_ratio=0.083333; within configured expected overlap=10.000s",LF_ZmCAo38w_C001,No automatic action; retain for inventory evidence.
Ic90b5c3dbff1f76c,LF_ZmCAo38w_C002,LF_ZmCAo38w,TEMPORAL_OVERLAP,INFO,"overlap_sec=10.000, overlap_ratio=0.083333; within configured expected overlap=10.000s",LF_ZmCAo38w_C003,No automatic action; retain for inventory evidence.
I9eef15fdd15e5b97,LF_ZmCAo38w_C003,LF_ZmCAo38w,TEMPORAL_OVERLAP,INFO,"overlap_sec=10.000, overlap_ratio=0.083333; within configured expected overlap=10.000s",LF_ZmCAo38w_C002,No automatic action; retain for inventory evidence.
I93cc24b07822c094,LF_ZmCAo38w_C003,LF_ZmCAo38w,TEMPORAL_OVERLAP,INFO,"overlap_sec=10.000, overlap_ratio=0.083333; within configured expected overlap=10.000s",LF_ZmCAo38w_C004,No automatic action; retain for inventory evidence.
I8e5401e7c81c5e60,LF_ZmCAo38w_C004,LF_ZmCAo38w,TEMPORAL_OVERLAP,INFO,"overlap_sec=10.000, overlap_ratio=0.083333; within configured expected overlap=10.000s",LF_ZmCAo38w_C003,No automatic action; retain for inventory evidence.
I2bfc05ae5a2bcffe,LF_ZmCAo38w_C004,LF_ZmCAo38w,TEMPORAL_OVERLAP,INFO,"overlap_sec=10.000, overlap_ratio=0.083333; within configured expected overlap=10.000s",LF_ZmCAo38w_C005,No automatic action; retain for inventory evidence.
I5800c3b142aaf77b,LF_ZmCAo38w_C005,LF_ZmCAo38w,TEMPORAL_OVERLAP,INFO,"overlap_sec=10.000, overlap_ratio=0.083333; within configured expected overlap=10.000s",LF_ZmCAo38w_C004,No automatic action; retain for inventory evidence.
I503078cdfe0a74fa,LF_ZmCAo38w_C005,LF_ZmCAo38w,TEMPORAL_OVERLAP,INFO,"overlap_sec=10.000, overlap_ratio=0.083333; within configured expected overlap=10.000s",LF_ZmCAo38w_C006,No automatic action; retain for inventory evidence.
I693ed2ca0b89348f,LF_ZmCAo38w_C006,LF_ZmCAo38w,TEMPORAL_OVERLAP,INFO,"overlap_sec=10.000, overlap_ratio=0.083333; within configured expected overlap=10.000s",LF_ZmCAo38w_C005,No automatic action; retain for inventory evidence.
I4a6b5705f3140a9b,LF_ZmCAo38w_C006,LF_ZmCAo38w,TEMPORAL_OVERLAP,INFO,"overlap_sec=10.000, overlap_ratio=0.083333; within configured expected overlap=10.000s",LF_ZmCAo38w_C007,No automatic action; retain for inventory evidence.
I16178825e1e13e9d,LF_ZmCAo38w_C007,LF_ZmCAo38w,TEMPORAL_OVERLAP,INFO,"overlap_sec=10.000, overlap_ratio=0.083333; within configured expected overlap=10.000s",LF_ZmCAo38w_C006,No automatic action; retain for inventory evidence.
I4b17da6490ca7e91,LF_ZmCAo38w_C007,LF_ZmCAo38w,TEMPORAL_OVERLAP,INFO,"overlap_sec=10.000, overlap_ratio=0.083333; within configured expected overlap=10.000s",LF_ZmCAo38w_C008,No automatic action; retain for inventory evidence.
Ic2f2948d07640646,LF_ZmCAo38w_C008,LF_ZmCAo38w,TEMPORAL_OVERLAP,INFO,"overlap_sec=10.000, overlap_ratio=0.083333; within configured expected overlap=10.000s",LF_ZmCAo38w_C007,No automatic action; retain for inventory evidence.
I2d50089d1b3d5646,LF_ZmCAo38w_C008,LF_ZmCAo38w,TEMPORAL_OVERLAP,INFO,"overlap_sec=10.000, overlap_ratio=0.083333; within configured expected overlap=10.000s",LF_ZmCAo38w_C009,No automatic action; retain for inventory evidence.
I1c137c00e63bafc4,LF_ZmCAo38w_C009,LF_ZmCAo38w,TEMPORAL_OVERLAP,INFO,"overlap_sec=10.000, overlap_ratio=0.083333; within configured expected overlap=10.000s",LF_ZmCAo38w_C008,No automatic action; retain for inventory evidence.
I4d39ebc9757afa0a,LF_ZmCAo38w_C009,LF_ZmCAo38w,TEMPORAL_OVERLAP,INFO,"overlap_sec=10.000, overlap_ratio=0.083333; within configured expected overlap=10.000s",LF_ZmCAo38w_C010,No automatic action; retain for inventory evidence.
Idd78da432dfe157e,LF_ZmCAo38w_C010,LF_ZmCAo38w,TEMPORAL_OVERLAP,INFO,"overlap_sec=10.000, overlap_ratio=0.083333; within configured expected overlap=10.000s",LF_ZmCAo38w_C009,No automatic action; retain for inventory evidence.
Iec6d2ff9deba36a3,LF_ZmCAo38w_C010,LF_ZmCAo38w,TEMPORAL_OVERLAP,INFO,"overlap_sec=10.000, overlap_ratio=0.083333; within configured expected overlap=10.000s",LF_ZmCAo38w_C011,No automatic action; retain for inventory evidence.
I596d17ae8240a8ea,LF_ZmCAo38w_C011,LF_ZmCAo38w,TEMPORAL_OVERLAP,INFO,"overlap_sec=10.000, overlap_ratio=0.083333; within configured expected overlap=10.000s",LF_ZmCAo38w_C010,No automatic action; retain for inventory evidence.
Id6d402c8834054d8,LF_ZmCAo38w_C011,LF_ZmCAo38w,TEMPORAL_OVERLAP,INFO,"overlap_sec=10.000, overlap_ratio=0.083333; within configured expected overlap=10.000s",LF_ZmCAo38w_C012,No automatic action; retain for inventory evidence.
Id2b55bf61148a646,LF_ZmCAo38w_C012,LF_ZmCAo38w,TEMPORAL_OVERLAP,INFO,"overlap_sec=10.000, overlap_ratio=0.083333; within configured expected overlap=10.000s",LF_ZmCAo38w_C011,No automatic action; retain for inventory evidence.
Iedf7e3345de982fa,LF_ZmCAo38w_C012,LF_ZmCAo38w,TEMPORAL_OVERLAP,INFO,"overlap_sec=10.000, overlap_ratio=0.083333; within configured expected overlap=10.000s",LF_ZmCAo38w_C013,No automatic action; retain for inventory evidence.
I538cea6b17ef7596,LF_ZmCAo38w_C013,LF_ZmCAo38w,TEMPORAL_OVERLAP,INFO,"overlap_sec=10.000, overlap_ratio=0.083333; within configured expected overlap=10.000s",LF_ZmCAo38w_C012,No automatic action; retain for inventory evidence.
I0fa34df70b479f92,LF_ZmCAo38w_C013,LF_ZmCAo38w,TEMPORAL_OVERLAP,INFO,"overlap_sec=10.000, overlap_ratio=0.083333; within configured expected overlap=10.000s",LF_ZmCAo38w_C014,No automatic action; retain for inventory evidence.
I835ca2fa650ff9a4,LF_ZmCAo38w_C014,LF_ZmCAo38w,TEMPORAL_OVERLAP,INFO,"overlap_sec=10.000, overlap_ratio=0.083333; within configured expected overlap=10.000s",LF_ZmCAo38w_C013,No automatic action; retain for inventory evidence.
Id4884311e557196b,LF_ZmCAo38w_C014,LF_ZmCAo38w,TEMPORAL_OVERLAP,INFO,"overlap_sec=10.000, overlap_ratio=0.083333; within configured expected overlap=10.000s",LF_ZmCAo38w_C015,No automatic action; retain for inventory evidence.
I69c8de37f9d19840,LF_ZmCAo38w_C015,LF_ZmCAo38w,TEMPORAL_OVERLAP,INFO,"overlap_sec=10.000, overlap_ratio=0.083333; within configured expected overlap=10.000s",LF_ZmCAo38w_C014,No automatic action; retain for inventory evidence.
I48501535680c628f,LF_ZmCAo38w_C015,LF_ZmCAo38w,TEMPORAL_OVERLAP,INFO,"overlap_sec=10.000, overlap_ratio=0.083333; within configured expected overlap=10.000s",LF_ZmCAo38w_C016,No automatic action; retain for inventory evidence.
I3163be315dd5617e,LF_ZmCAo38w_C016,LF_ZmCAo38w,TEMPORAL_OVERLAP,INFO,"overlap_sec=10.000, overlap_ratio=0.083333; within configured expected overlap=10.000s",LF_ZmCAo38w_C015,No automatic action; retain for inventory evidence.
I253a6a91f3cbc520,LF_ZmCAo38w_C016,LF_ZmCAo38w,TEMPORAL_OVERLAP,INFO,"overlap_sec=10.000, overlap_ratio=0.083333; within configured expected overlap=10.000s",LF_ZmCAo38w_C017,No automatic action; retain for inventory evidence.
I129a399f171ffd34,LF_ZmCAo38w_C017,LF_ZmCAo38w,TEMPORAL_OVERLAP,INFO,"overlap_sec=10.000, overlap_ratio=0.083333; within configured expected overlap=10.000s",LF_ZmCAo38w_C016,No automatic action; retain for inventory evidence.
Ic0be6f2bc8e66deb,LF_ZmCAo38w_C017,LF_ZmCAo38w,TEMPORAL_OVERLAP,INFO,"overlap_sec=10.000, overlap_ratio=0.083333; within configured expected overlap=10.000s",LF_ZmCAo38w_C018,No automatic action; retain for inventory evidence.
I6cd76ddf3260962f,LF_ZmCAo38w_C018,LF_ZmCAo38w,TEMPORAL_OVERLAP,INFO,"overlap_sec=10.000, overlap_ratio=0.083333; within configured expected overlap=10.000s",LF_ZmCAo38w_C017,No automatic action; retain for inventory evidence.
I315a2b33ffa59745,LF_ZmCAo38w_C018,LF_ZmCAo38w,TEMPORAL_OVERLAP,INFO,"overlap_sec=10.000, overlap_ratio=0.083333; within configured expected overlap=10.000s",LF_ZmCAo38w_C019,No automatic action; retain for inventory evidence.
Ia0daa090213c7d3b,LF_ZmCAo38w_C019,LF_ZmCAo38w,TEMPORAL_OVERLAP,INFO,"overlap_sec=10.000, overlap_ratio=0.083333; within configured expected overlap=10.000s",LF_ZmCAo38w_C018,No automatic action; retain for inventory evidence.
I8b34c09858707f43,LF_ZmCAo38w_C019,LF_ZmCAo38w,TEMPORAL_OVERLAP,INFO,"overlap_sec=10.000, overlap_ratio=0.083333; within configured expected overlap=10.000s",LF_ZmCAo38w_C020,No automatic action; retain for inventory evidence.
Ic9eda4ab3aa13fcf,LF_ZmCAo38w_C020,LF_ZmCAo38w,TEMPORAL_OVERLAP,INFO,"overlap_sec=10.000, overlap_ratio=0.083333; within configured expected overlap=10.000s",LF_ZmCAo38w_C019,No automatic action; retain for inventory evidence.
I99896f02e9e8f199,LF_ZmCAo38w_C020,LF_ZmCAo38w,TEMPORAL_OVERLAP,INFO,"overlap_sec=10.000, overlap_ratio=0.083333; within configured expected overlap=10.000s",LF_ZmCAo38w_C021,No automatic action; retain for inventory evidence.
Ibdd718a2922e9c03,LF_ZmCAo38w_C021,LF_ZmCAo38w,TEMPORAL_OVERLAP,INFO,"overlap_sec=10.000, overlap_ratio=0.083333; within configured expected overlap=10.000s",LF_ZmCAo38w_C020,No automatic action; retain for inventory evidence.
I2ebe101d9cad66e2,LF_ZmCAo38w_C021,LF_ZmCAo38w,TEMPORAL_OVERLAP,INFO,"overlap_sec=10.000, overlap_ratio=0.083333; within configured expected overlap=10.000s",LF_ZmCAo38w_C022,No automatic action; retain for inventory evidence.
I675d6f1a8c89a13e,LF_ZmCAo38w_C022,LF_ZmCAo38w,TEMPORAL_OVERLAP,INFO,"overlap_sec=10.000, overlap_ratio=0.083333; within configured expected overlap=10.000s",LF_ZmCAo38w_C021,No automatic action; retain for inventory evidence.
If227ed8d209bd902,LF_ZmCAo38w_C022,LF_ZmCAo38w,TEMPORAL_OVERLAP,INFO,"overlap_sec=10.000, overlap_ratio=0.083333; within configured expected overlap=10.000s",LF_ZmCAo38w_C023,No automatic action; retain for inventory evidence.
I03f0c96bdedf3656,LF_ZmCAo38w_C023,LF_ZmCAo38w,TEMPORAL_OVERLAP,INFO,"overlap_sec=10.000, overlap_ratio=0.083333; within configured expected overlap=10.000s",LF_ZmCAo38w_C022,No automatic action; retain for inventory evidence.
I099ba5bd43de1f74,LF_ZmCAo38w_C023,LF_ZmCAo38w,TEMPORAL_OVERLAP,INFO,"overlap_sec=10.000, overlap_ratio=0.083333; within configured expected overlap=10.000s",LF_ZmCAo38w_C024,No automatic action; retain for inventory evidence.
I6f88c61429e3837a,LF_ZmCAo38w_C024,LF_ZmCAo38w,TEMPORAL_OVERLAP,INFO,"overlap_sec=10.000, overlap_ratio=0.083333; within configured expected overlap=10.000s",LF_ZmCAo38w_C023,No automatic action; retain for inventory evidence.
Ie1e3375b4581322c,LF_ZmCAo38w_C024,LF_ZmCAo38w,TEMPORAL_OVERLAP,INFO,"overlap_sec=10.000, overlap_ratio=0.083333; within configured expected overlap=10.000s",LF_ZmCAo38w_C025,No automatic action; retain for inventory evidence.
I139a8353afc3a1d7,LF_ZmCAo38w_C025,LF_ZmCAo38w,TEMPORAL_OVERLAP,INFO,"overlap_sec=10.000, overlap_ratio=0.083333; within configured expected overlap=10.000s",LF_ZmCAo38w_C024,No automatic action; retain for inventory evidence.
I5a74ec0cef1698c1,LF_ZmCAo38w_C025,LF_ZmCAo38w,TEMPORAL_OVERLAP,INFO,"overlap_sec=10.000, overlap_ratio=0.083333; within configured expected overlap=10.000s",LF_ZmCAo38w_C026,No automatic action; retain for inventory evidence.
I523acecce531cf69,LF_ZmCAo38w_C026,LF_ZmCAo38w,TEMPORAL_OVERLAP,INFO,"overlap_sec=10.000, overlap_ratio=0.083333; within configured expected overlap=10.000s",LF_ZmCAo38w_C025,No automatic action; retain for inventory evidence.
I79a25e28ef89dd72,LF_ZmCAo38w_C026,LF_ZmCAo38w,TEMPORAL_OVERLAP,INFO,"overlap_sec=10.000, overlap_ratio=0.083333; within configured expected overlap=10.000s",LF_ZmCAo38w_C027,No automatic action; retain for inventory evidence.
I72fdcf22052d38bd,LF_ZmCAo38w_C027,LF_ZmCAo38w,TEMPORAL_OVERLAP,INFO,"overlap_sec=10.000, overlap_ratio=0.083333; within configured expected overlap=10.000s",LF_ZmCAo38w_C026,No automatic action; retain for inventory evidence.
Ibafc4b54c5ecd6d6,LF_ZmCAo38w_C027,LF_ZmCAo38w,TEMPORAL_OVERLAP,INFO,"overlap_sec=10.000, overlap_ratio=0.083333; within configured expected overlap=10.000s",LF_ZmCAo38w_C028,No automatic action; retain for inventory evidence.
I916690f2b3eada73,LF_ZmCAo38w_C028,LF_ZmCAo38w,TEMPORAL_OVERLAP,INFO,"overlap_sec=10.000, overlap_ratio=0.083333; within configured expected overlap=10.000s",LF_ZmCAo38w_C027,No automatic action; retain for inventory evidence.
Ia0bf112d4bcd7c3c,LF_ZmCAo38w_C028,LF_ZmCAo38w,TEMPORAL_OVERLAP,INFO,"overlap_sec=10.000, overlap_ratio=0.083333; within configured expected overlap=10.000s",LF_ZmCAo38w_C029,No automatic action; retain for inventory evidence.
I910ed2d313fd2eaf,LF_ZmCAo38w_C029,LF_ZmCAo38w,TEMPORAL_OVERLAP,INFO,"overlap_sec=10.000, overlap_ratio=0.083333; within configured expected overlap=10.000s",LF_ZmCAo38w_C028,No automatic action; retain for inventory evidence.
I63054ff13ca01d40,LF_ZmCAo38w_C029,LF_ZmCAo38w,TEMPORAL_OVERLAP,INFO,"overlap_sec=10.000, overlap_ratio=0.083333; within configured expected overlap=10.000s",LF_ZmCAo38w_C030,No automatic action; retain for inventory evidence.
Ib80012cbd881eaeb,LF_ZmCAo38w_C030,LF_ZmCAo38w,TEMPORAL_OVERLAP,INFO,"overlap_sec=10.000, overlap_ratio=0.083333; within configured expected overlap=10.000s",LF_ZmCAo38w_C029,No automatic action; retain for inventory evidence.
I30de7f97fe74f142,LF_ZmCAo38w_C030,LF_ZmCAo38w,TEMPORAL_OVERLAP,INFO,"overlap_sec=10.000, overlap_ratio=0.083333; within configured expected overlap=10.000s",LF_ZmCAo38w_C031,No automatic action; retain for inventory evidence.
I26318af234203d5f,LF_ZmCAo38w_C031,LF_ZmCAo38w,TEMPORAL_OVERLAP,INFO,"overlap_sec=10.000, overlap_ratio=0.083333; within configured expected overlap=10.000s",LF_ZmCAo38w_C030,No automatic action; retain for inventory evidence.
I641ffe99246bc6af,LF_ZmCAo38w_C031,LF_ZmCAo38w,TEMPORAL_OVERLAP,INFO,"overlap_sec=10.000, overlap_ratio=0.083333; within configured expected overlap=10.000s",LF_ZmCAo38w_C032,No automatic action; retain for inventory evidence.
I8af72121624f7972,LF_ZmCAo38w_C032,LF_ZmCAo38w,TEMPORAL_OVERLAP,INFO,"overlap_sec=10.000, overlap_ratio=0.083333; within configured expected overlap=10.000s",LF_ZmCAo38w_C031,No automatic action; retain for inventory evidence.
Id7f14b7b1a8778ec,LF_ZmCAo38w_C032,LF_ZmCAo38w,TEMPORAL_OVERLAP,INFO,"overlap_sec=10.000, overlap_ratio=0.083333; within configured expected overlap=10.000s",LF_ZmCAo38w_C033,No automatic action; retain for inventory evidence.
I0ed8ab1f9980adaf,LF_ZmCAo38w_C033,LF_ZmCAo38w,TEMPORAL_OVERLAP,INFO,"overlap_sec=10.000, overlap_ratio=0.083333; within configured expected overlap=10.000s",LF_ZmCAo38w_C032,No automatic action; retain for inventory evidence.
I26ae6ab192e09884,LF_ZmCAo38w_C033,LF_ZmCAo38w,TEMPORAL_OVERLAP,INFO,"overlap_sec=10.000, overlap_ratio=0.083333; within configured expected overlap=10.000s",LF_ZmCAo38w_C034,No automatic action; retain for inventory evidence.
I38b747f9c094dc0a,LF_ZmCAo38w_C034,LF_ZmCAo38w,TEMPORAL_OVERLAP,INFO,"overlap_sec=10.000, overlap_ratio=0.083333; within configured expected overlap=10.000s",LF_ZmCAo38w_C033,No automatic action; retain for inventory evidence.
I48f98f20e55520d8,LF_ZmCAo38w_C034,LF_ZmCAo38w,TEMPORAL_OVERLAP,INFO,"overlap_sec=10.000, overlap_ratio=0.083333; within configured expected overlap=10.000s",LF_ZmCAo38w_C035,No automatic action; retain for inventory evidence.
Ie08d0c5f74448364,LF_ZmCAo38w_C035,LF_ZmCAo38w,TEMPORAL_OVERLAP,INFO,"overlap_sec=10.000, overlap_ratio=0.083333; within configured expected overlap=10.000s",LF_ZmCAo38w_C034,No automatic action; retain for inventory evidence.
I00ea4fc3cd429086,LF_ZmCAo38w_C035,LF_ZmCAo38w,TEMPORAL_OVERLAP,INFO,"overlap_sec=10.000, overlap_ratio=0.083333; within configured expected overlap=10.000s",LF_ZmCAo38w_C036,No automatic action; retain for inventory evidence.
Ie3e5098bd281b4ed,LF_ZmCAo38w_C036,LF_ZmCAo38w,TEMPORAL_OVERLAP,INFO,"overlap_sec=10.000, overlap_ratio=0.083333; within configured expected overlap=10.000s",LF_ZmCAo38w_C035,No automatic action; retain for inventory evidence.
Id443f35f81ee1094,LF_ZmCAo38w_C036,LF_ZmCAo38w,TEMPORAL_OVERLAP,INFO,"overlap_sec=10.000, overlap_ratio=0.083333; within configured expected overlap=10.000s",LF_ZmCAo38w_C037,No automatic action; retain for inventory evidence.
I087c91f1e4851ce2,LF_ZmCAo38w_C037,LF_ZmCAo38w,TEMPORAL_OVERLAP,INFO,"overlap_sec=10.000, overlap_ratio=0.083333; within configured expected overlap=10.000s",LF_ZmCAo38w_C036,No automatic action; retain for inventory evidence.
I2f69fda950346888,LF_ZmCAo38w_C037,LF_ZmCAo38w,TEMPORAL_OVERLAP,INFO,"overlap_sec=10.000, overlap_ratio=0.083333; within configured expected overlap=10.000s",LF_ZmCAo38w_C038,No automatic action; retain for inventory evidence.
I56044cfb406b5cba,LF_ZmCAo38w_C038,LF_ZmCAo38w,TEMPORAL_OVERLAP,INFO,"overlap_sec=10.000, overlap_ratio=0.083333; within configured expected overlap=10.000s",LF_ZmCAo38w_C037,No automatic action; retain for inventory evidence.
Id43e2db9ef862abd,LF_ZmCAo38w_C038,LF_ZmCAo38w,TEMPORAL_OVERLAP,INFO,"overlap_sec=10.000, overlap_ratio=0.083333; within configured expected overlap=10.000s",LF_ZmCAo38w_C039,No automatic action; retain for inventory evidence.
Ifea9ddfea90c8117,LF_ZmCAo38w_C039,LF_ZmCAo38w,TEMPORAL_OVERLAP,INFO,"overlap_sec=10.000, overlap_ratio=0.083333; within configured expected overlap=10.000s",LF_ZmCAo38w_C038,No automatic action; retain for inventory evidence.
Ifbc5f98b98edafb8,LF_ZmCAo38w_C039,LF_ZmCAo38w,TEMPORAL_OVERLAP,INFO,"overlap_sec=10.000, overlap_ratio=0.083333; within configured expected overlap=10.000s",LF_ZmCAo38w_C040,No automatic action; retain for inventory evidence.
Ifc15cc6b602f3870,LF_ZmCAo38w_C040,LF_ZmCAo38w,TEMPORAL_OVERLAP,INFO,"overlap_sec=10.000, overlap_ratio=0.083333; within configured expected overlap=10.000s",LF_ZmCAo38w_C039,No automatic action; retain for inventory evidence.
Id267a5890e839f56,LF_ZmCAo38w_C040,LF_ZmCAo38w,TEMPORAL_OVERLAP,INFO,"overlap_sec=10.000, overlap_ratio=0.083333; within configured expected overlap=10.000s",LF_ZmCAo38w_C041,No automatic action; retain for inventory evidence.
I4673ab10b1ec87d1,LF_ZmCAo38w_C041,LF_ZmCAo38w,TEMPORAL_OVERLAP,INFO,"overlap_sec=10.000, overlap_ratio=0.083333; within configured expected overlap=10.000s",LF_ZmCAo38w_C040,No automatic action; retain for inventory evidence.
I148b82cbf85a9b1b,LF_ZmCAo38w_C041,LF_ZmCAo38w,TEMPORAL_OVERLAP,INFO,"overlap_sec=10.000, overlap_ratio=0.083333; within configured expected overlap=10.000s",LF_ZmCAo38w_C042,No automatic action; retain for inventory evidence.
I31bb9ff3d1462cf9,LF_ZmCAo38w_C042,LF_ZmCAo38w,TEMPORAL_OVERLAP,INFO,"overlap_sec=10.000, overlap_ratio=0.083333; within configured expected overlap=10.000s",LF_ZmCAo38w_C041,No automatic action; retain for inventory evidence.
If0d2156e31cda421,LF_ZmCAo38w_C042,LF_ZmCAo38w,TEMPORAL_OVERLAP,INFO,"overlap_sec=10.000, overlap_ratio=0.083333; within configured expected overlap=10.000s",LF_ZmCAo38w_C043,No automatic action; retain for inventory evidence.
I34a39bc899e14418,LF_ZmCAo38w_C043,LF_ZmCAo38w,TEMPORAL_OVERLAP,INFO,"overlap_sec=10.000, overlap_ratio=0.083333; within configured expected overlap=10.000s",LF_ZmCAo38w_C042,No automatic action; retain for inventory evidence.
I72199f885764587a,LF_ZmCAo38w_C043,LF_ZmCAo38w,TEMPORAL_OVERLAP,INFO,"overlap_sec=10.000, overlap_ratio=0.083333; within configured expected overlap=10.000s",LF_ZmCAo38w_C044,No automatic action; retain for inventory evidence.
If220466a882ad74e,LF_ZmCAo38w_C044,LF_ZmCAo38w,TEMPORAL_OVERLAP,INFO,"overlap_sec=10.000, overlap_ratio=0.083333; within configured expected overlap=10.000s",LF_ZmCAo38w_C043,No automatic action; retain for inventory evidence.
I4a3430630ac70e62,LF_ZmCAo38w_C044,LF_ZmCAo38w,TEMPORAL_OVERLAP,INFO,"overlap_sec=10.000, overlap_ratio=0.083333; within configured expected overlap=10.000s",LF_ZmCAo38w_C045,No automatic action; retain for inventory evidence.
I6c0d5ab0ab7a8537,LF_ZmCAo38w_C045,LF_ZmCAo38w,TEMPORAL_OVERLAP,INFO,"overlap_sec=10.000, overlap_ratio=0.083333; within configured expected overlap=10.000s",LF_ZmCAo38w_C044,No automatic action; retain for inventory evidence.
Id8339e53a3c6339f,LF_ZmCAo38w_C045,LF_ZmCAo38w,TEMPORAL_OVERLAP,INFO,"overlap_sec=10.000, overlap_ratio=0.083333; within configured expected overlap=10.000s",LF_ZmCAo38w_C046,No automatic action; retain for inventory evidence.
Ic061ccce3058707d,LF_ZmCAo38w_C046,LF_ZmCAo38w,TEMPORAL_OVERLAP,INFO,"overlap_sec=10.000, overlap_ratio=0.083333; within configured expected overlap=10.000s",LF_ZmCAo38w_C045,No automatic action; retain for inventory evidence.
I4ab42af93d1b9690,LF_ZmCAo38w_C046,LF_ZmCAo38w,TEMPORAL_OVERLAP,INFO,"overlap_sec=10.000, overlap_ratio=0.083333; within configured expected overlap=10.000s",LF_ZmCAo38w_C047,No automatic action; retain for inventory evidence.
Ia3c72501b1eed3d9,LF_ZmCAo38w_C047,LF_ZmCAo38w,TEMPORAL_OVERLAP,INFO,"overlap_sec=10.000, overlap_ratio=0.083333; within configured expected overlap=10.000s",LF_ZmCAo38w_C046,No automatic action; retain for inventory evidence.
Idc62f4980c0a29ce,LF_ZmCAo38w_C047,LF_ZmCAo38w,TEMPORAL_OVERLAP,INFO,"overlap_sec=10.000, overlap_ratio=0.083333; within configured expected overlap=10.000s",LF_ZmCAo38w_C048,No automatic action; retain for inventory evidence.
Ib4a1d69c8f752ccb,LF_ZmCAo38w_C048,LF_ZmCAo38w,TEMPORAL_OVERLAP,INFO,"overlap_sec=10.000, overlap_ratio=0.083333; within configured expected overlap=10.000s",LF_ZmCAo38w_C047,No automatic action; retain for inventory evidence.
I1c98c96b5d68b7c2,LF_ZmCAo38w_C048,LF_ZmCAo38w,TEMPORAL_OVERLAP,INFO,"overlap_sec=10.000, overlap_ratio=0.083333; within configured expected overlap=10.000s",LF_ZmCAo38w_C049,No automatic action; retain for inventory evidence.
If36429b93c47f1b0,LF_ZmCAo38w_C049,LF_ZmCAo38w,TEMPORAL_OVERLAP,INFO,"overlap_sec=10.000, overlap_ratio=0.083333; within configured expected overlap=10.000s",LF_ZmCAo38w_C048,No automatic action; retain for inventory evidence.
I8b2c44e63a9afed3,LF_ZmCAo38w_C049,LF_ZmCAo38w,TEMPORAL_OVERLAP,INFO,"overlap_sec=10.000, overlap_ratio=0.083333; within configured expected overlap=10.000s",LF_ZmCAo38w_C050,No automatic action; retain for inventory evidence.
I31f3b7477199d638,LF_ZmCAo38w_C050,LF_ZmCAo38w,TEMPORAL_OVERLAP,INFO,"overlap_sec=10.000, overlap_ratio=0.083333; within configured expected overlap=10.000s",LF_ZmCAo38w_C049,No automatic action; retain for inventory evidence.
I5fb595b1509cf312,LF_ZmCAo38w_C050,LF_ZmCAo38w,TEMPORAL_OVERLAP,INFO,"overlap_sec=10.000, overlap_ratio=0.083333; within configured expected overlap=10.000s",LF_ZmCAo38w_C051,No automatic action; retain for inventory evidence.
I578658837f97b23e,LF_ZmCAo38w_C051,LF_ZmCAo38w,TEMPORAL_OVERLAP,INFO,"overlap_sec=10.000, overlap_ratio=0.083333; within configured expected overlap=10.000s",LF_ZmCAo38w_C050,No automatic action; retain for inventory evidence.
Ie15b2d6e2ebbd965,LF_ZmCAo38w_C051,LF_ZmCAo38w,TEMPORAL_OVERLAP,INFO,"overlap_sec=10.000, overlap_ratio=0.083333; within configured expected overlap=10.000s",LF_ZmCAo38w_C052,No automatic action; retain for inventory evidence.
Ifba096d02c1a49e7,LF_ZmCAo38w_C052,LF_ZmCAo38w,TEMPORAL_OVERLAP,INFO,"overlap_sec=10.000, overlap_ratio=0.083333; within configured expected overlap=10.000s",LF_ZmCAo38w_C051,No automatic action; retain for inventory evidence.
Ie14bf361607de5a6,LF_ZmCAo38w_C052,LF_ZmCAo38w,TEMPORAL_OVERLAP,INFO,"overlap_sec=10.000, overlap_ratio=0.083333; within configured expected overlap=10.000s",LF_ZmCAo38w_C053,No automatic action; retain for inventory evidence.
Ie9f50575ebb2a21e,LF_ZmCAo38w_C053,LF_ZmCAo38w,TEMPORAL_OVERLAP,INFO,"overlap_sec=10.000, overlap_ratio=0.083333; within configured expected overlap=10.000s",LF_ZmCAo38w_C052,No automatic action; retain for inventory evidence.
I2b3b9f6b74510659,LF_ZmCAo38w_C053,LF_ZmCAo38w,TEMPORAL_OVERLAP,INFO,"overlap_sec=10.000, overlap_ratio=0.083333; within configured expected overlap=10.000s",LF_ZmCAo38w_C054,No automatic action; retain for inventory evidence.
I1569307d006bd9ed,LF_ZmCAo38w_C054,LF_ZmCAo38w,TEMPORAL_OVERLAP,INFO,"overlap_sec=10.000, overlap_ratio=0.083333; within configured expected overlap=10.000s",LF_ZmCAo38w_C053,No automatic action; retain for inventory evidence.
If83e6306aa71dd73,LF_ZmCAo38w_C054,LF_ZmCAo38w,TEMPORAL_OVERLAP,INFO,"overlap_sec=10.000, overlap_ratio=0.083333; within configured expected overlap=10.000s",LF_ZmCAo38w_C055,No automatic action; retain for inventory evidence.
Ie9f1efb8dbe5c70c,LF_ZmCAo38w_C055,LF_ZmCAo38w,TEMPORAL_OVERLAP,INFO,"overlap_sec=10.000, overlap_ratio=0.083333; within configured expected overlap=10.000s",LF_ZmCAo38w_C054,No automatic action; retain for inventory evidence.
I03be7869ceb50d30,LF_ZmCAo38w_C055,LF_ZmCAo38w,TEMPORAL_OVERLAP,INFO,"overlap_sec=10.000, overlap_ratio=0.083333; within configured expected overlap=10.000s",LF_ZmCAo38w_C056,No automatic action; retain for inventory evidence.
Ifde69f902f7d27cb,LF_ZmCAo38w_C056,LF_ZmCAo38w,TEMPORAL_OVERLAP,INFO,"overlap_sec=10.000, overlap_ratio=0.083333; within configured expected overlap=10.000s",LF_ZmCAo38w_C055,No automatic action; retain for inventory evidence.
I2c86355ceabf3a60,LF_ZmCAo38w_C056,LF_ZmCAo38w,TEMPORAL_OVERLAP,INFO,"overlap_sec=10.000, overlap_ratio=0.083333; within configured expected overlap=10.000s",LF_ZmCAo38w_C057,No automatic action; retain for inventory evidence.
I6c0154bd8e54a8c9,LF_ZmCAo38w_C057,LF_ZmCAo38w,TEMPORAL_OVERLAP,INFO,"overlap_sec=10.000, overlap_ratio=0.083333; within configured expected overlap=10.000s",LF_ZmCAo38w_C056,No automatic action; retain for inventory evidence.
I0a02a1b68c636a26,LF_ZmCAo38w_C057,LF_ZmCAo38w,TEMPORAL_OVERLAP,INFO,"overlap_sec=10.000, overlap_ratio=0.083333; within configured expected overlap=10.000s",LF_ZmCAo38w_C058,No automatic action; retain for inventory evidence.
I90aa95cd1b44b56d,LF_ZmCAo38w_C058,LF_ZmCAo38w,TEMPORAL_OVERLAP,INFO,"overlap_sec=10.000, overlap_ratio=0.083333; within configured expected overlap=10.000s",LF_ZmCAo38w_C057,No automatic action; retain for inventory evidence.
I2999803d44df7340,LF_ZmCAo38w_C058,LF_ZmCAo38w,TEMPORAL_OVERLAP,INFO,"overlap_sec=10.000, overlap_ratio=0.083333; within configured expected overlap=10.000s",LF_ZmCAo38w_C059,No automatic action; retain for inventory evidence.
Iaada5d8f212df831,LF_ZmCAo38w_C059,LF_ZmCAo38w,TEMPORAL_OVERLAP,INFO,"overlap_sec=10.000, overlap_ratio=0.083333; within configured expected overlap=10.000s",LF_ZmCAo38w_C058,No automatic action; retain for inventory evidence.
I3627a9e1b017f4b8,LF_ZmCAo38w_C059,LF_ZmCAo38w,TEMPORAL_OVERLAP,INFO,"overlap_sec=10.000, overlap_ratio=0.083333; within configured expected overlap=10.000s",LF_ZmCAo38w_C060,No automatic action; retain for inventory evidence.
I7a4ca8f115be47db,LF_ZmCAo38w_C060,LF_ZmCAo38w,TEMPORAL_OVERLAP,INFO,"overlap_sec=10.000, overlap_ratio=0.083333; within configured expected overlap=10.000s",LF_ZmCAo38w_C059,No automatic action; retain for inventory evidence.
I0d7ac42c9b6d979a,LF_ZmCAo38w_C060,LF_ZmCAo38w,TEMPORAL_OVERLAP,INFO,"overlap_sec=10.000, overlap_ratio=0.083333; within configured expected overlap=10.000s",LF_ZmCAo38w_C061,No automatic action; retain for inventory evidence.
I013c959f6981804c,LF_ZmCAo38w_C061,LF_ZmCAo38w,TEMPORAL_OVERLAP,INFO,"overlap_sec=10.000, overlap_ratio=0.083333; within configured expected overlap=10.000s",LF_ZmCAo38w_C060,No automatic action; retain for inventory evidence.
I252923e2afdec728,LF_ZmCAo38w_C061,LF_ZmCAo38w,TEMPORAL_OVERLAP,INFO,"overlap_sec=10.000, overlap_ratio=0.083333; within configured expected overlap=10.000s",LF_ZmCAo38w_C062,No automatic action; retain for inventory evidence.
I63f1e30ffc3de541,LF_ZmCAo38w_C062,LF_ZmCAo38w,TEMPORAL_OVERLAP,INFO,"overlap_sec=10.000, overlap_ratio=0.083333; within configured expected overlap=10.000s",LF_ZmCAo38w_C061,No automatic action; retain for inventory evidence.
I83a725712bdba8f8,LF_ZmCAo38w_C062,LF_ZmCAo38w,TEMPORAL_OVERLAP,INFO,"overlap_sec=10.000, overlap_ratio=0.083333; within configured expected overlap=10.000s",LF_ZmCAo38w_C063,No automatic action; retain for inventory evidence.
I9849002b98dc268c,LF_ZmCAo38w_C063,LF_ZmCAo38w,TEMPORAL_OVERLAP,INFO,"overlap_sec=10.000, overlap_ratio=0.083333; within configured expected overlap=10.000s",LF_ZmCAo38w_C062,No automatic action; retain for inventory evidence.
If04b481f8d5b2ad0,LF_ZmCAo38w_C063,LF_ZmCAo38w,TEMPORAL_OVERLAP,INFO,"overlap_sec=10.000, overlap_ratio=0.083333; within configured expected overlap=10.000s",LF_ZmCAo38w_C064,No automatic action; retain for inventory evidence.
I1a4251ca7705ba47,LF_ZmCAo38w_C064,LF_ZmCAo38w,TEMPORAL_OVERLAP,INFO,"overlap_sec=10.000, overlap_ratio=0.083333; within configured expected overlap=10.000s",LF_ZmCAo38w_C063,No automatic action; retain for inventory evidence.
If387ea13b1577ffd,LF_ZmCAo38w_C064,LF_ZmCAo38w,TEMPORAL_OVERLAP,INFO,"overlap_sec=10.000, overlap_ratio=0.083333; within configured expected overlap=10.000s",LF_ZmCAo38w_C065,No automatic action; retain for inventory evidence.
I42d75e0c06e3a700,LF_ZmCAo38w_C065,LF_ZmCAo38w,TEMPORAL_OVERLAP,INFO,"overlap_sec=10.000, overlap_ratio=0.083333; within configured expected overlap=10.000s",LF_ZmCAo38w_C064,No automatic action; retain for inventory evidence.
I3df7545250f73683,LF_ZmCAo38w_C065,LF_ZmCAo38w,TEMPORAL_OVERLAP,INFO,"overlap_sec=10.000, overlap_ratio=0.193543; within configured expected overlap=10.000s",LF_ZmCAo38w_C066,No automatic action; retain for inventory evidence.
Ifea3f3e182123d84,LF_ZmCAo38w_C066,LF_ZmCAo38w,TEMPORAL_OVERLAP,INFO,"overlap_sec=10.000, overlap_ratio=0.193543; within configured expected overlap=10.000s",LF_ZmCAo38w_C065,No automatic action; retain for inventory evidence.
Ibc7e9c529981ea14,YppQ6BEHAKY_C001,YppQ6BEHAKY,TEMPORAL_OVERLAP,INFO,"overlap_sec=10.000, overlap_ratio=0.083333; within configured expected overlap=10.000s",YppQ6BEHAKY_C002,No automatic action; retain for inventory evidence.
I6de3bfd127f9aa27,YppQ6BEHAKY_C002,YppQ6BEHAKY,TEMPORAL_OVERLAP,INFO,"overlap_sec=10.000, overlap_ratio=0.083333; within configured expected overlap=10.000s",YppQ6BEHAKY_C001,No automatic action; retain for inventory evidence.
I93a7627d197785d4,YppQ6BEHAKY_C002,YppQ6BEHAKY,TEMPORAL_OVERLAP,INFO,"overlap_sec=10.000, overlap_ratio=0.083333; within configured expected overlap=10.000s",YppQ6BEHAKY_C003,No automatic action; retain for inventory evidence.
I65023aefd233f291,YppQ6BEHAKY_C003,YppQ6BEHAKY,TEMPORAL_OVERLAP,INFO,"overlap_sec=10.000, overlap_ratio=0.083333; within configured expected overlap=10.000s",YppQ6BEHAKY_C002,No automatic action; retain for inventory evidence.
Ic01290bd6536b2fc,YppQ6BEHAKY_C003,YppQ6BEHAKY,TEMPORAL_OVERLAP,INFO,"overlap_sec=10.000, overlap_ratio=0.083333; within configured expected overlap=10.000s",YppQ6BEHAKY_C004,No automatic action; retain for inventory evidence.
I5e39da0c26b017ea,YppQ6BEHAKY_C004,YppQ6BEHAKY,TEMPORAL_OVERLAP,INFO,"overlap_sec=10.000, overlap_ratio=0.083333; within configured expected overlap=10.000s",YppQ6BEHAKY_C003,No automatic action; retain for inventory evidence.
I66b35a62a1e19e0c,YppQ6BEHAKY_C004,YppQ6BEHAKY,TEMPORAL_OVERLAP,INFO,"overlap_sec=10.000, overlap_ratio=0.083333; within configured expected overlap=10.000s",YppQ6BEHAKY_C005,No automatic action; retain for inventory evidence.
I878944c38a5c8fc0,YppQ6BEHAKY_C005,YppQ6BEHAKY,TEMPORAL_OVERLAP,INFO,"overlap_sec=10.000, overlap_ratio=0.083333; within configured expected overlap=10.000s",YppQ6BEHAKY_C004,No automatic action; retain for inventory evidence.
I0fd92b0fb1e41457,YppQ6BEHAKY_C005,YppQ6BEHAKY,TEMPORAL_OVERLAP,INFO,"overlap_sec=10.000, overlap_ratio=0.083333; within configured expected overlap=10.000s",YppQ6BEHAKY_C006,No automatic action; retain for inventory evidence.
Ib008fddd71d7324e,YppQ6BEHAKY_C006,YppQ6BEHAKY,TEMPORAL_OVERLAP,INFO,"overlap_sec=10.000, overlap_ratio=0.083333; within configured expected overlap=10.000s",YppQ6BEHAKY_C005,No automatic action; retain for inventory evidence.
Ic9e0844b023f3115,YppQ6BEHAKY_C006,YppQ6BEHAKY,TEMPORAL_OVERLAP,INFO,"overlap_sec=10.000, overlap_ratio=0.083333; within configured expected overlap=10.000s",YppQ6BEHAKY_C007,No automatic action; retain for inventory evidence.
Icc87ef7e7b6bc3c3,YppQ6BEHAKY_C007,YppQ6BEHAKY,TEMPORAL_OVERLAP,INFO,"overlap_sec=10.000, overlap_ratio=0.083333; within configured expected overlap=10.000s",YppQ6BEHAKY_C006,No automatic action; retain for inventory evidence.
Id0ed81ad0d6d03e4,YppQ6BEHAKY_C007,YppQ6BEHAKY,TEMPORAL_OVERLAP,INFO,"overlap_sec=10.000, overlap_ratio=0.083333; within configured expected overlap=10.000s",YppQ6BEHAKY_C008,No automatic action; retain for inventory evidence.
I5d9a798275ffb408,YppQ6BEHAKY_C008,YppQ6BEHAKY,TEMPORAL_OVERLAP,INFO,"overlap_sec=10.000, overlap_ratio=0.083333; within configured expected overlap=10.000s",YppQ6BEHAKY_C007,No automatic action; retain for inventory evidence.
I6d8084884be1dd09,YppQ6BEHAKY_C008,YppQ6BEHAKY,TEMPORAL_OVERLAP,INFO,"overlap_sec=10.000, overlap_ratio=0.083333; within configured expected overlap=10.000s",YppQ6BEHAKY_C009,No automatic action; retain for inventory evidence.
I0843650509ee2cb5,YppQ6BEHAKY_C009,YppQ6BEHAKY,TEMPORAL_OVERLAP,INFO,"overlap_sec=10.000, overlap_ratio=0.083333; within configured expected overlap=10.000s",YppQ6BEHAKY_C008,No automatic action; retain for inventory evidence.
I9f75669e1f09000c,YppQ6BEHAKY_C009,YppQ6BEHAKY,TEMPORAL_OVERLAP,INFO,"overlap_sec=10.000, overlap_ratio=0.083333; within configured expected overlap=10.000s",YppQ6BEHAKY_C010,No automatic action; retain for inventory evidence.
I625c7415ce3fb017,YppQ6BEHAKY_C010,YppQ6BEHAKY,TEMPORAL_OVERLAP,INFO,"overlap_sec=10.000, overlap_ratio=0.083333; within configured expected overlap=10.000s",YppQ6BEHAKY_C009,No automatic action; retain for inventory evidence.
Id8129b1857fdff2c,YppQ6BEHAKY_C010,YppQ6BEHAKY,TEMPORAL_OVERLAP,INFO,"overlap_sec=10.000, overlap_ratio=0.083333; within configured expected overlap=10.000s",YppQ6BEHAKY_C011,No automatic action; retain for inventory evidence.
I1ea933f87388267d,YppQ6BEHAKY_C011,YppQ6BEHAKY,TEMPORAL_OVERLAP,INFO,"overlap_sec=10.000, overlap_ratio=0.083333; within configured expected overlap=10.000s",YppQ6BEHAKY_C010,No automatic action; retain for inventory evidence.
Idcef64457f329a8d,YppQ6BEHAKY_C011,YppQ6BEHAKY,TEMPORAL_OVERLAP,INFO,"overlap_sec=10.000, overlap_ratio=0.083333; within configured expected overlap=10.000s",YppQ6BEHAKY_C012,No automatic action; retain for inventory evidence.
I644f786b5e9cc484,YppQ6BEHAKY_C012,YppQ6BEHAKY,TEMPORAL_OVERLAP,INFO,"overlap_sec=10.000, overlap_ratio=0.083333; within configured expected overlap=10.000s",YppQ6BEHAKY_C011,No automatic action; retain for inventory evidence.
I4666a272dfeb0923,YppQ6BEHAKY_C012,YppQ6BEHAKY,TEMPORAL_OVERLAP,INFO,"overlap_sec=10.000, overlap_ratio=0.083333; within configured expected overlap=10.000s",YppQ6BEHAKY_C013,No automatic action; retain for inventory evidence.
I41ae325536147475,YppQ6BEHAKY_C013,YppQ6BEHAKY,TEMPORAL_OVERLAP,INFO,"overlap_sec=10.000, overlap_ratio=0.083333; within configured expected overlap=10.000s",YppQ6BEHAKY_C012,No automatic action; retain for inventory evidence.
Ie6ae1755a6dbb81f,YppQ6BEHAKY_C013,YppQ6BEHAKY,TEMPORAL_OVERLAP,INFO,"overlap_sec=10.000, overlap_ratio=0.083333; within configured expected overlap=10.000s",YppQ6BEHAKY_C014,No automatic action; retain for inventory evidence.
I71b39c9c6d261ee2,YppQ6BEHAKY_C014,YppQ6BEHAKY,TEMPORAL_OVERLAP,INFO,"overlap_sec=10.000, overlap_ratio=0.083333; within configured expected overlap=10.000s",YppQ6BEHAKY_C013,No automatic action; retain for inventory evidence.
I40ef1119b072a45a,YppQ6BEHAKY_C014,YppQ6BEHAKY,TEMPORAL_OVERLAP,INFO,"overlap_sec=10.000, overlap_ratio=0.083333; within configured expected overlap=10.000s",YppQ6BEHAKY_C015,No automatic action; retain for inventory evidence.
Ie48caaa7c0fb4671,YppQ6BEHAKY_C015,YppQ6BEHAKY,TEMPORAL_OVERLAP,INFO,"overlap_sec=10.000, overlap_ratio=0.083333; within configured expected overlap=10.000s",YppQ6BEHAKY_C014,No automatic action; retain for inventory evidence.
Id0418be9320ad1c9,YppQ6BEHAKY_C015,YppQ6BEHAKY,TEMPORAL_OVERLAP,INFO,"overlap_sec=10.000, overlap_ratio=0.083333; within configured expected overlap=10.000s",YppQ6BEHAKY_C016,No automatic action; retain for inventory evidence.
I5a63b29224011db7,YppQ6BEHAKY_C016,YppQ6BEHAKY,TEMPORAL_OVERLAP,INFO,"overlap_sec=10.000, overlap_ratio=0.083333; within configured expected overlap=10.000s",YppQ6BEHAKY_C015,No automatic action; retain for inventory evidence.
I4b46f5cb6ebe2b79,YppQ6BEHAKY_C016,YppQ6BEHAKY,TEMPORAL_OVERLAP,INFO,"overlap_sec=10.000, overlap_ratio=0.083333; within configured expected overlap=10.000s",YppQ6BEHAKY_C017,No automatic action; retain for inventory evidence.
I552e0b221a6f7c0f,YppQ6BEHAKY_C017,YppQ6BEHAKY,TEMPORAL_OVERLAP,INFO,"overlap_sec=10.000, overlap_ratio=0.083333; within configured expected overlap=10.000s",YppQ6BEHAKY_C016,No automatic action; retain for inventory evidence.
I5a46ac835dc8678f,YppQ6BEHAKY_C017,YppQ6BEHAKY,TEMPORAL_OVERLAP,INFO,"overlap_sec=10.000, overlap_ratio=0.083333; within configured expected overlap=10.000s",YppQ6BEHAKY_C018,No automatic action; retain for inventory evidence.
I9f94d734be114ee3,YppQ6BEHAKY_C018,YppQ6BEHAKY,TEMPORAL_OVERLAP,INFO,"overlap_sec=10.000, overlap_ratio=0.083333; within configured expected overlap=10.000s",YppQ6BEHAKY_C017,No automatic action; retain for inventory evidence.
Iaada94743eed389a,YppQ6BEHAKY_C018,YppQ6BEHAKY,TEMPORAL_OVERLAP,INFO,"overlap_sec=10.000, overlap_ratio=0.083333; within configured expected overlap=10.000s",YppQ6BEHAKY_C019,No automatic action; retain for inventory evidence.
Iae34c1e27171fa64,YppQ6BEHAKY_C019,YppQ6BEHAKY,TEMPORAL_OVERLAP,INFO,"overlap_sec=10.000, overlap_ratio=0.083333; within configured expected overlap=10.000s",YppQ6BEHAKY_C018,No automatic action; retain for inventory evidence.
Ieae69ee7df5ee165,YppQ6BEHAKY_C019,YppQ6BEHAKY,TEMPORAL_OVERLAP,INFO,"overlap_sec=10.000, overlap_ratio=0.083333; within configured expected overlap=10.000s",YppQ6BEHAKY_C020,No automatic action; retain for inventory evidence.
Ica20529b36f16a43,YppQ6BEHAKY_C020,YppQ6BEHAKY,TEMPORAL_OVERLAP,INFO,"overlap_sec=10.000, overlap_ratio=0.083333; within configured expected overlap=10.000s",YppQ6BEHAKY_C019,No automatic action; retain for inventory evidence.
I59e62a368aec6f08,YppQ6BEHAKY_C020,YppQ6BEHAKY,TEMPORAL_OVERLAP,INFO,"overlap_sec=10.000, overlap_ratio=0.083333; within configured expected overlap=10.000s",YppQ6BEHAKY_C021,No automatic action; retain for inventory evidence.
I6399f464ae02a251,YppQ6BEHAKY_C021,YppQ6BEHAKY,TEMPORAL_OVERLAP,INFO,"overlap_sec=10.000, overlap_ratio=0.083333; within configured expected overlap=10.000s",YppQ6BEHAKY_C020,No automatic action; retain for inventory evidence.
I417b4120e828222d,YppQ6BEHAKY_C021,YppQ6BEHAKY,TEMPORAL_OVERLAP,INFO,"overlap_sec=10.000, overlap_ratio=0.083333; within configured expected overlap=10.000s",YppQ6BEHAKY_C022,No automatic action; retain for inventory evidence.
I50da92ced6bb3853,YppQ6BEHAKY_C022,YppQ6BEHAKY,TEMPORAL_OVERLAP,INFO,"overlap_sec=10.000, overlap_ratio=0.083333; within configured expected overlap=10.000s",YppQ6BEHAKY_C021,No automatic action; retain for inventory evidence.
I29d031e7bcf28947,YppQ6BEHAKY_C022,YppQ6BEHAKY,TEMPORAL_OVERLAP,INFO,"overlap_sec=10.000, overlap_ratio=0.083333; within configured expected overlap=10.000s",YppQ6BEHAKY_C023,No automatic action; retain for inventory evidence.
I0afcca0ec165efac,YppQ6BEHAKY_C023,YppQ6BEHAKY,TEMPORAL_OVERLAP,INFO,"overlap_sec=10.000, overlap_ratio=0.083333; within configured expected overlap=10.000s",YppQ6BEHAKY_C022,No automatic action; retain for inventory evidence.
I9f37d886e68fb74e,YppQ6BEHAKY_C023,YppQ6BEHAKY,TEMPORAL_OVERLAP,INFO,"overlap_sec=10.000, overlap_ratio=0.083333; within configured expected overlap=10.000s",YppQ6BEHAKY_C024,No automatic action; retain for inventory evidence.
I966741343b3e2f22,YppQ6BEHAKY_C024,YppQ6BEHAKY,TEMPORAL_OVERLAP,INFO,"overlap_sec=10.000, overlap_ratio=0.083333; within configured expected overlap=10.000s",YppQ6BEHAKY_C023,No automatic action; retain for inventory evidence.
If58c63f7d46af4d4,YppQ6BEHAKY_C024,YppQ6BEHAKY,TEMPORAL_OVERLAP,INFO,"overlap_sec=10.000, overlap_ratio=0.083333; within configured expected overlap=10.000s",YppQ6BEHAKY_C025,No automatic action; retain for inventory evidence.
I6be424888ba9d0d5,YppQ6BEHAKY_C025,YppQ6BEHAKY,TEMPORAL_OVERLAP,INFO,"overlap_sec=10.000, overlap_ratio=0.083333; within configured expected overlap=10.000s",YppQ6BEHAKY_C024,No automatic action; retain for inventory evidence.
I297719813244797a,YppQ6BEHAKY_C025,YppQ6BEHAKY,TEMPORAL_OVERLAP,INFO,"overlap_sec=10.000, overlap_ratio=0.083333; within configured expected overlap=10.000s",YppQ6BEHAKY_C026,No automatic action; retain for inventory evidence.
I2946d6a4fafacd06,YppQ6BEHAKY_C026,YppQ6BEHAKY,TEMPORAL_OVERLAP,INFO,"overlap_sec=10.000, overlap_ratio=0.083333; within configured expected overlap=10.000s",YppQ6BEHAKY_C025,No automatic action; retain for inventory evidence.
Ie7e4d14d93337165,YppQ6BEHAKY_C026,YppQ6BEHAKY,TEMPORAL_OVERLAP,INFO,"overlap_sec=10.000, overlap_ratio=0.083333; within configured expected overlap=10.000s",YppQ6BEHAKY_C027,No automatic action; retain for inventory evidence.
Ia9cb400a3f67422c,YppQ6BEHAKY_C027,YppQ6BEHAKY,TEMPORAL_OVERLAP,INFO,"overlap_sec=10.000, overlap_ratio=0.083333; within configured expected overlap=10.000s",YppQ6BEHAKY_C026,No automatic action; retain for inventory evidence.
I10c073414a86d3e5,YppQ6BEHAKY_C027,YppQ6BEHAKY,TEMPORAL_OVERLAP,INFO,"overlap_sec=10.000, overlap_ratio=0.083333; within configured expected overlap=10.000s",YppQ6BEHAKY_C028,No automatic action; retain for inventory evidence.
Ie98b6a11e6bd01a3,YppQ6BEHAKY_C028,YppQ6BEHAKY,TEMPORAL_OVERLAP,INFO,"overlap_sec=10.000, overlap_ratio=0.083333; within configured expected overlap=10.000s",YppQ6BEHAKY_C027,No automatic action; retain for inventory evidence.
I375f68ffeadfb7b1,YppQ6BEHAKY_C028,YppQ6BEHAKY,TEMPORAL_OVERLAP,INFO,"overlap_sec=10.000, overlap_ratio=0.083333; within configured expected overlap=10.000s",YppQ6BEHAKY_C029,No automatic action; retain for inventory evidence.
I484e5c9bff6ef0da,YppQ6BEHAKY_C029,YppQ6BEHAKY,TEMPORAL_OVERLAP,INFO,"overlap_sec=10.000, overlap_ratio=0.083333; within configured expected overlap=10.000s",YppQ6BEHAKY_C028,No automatic action; retain for inventory evidence.
I8123aa4c3353e095,YppQ6BEHAKY_C029,YppQ6BEHAKY,TEMPORAL_OVERLAP,INFO,"overlap_sec=10.000, overlap_ratio=0.083333; within configured expected overlap=10.000s",YppQ6BEHAKY_C030,No automatic action; retain for inventory evidence.
Idd481c679a41c5c2,YppQ6BEHAKY_C030,YppQ6BEHAKY,TEMPORAL_OVERLAP,INFO,"overlap_sec=10.000, overlap_ratio=0.083333; within configured expected overlap=10.000s",YppQ6BEHAKY_C029,No automatic action; retain for inventory evidence.
I34d126e946bf014c,YppQ6BEHAKY_C030,YppQ6BEHAKY,TEMPORAL_OVERLAP,INFO,"overlap_sec=10.000, overlap_ratio=0.083333; within configured expected overlap=10.000s",YppQ6BEHAKY_C031,No automatic action; retain for inventory evidence.
I3a9ce4567124a95a,YppQ6BEHAKY_C031,YppQ6BEHAKY,TEMPORAL_OVERLAP,INFO,"overlap_sec=10.000, overlap_ratio=0.083333; within configured expected overlap=10.000s",YppQ6BEHAKY_C030,No automatic action; retain for inventory evidence.
I5f6fea7ba13b7321,YppQ6BEHAKY_C031,YppQ6BEHAKY,TEMPORAL_OVERLAP,INFO,"overlap_sec=10.000, overlap_ratio=0.083333; within configured expected overlap=10.000s",YppQ6BEHAKY_C032,No automatic action; retain for inventory evidence.
Iafa812bb4441caeb,YppQ6BEHAKY_C032,YppQ6BEHAKY,TEMPORAL_OVERLAP,INFO,"overlap_sec=10.000, overlap_ratio=0.083333; within configured expected overlap=10.000s",YppQ6BEHAKY_C031,No automatic action; retain for inventory evidence.
I744d554b676b52ab,YppQ6BEHAKY_C032,YppQ6BEHAKY,TEMPORAL_OVERLAP,INFO,"overlap_sec=10.000, overlap_ratio=0.083333; within configured expected overlap=10.000s",YppQ6BEHAKY_C033,No automatic action; retain for inventory evidence.
I4f9a58a41c94ac66,YppQ6BEHAKY_C033,YppQ6BEHAKY,TEMPORAL_OVERLAP,INFO,"overlap_sec=10.000, overlap_ratio=0.083333; within configured expected overlap=10.000s",YppQ6BEHAKY_C032,No automatic action; retain for inventory evidence.
If961a5a105d4acc2,YppQ6BEHAKY_C033,YppQ6BEHAKY,TEMPORAL_OVERLAP,INFO,"overlap_sec=10.000, overlap_ratio=0.083333; within configured expected overlap=10.000s",YppQ6BEHAKY_C034,No automatic action; retain for inventory evidence.
Ib70a4b770c5201a5,YppQ6BEHAKY_C034,YppQ6BEHAKY,TEMPORAL_OVERLAP,INFO,"overlap_sec=10.000, overlap_ratio=0.083333; within configured expected overlap=10.000s",YppQ6BEHAKY_C033,No automatic action; retain for inventory evidence.
Ib69079afa6d844c0,YppQ6BEHAKY_C034,YppQ6BEHAKY,TEMPORAL_OVERLAP,INFO,"overlap_sec=10.000, overlap_ratio=0.083333; within configured expected overlap=10.000s",YppQ6BEHAKY_C035,No automatic action; retain for inventory evidence.
If18dc28cc6fd49d3,YppQ6BEHAKY_C035,YppQ6BEHAKY,TEMPORAL_OVERLAP,INFO,"overlap_sec=10.000, overlap_ratio=0.083333; within configured expected overlap=10.000s",YppQ6BEHAKY_C034,No automatic action; retain for inventory evidence.
I76a92dfa26e2f9d0,YppQ6BEHAKY_C035,YppQ6BEHAKY,TEMPORAL_OVERLAP,INFO,"overlap_sec=10.000, overlap_ratio=0.083333; within configured expected overlap=10.000s",YppQ6BEHAKY_C036,No automatic action; retain for inventory evidence.
I5b5cace7c59bce90,YppQ6BEHAKY_C036,YppQ6BEHAKY,TEMPORAL_OVERLAP,INFO,"overlap_sec=10.000, overlap_ratio=0.083333; within configured expected overlap=10.000s",YppQ6BEHAKY_C035,No automatic action; retain for inventory evidence.
I352f6737c55b68e4,YppQ6BEHAKY_C036,YppQ6BEHAKY,TEMPORAL_OVERLAP,INFO,"overlap_sec=10.000, overlap_ratio=0.083333; within configured expected overlap=10.000s",YppQ6BEHAKY_C037,No automatic action; retain for inventory evidence.
Ief8146224ced1811,YppQ6BEHAKY_C037,YppQ6BEHAKY,TEMPORAL_OVERLAP,INFO,"overlap_sec=10.000, overlap_ratio=0.083333; within configured expected overlap=10.000s",YppQ6BEHAKY_C036,No automatic action; retain for inventory evidence.
I604b4a07c47e574c,YppQ6BEHAKY_C037,YppQ6BEHAKY,TEMPORAL_OVERLAP,INFO,"overlap_sec=10.000, overlap_ratio=0.083333; within configured expected overlap=10.000s",YppQ6BEHAKY_C038,No automatic action; retain for inventory evidence.
Icb1f5625d9f6ad40,YppQ6BEHAKY_C038,YppQ6BEHAKY,TEMPORAL_OVERLAP,INFO,"overlap_sec=10.000, overlap_ratio=0.083333; within configured expected overlap=10.000s",YppQ6BEHAKY_C037,No automatic action; retain for inventory evidence.
I8138872f215663d8,YppQ6BEHAKY_C038,YppQ6BEHAKY,TEMPORAL_OVERLAP,INFO,"overlap_sec=10.000, overlap_ratio=0.083333; within configured expected overlap=10.000s",YppQ6BEHAKY_C039,No automatic action; retain for inventory evidence.
I0b43685d95457700,YppQ6BEHAKY_C039,YppQ6BEHAKY,TEMPORAL_OVERLAP,INFO,"overlap_sec=10.000, overlap_ratio=0.083333; within configured expected overlap=10.000s",YppQ6BEHAKY_C038,No automatic action; retain for inventory evidence.
I9ea77ff227d0eceb,YppQ6BEHAKY_C039,YppQ6BEHAKY,TEMPORAL_OVERLAP,INFO,"overlap_sec=10.000, overlap_ratio=0.083333; within configured expected overlap=10.000s",YppQ6BEHAKY_C040,No automatic action; retain for inventory evidence.
I69f8542cde02c14c,YppQ6BEHAKY_C040,YppQ6BEHAKY,TEMPORAL_OVERLAP,INFO,"overlap_sec=10.000, overlap_ratio=0.083333; within configured expected overlap=10.000s",YppQ6BEHAKY_C039,No automatic action; retain for inventory evidence.
Ie25489a880ba068f,YppQ6BEHAKY_C040,YppQ6BEHAKY,TEMPORAL_OVERLAP,INFO,"overlap_sec=10.000, overlap_ratio=0.083333; within configured expected overlap=10.000s",YppQ6BEHAKY_C041,No automatic action; retain for inventory evidence.
I8ac3334635105acc,YppQ6BEHAKY_C041,YppQ6BEHAKY,TEMPORAL_OVERLAP,INFO,"overlap_sec=10.000, overlap_ratio=0.083333; within configured expected overlap=10.000s",YppQ6BEHAKY_C040,No automatic action; retain for inventory evidence.
I5ae0520bd7fc55da,YppQ6BEHAKY_C041,YppQ6BEHAKY,TEMPORAL_OVERLAP,INFO,"overlap_sec=10.000, overlap_ratio=0.083333; within configured expected overlap=10.000s",YppQ6BEHAKY_C042,No automatic action; retain for inventory evidence.
Id25eec00935219a4,YppQ6BEHAKY_C042,YppQ6BEHAKY,TEMPORAL_OVERLAP,INFO,"overlap_sec=10.000, overlap_ratio=0.083333; within configured expected overlap=10.000s",YppQ6BEHAKY_C041,No automatic action; retain for inventory evidence.
I495376d076a4eb64,YppQ6BEHAKY_C042,YppQ6BEHAKY,TEMPORAL_OVERLAP,INFO,"overlap_sec=10.000, overlap_ratio=0.083333; within configured expected overlap=10.000s",YppQ6BEHAKY_C043,No automatic action; retain for inventory evidence.
I6104d210925ce215,YppQ6BEHAKY_C043,YppQ6BEHAKY,TEMPORAL_OVERLAP,INFO,"overlap_sec=10.000, overlap_ratio=0.083333; within configured expected overlap=10.000s",YppQ6BEHAKY_C042,No automatic action; retain for inventory evidence.
I2867d48f40ebcfb5,YppQ6BEHAKY_C043,YppQ6BEHAKY,TEMPORAL_OVERLAP,INFO,"overlap_sec=10.000, overlap_ratio=0.083333; within configured expected overlap=10.000s",YppQ6BEHAKY_C044,No automatic action; retain for inventory evidence.
I03ce89b89c5d40c1,YppQ6BEHAKY_C044,YppQ6BEHAKY,TEMPORAL_OVERLAP,INFO,"overlap_sec=10.000, overlap_ratio=0.083333; within configured expected overlap=10.000s",YppQ6BEHAKY_C043,No automatic action; retain for inventory evidence.
I0e6b10d9705465ed,YppQ6BEHAKY_C044,YppQ6BEHAKY,TEMPORAL_OVERLAP,INFO,"overlap_sec=10.000, overlap_ratio=0.083333; within configured expected overlap=10.000s",YppQ6BEHAKY_C045,No automatic action; retain for inventory evidence.
I758890d5bd8b7c4b,YppQ6BEHAKY_C045,YppQ6BEHAKY,TEMPORAL_OVERLAP,INFO,"overlap_sec=10.000, overlap_ratio=0.083333; within configured expected overlap=10.000s",YppQ6BEHAKY_C044,No automatic action; retain for inventory evidence.
Iebe54bcca87a48c2,YppQ6BEHAKY_C045,YppQ6BEHAKY,TEMPORAL_OVERLAP,INFO,"overlap_sec=10.000, overlap_ratio=0.083333; within configured expected overlap=10.000s",YppQ6BEHAKY_C046,No automatic action; retain for inventory evidence.
I01737c43ae2cc373,YppQ6BEHAKY_C046,YppQ6BEHAKY,TEMPORAL_OVERLAP,INFO,"overlap_sec=10.000, overlap_ratio=0.083333; within configured expected overlap=10.000s",YppQ6BEHAKY_C045,No automatic action; retain for inventory evidence.
Ic343bd9ec14a8d50,YppQ6BEHAKY_C046,YppQ6BEHAKY,TEMPORAL_OVERLAP,INFO,"overlap_sec=10.000, overlap_ratio=0.083333; within configured expected overlap=10.000s",YppQ6BEHAKY_C047,No automatic action; retain for inventory evidence.
I2ce572a5ba3e76fd,YppQ6BEHAKY_C047,YppQ6BEHAKY,TEMPORAL_OVERLAP,INFO,"overlap_sec=10.000, overlap_ratio=0.083333; within configured expected overlap=10.000s",YppQ6BEHAKY_C046,No automatic action; retain for inventory evidence.
I577474792d096d45,YppQ6BEHAKY_C047,YppQ6BEHAKY,TEMPORAL_OVERLAP,INFO,"overlap_sec=10.000, overlap_ratio=0.083333; within configured expected overlap=10.000s",YppQ6BEHAKY_C048,No automatic action; retain for inventory evidence.
I55b3d85feaba4bff,YppQ6BEHAKY_C048,YppQ6BEHAKY,TEMPORAL_OVERLAP,INFO,"overlap_sec=10.000, overlap_ratio=0.083333; within configured expected overlap=10.000s",YppQ6BEHAKY_C047,No automatic action; retain for inventory evidence.
I26f5163df73beea2,YppQ6BEHAKY_C048,YppQ6BEHAKY,TEMPORAL_OVERLAP,INFO,"overlap_sec=10.000, overlap_ratio=0.083333; within configured expected overlap=10.000s",YppQ6BEHAKY_C049,No automatic action; retain for inventory evidence.
I248489b04bf9793a,YppQ6BEHAKY_C049,YppQ6BEHAKY,TEMPORAL_OVERLAP,INFO,"overlap_sec=10.000, overlap_ratio=0.083333; within configured expected overlap=10.000s",YppQ6BEHAKY_C048,No automatic action; retain for inventory evidence.
I5e69a9610af00565,YppQ6BEHAKY_C049,YppQ6BEHAKY,TEMPORAL_OVERLAP,INFO,"overlap_sec=10.000, overlap_ratio=0.083333; within configured expected overlap=10.000s",YppQ6BEHAKY_C050,No automatic action; retain for inventory evidence.
I6b8f32e43c65d056,YppQ6BEHAKY_C050,YppQ6BEHAKY,TEMPORAL_OVERLAP,INFO,"overlap_sec=10.000, overlap_ratio=0.083333; within configured expected overlap=10.000s",YppQ6BEHAKY_C049,No automatic action; retain for inventory evidence.
Iac967385cb552ec4,YppQ6BEHAKY_C050,YppQ6BEHAKY,TEMPORAL_OVERLAP,INFO,"overlap_sec=10.000, overlap_ratio=0.083333; within configured expected overlap=10.000s",YppQ6BEHAKY_C051,No automatic action; retain for inventory evidence.
I65f55f81657a807a,YppQ6BEHAKY_C051,YppQ6BEHAKY,TEMPORAL_OVERLAP,INFO,"overlap_sec=10.000, overlap_ratio=0.083333; within configured expected overlap=10.000s",YppQ6BEHAKY_C050,No automatic action; retain for inventory evidence.
I2fed4abbe681cb51,YppQ6BEHAKY_C051,YppQ6BEHAKY,TEMPORAL_OVERLAP,INFO,"overlap_sec=10.000, overlap_ratio=0.083333; within configured expected overlap=10.000s",YppQ6BEHAKY_C052,No automatic action; retain for inventory evidence.
If79c62c948cf0a7c,YppQ6BEHAKY_C052,YppQ6BEHAKY,TEMPORAL_OVERLAP,INFO,"overlap_sec=10.000, overlap_ratio=0.083333; within configured expected overlap=10.000s",YppQ6BEHAKY_C051,No automatic action; retain for inventory evidence.
Ie7097b15962980be,YppQ6BEHAKY_C052,YppQ6BEHAKY,TEMPORAL_OVERLAP,INFO,"overlap_sec=10.000, overlap_ratio=0.083333; within configured expected overlap=10.000s",YppQ6BEHAKY_C053,No automatic action; retain for inventory evidence.
I94fd9ec89337e758,YppQ6BEHAKY_C053,YppQ6BEHAKY,TEMPORAL_OVERLAP,INFO,"overlap_sec=10.000, overlap_ratio=0.083333; within configured expected overlap=10.000s",YppQ6BEHAKY_C052,No automatic action; retain for inventory evidence.
I675f22e3372acb55,YppQ6BEHAKY_C053,YppQ6BEHAKY,TEMPORAL_OVERLAP,INFO,"overlap_sec=10.000, overlap_ratio=0.083333; within configured expected overlap=10.000s",YppQ6BEHAKY_C054,No automatic action; retain for inventory evidence.
I01bce10b20d23839,YppQ6BEHAKY_C054,YppQ6BEHAKY,TEMPORAL_OVERLAP,INFO,"overlap_sec=10.000, overlap_ratio=0.083333; within configured expected overlap=10.000s",YppQ6BEHAKY_C053,No automatic action; retain for inventory evidence.
Ifb9c1169fc6af882,YppQ6BEHAKY_C054,YppQ6BEHAKY,TEMPORAL_OVERLAP,INFO,"overlap_sec=10.000, overlap_ratio=0.083333; within configured expected overlap=10.000s",YppQ6BEHAKY_C055,No automatic action; retain for inventory evidence.
I04734779129fa157,YppQ6BEHAKY_C055,YppQ6BEHAKY,TEMPORAL_OVERLAP,INFO,"overlap_sec=10.000, overlap_ratio=0.083333; within configured expected overlap=10.000s",YppQ6BEHAKY_C054,No automatic action; retain for inventory evidence.
I21454fa2b10035c2,YppQ6BEHAKY_C055,YppQ6BEHAKY,TEMPORAL_OVERLAP,INFO,"overlap_sec=10.000, overlap_ratio=0.083333; within configured expected overlap=10.000s",YppQ6BEHAKY_C056,No automatic action; retain for inventory evidence.
Ib92003d3146266ce,YppQ6BEHAKY_C056,YppQ6BEHAKY,TEMPORAL_OVERLAP,INFO,"overlap_sec=10.000, overlap_ratio=0.083333; within configured expected overlap=10.000s",YppQ6BEHAKY_C055,No automatic action; retain for inventory evidence.
Icf806d3c1424df26,YppQ6BEHAKY_C056,YppQ6BEHAKY,TEMPORAL_OVERLAP,INFO,"overlap_sec=10.000, overlap_ratio=0.083333; within configured expected overlap=10.000s",YppQ6BEHAKY_C057,No automatic action; retain for inventory evidence.
I0cf68c9a11a8a8e4,YppQ6BEHAKY_C057,YppQ6BEHAKY,TEMPORAL_OVERLAP,INFO,"overlap_sec=10.000, overlap_ratio=0.083333; within configured expected overlap=10.000s",YppQ6BEHAKY_C056,No automatic action; retain for inventory evidence.
I59009a02931e73d4,YppQ6BEHAKY_C057,YppQ6BEHAKY,TEMPORAL_OVERLAP,INFO,"overlap_sec=10.000, overlap_ratio=0.083333; within configured expected overlap=10.000s",YppQ6BEHAKY_C058,No automatic action; retain for inventory evidence.
I6f11750393de7ded,YppQ6BEHAKY_C058,YppQ6BEHAKY,TEMPORAL_OVERLAP,INFO,"overlap_sec=10.000, overlap_ratio=0.083333; within configured expected overlap=10.000s",YppQ6BEHAKY_C057,No automatic action; retain for inventory evidence.
I1bab097acd9f940e,YppQ6BEHAKY_C058,YppQ6BEHAKY,TEMPORAL_OVERLAP,INFO,"overlap_sec=10.000, overlap_ratio=0.083333; within configured expected overlap=10.000s",YppQ6BEHAKY_C059,No automatic action; retain for inventory evidence.
Ia6e9d824c793ca8c,YppQ6BEHAKY_C059,YppQ6BEHAKY,TEMPORAL_OVERLAP,INFO,"overlap_sec=10.000, overlap_ratio=0.083333; within configured expected overlap=10.000s",YppQ6BEHAKY_C058,No automatic action; retain for inventory evidence.
I3d767032a90959fd,YppQ6BEHAKY_C059,YppQ6BEHAKY,TEMPORAL_OVERLAP,INFO,"overlap_sec=10.000, overlap_ratio=0.083333; within configured expected overlap=10.000s",YppQ6BEHAKY_C060,No automatic action; retain for inventory evidence.
I42d0f93dfaab8eda,YppQ6BEHAKY_C060,YppQ6BEHAKY,TEMPORAL_OVERLAP,INFO,"overlap_sec=10.000, overlap_ratio=0.083333; within configured expected overlap=10.000s",YppQ6BEHAKY_C059,No automatic action; retain for inventory evidence.
I27008ac3dce5e714,YppQ6BEHAKY_C060,YppQ6BEHAKY,TEMPORAL_OVERLAP,INFO,"overlap_sec=10.000, overlap_ratio=0.083333; within configured expected overlap=10.000s",YppQ6BEHAKY_C061,No automatic action; retain for inventory evidence.
I7493049c3cfa3f79,YppQ6BEHAKY_C061,YppQ6BEHAKY,TEMPORAL_OVERLAP,INFO,"overlap_sec=10.000, overlap_ratio=0.083333; within configured expected overlap=10.000s",YppQ6BEHAKY_C060,No automatic action; retain for inventory evidence.
I3beaf32adad222cd,YppQ6BEHAKY_C061,YppQ6BEHAKY,TEMPORAL_OVERLAP,INFO,"overlap_sec=10.000, overlap_ratio=0.083333; within configured expected overlap=10.000s",YppQ6BEHAKY_C062,No automatic action; retain for inventory evidence.
I2a8f205e114d7d37,YppQ6BEHAKY_C062,YppQ6BEHAKY,TEMPORAL_OVERLAP,INFO,"overlap_sec=10.000, overlap_ratio=0.083333; within configured expected overlap=10.000s",YppQ6BEHAKY_C061,No automatic action; retain for inventory evidence.
I8d3ae97676fb5e3f,YppQ6BEHAKY_C062,YppQ6BEHAKY,TEMPORAL_OVERLAP,INFO,"overlap_sec=10.000, overlap_ratio=0.083333; within configured expected overlap=10.000s",YppQ6BEHAKY_C063,No automatic action; retain for inventory evidence.
I5354f5d52265b2af,YppQ6BEHAKY_C063,YppQ6BEHAKY,TEMPORAL_OVERLAP,INFO,"overlap_sec=10.000, overlap_ratio=0.083333; within configured expected overlap=10.000s",YppQ6BEHAKY_C062,No automatic action; retain for inventory evidence.
I1b912ffab29cb3c9,YppQ6BEHAKY_C063,YppQ6BEHAKY,TEMPORAL_OVERLAP,INFO,"overlap_sec=10.000, overlap_ratio=0.083333; within configured expected overlap=10.000s",YppQ6BEHAKY_C064,No automatic action; retain for inventory evidence.
I25cc1715b0585336,YppQ6BEHAKY_C064,YppQ6BEHAKY,TEMPORAL_OVERLAP,INFO,"overlap_sec=10.000, overlap_ratio=0.083333; within configured expected overlap=10.000s",YppQ6BEHAKY_C063,No automatic action; retain for inventory evidence.
I5247d13dbc6a8188,YppQ6BEHAKY_C064,YppQ6BEHAKY,TEMPORAL_OVERLAP,INFO,"overlap_sec=10.000, overlap_ratio=0.083333; within configured expected overlap=10.000s",YppQ6BEHAKY_C065,No automatic action; retain for inventory evidence.
Ib145f0a2d1e4e99e,YppQ6BEHAKY_C065,YppQ6BEHAKY,TEMPORAL_OVERLAP,INFO,"overlap_sec=10.000, overlap_ratio=0.083333; within configured expected overlap=10.000s",YppQ6BEHAKY_C064,No automatic action; retain for inventory evidence.
I9d77e2bd0eb02aba,YppQ6BEHAKY_C065,YppQ6BEHAKY,TEMPORAL_OVERLAP,INFO,"overlap_sec=10.000, overlap_ratio=0.181623; within configured expected overlap=10.000s",YppQ6BEHAKY_C066,No automatic action; retain for inventory evidence.
Icece59f1fb14a3e5,YppQ6BEHAKY_C066,YppQ6BEHAKY,TEMPORAL_OVERLAP,INFO,"overlap_sec=10.000, overlap_ratio=0.181623; within configured expected overlap=10.000s",YppQ6BEHAKY_C065,No automatic action; retain for inventory evidence.
If9528ade9e712dce,interrupted_2026-09-17_C001,interrupted_2026-09-17,TEMPORAL_OVERLAP,INFO,"overlap_sec=10.000, overlap_ratio=0.083333; within configured expected overlap=10.000s",interrupted_2026-09-17_C002,No automatic action; retain for inventory evidence.
Icf83e101885d149f,interrupted_2026-09-17_C002,interrupted_2026-09-17,TEMPORAL_OVERLAP,INFO,"overlap_sec=10.000, overlap_ratio=0.083333; within configured expected overlap=10.000s",interrupted_2026-09-17_C001,No automatic action; retain for inventory evidence.
I28dab06762270a94,interrupted_2026-09-17_C002,interrupted_2026-09-17,TEMPORAL_OVERLAP,INFO,"overlap_sec=10.000, overlap_ratio=0.083333; within configured expected overlap=10.000s",interrupted_2026-09-17_C003,No automatic action; retain for inventory evidence.
Ib344732f09e87832,interrupted_2026-09-17_C003,interrupted_2026-09-17,TEMPORAL_OVERLAP,INFO,"overlap_sec=10.000, overlap_ratio=0.083333; within configured expected overlap=10.000s",interrupted_2026-09-17_C002,No automatic action; retain for inventory evidence.
Ic8975e22efe69572,interrupted_2026-09-17_C003,interrupted_2026-09-17,TEMPORAL_OVERLAP,INFO,"overlap_sec=10.000, overlap_ratio=0.083333; within configured expected overlap=10.000s",interrupted_2026-09-17_C004,No automatic action; retain for inventory evidence.
I558bdbca6a64464f,interrupted_2026-09-17_C004,interrupted_2026-09-17,TEMPORAL_OVERLAP,INFO,"overlap_sec=10.000, overlap_ratio=0.083333; within configured expected overlap=10.000s",interrupted_2026-09-17_C003,No automatic action; retain for inventory evidence.
Ibd205e2a44799921,interrupted_2026-09-17_C004,interrupted_2026-09-17,TEMPORAL_OVERLAP,INFO,"overlap_sec=10.000, overlap_ratio=0.083333; within configured expected overlap=10.000s",interrupted_2026-09-17_C005,No automatic action; retain for inventory evidence.
I58a4039847a7cbf1,interrupted_2026-09-17_C005,interrupted_2026-09-17,TEMPORAL_OVERLAP,INFO,"overlap_sec=10.000, overlap_ratio=0.083333; within configured expected overlap=10.000s",interrupted_2026-09-17_C004,No automatic action; retain for inventory evidence.
Ice228c8f0b5acfbc,interrupted_2026-09-17_C005,interrupted_2026-09-17,TEMPORAL_OVERLAP,INFO,"overlap_sec=10.000, overlap_ratio=0.083333; within configured expected overlap=10.000s",interrupted_2026-09-17_C006,No automatic action; retain for inventory evidence.
Ieb9db2d7c55f41c3,interrupted_2026-09-17_C006,interrupted_2026-09-17,TEMPORAL_OVERLAP,INFO,"overlap_sec=10.000, overlap_ratio=0.083333; within configured expected overlap=10.000s",interrupted_2026-09-17_C005,No automatic action; retain for inventory evidence.
Ie8eae3c866b5c48e,interrupted_2026-09-17_C006,interrupted_2026-09-17,TEMPORAL_OVERLAP,INFO,"overlap_sec=10.000, overlap_ratio=0.083333; within configured expected overlap=10.000s",interrupted_2026-09-17_C007,No automatic action; retain for inventory evidence.
Idc8d6e20f3777c22,interrupted_2026-09-17_C007,interrupted_2026-09-17,TEMPORAL_OVERLAP,INFO,"overlap_sec=10.000, overlap_ratio=0.083333; within configured expected overlap=10.000s",interrupted_2026-09-17_C006,No automatic action; retain for inventory evidence.
Ifc677cf6452e0390,interrupted_2026-09-17_C007,interrupted_2026-09-17,TEMPORAL_OVERLAP,INFO,"overlap_sec=10.000, overlap_ratio=0.083333; within configured expected overlap=10.000s",interrupted_2026-09-17_C008,No automatic action; retain for inventory evidence.
I9d8b7263bf94e8ef,interrupted_2026-09-17_C008,interrupted_2026-09-17,TEMPORAL_OVERLAP,INFO,"overlap_sec=10.000, overlap_ratio=0.083333; within configured expected overlap=10.000s",interrupted_2026-09-17_C007,No automatic action; retain for inventory evidence.
I29705c1b55bbc9e5,interrupted_2026-09-17_C008,interrupted_2026-09-17,TEMPORAL_OVERLAP,INFO,"overlap_sec=10.000, overlap_ratio=0.083333; within configured expected overlap=10.000s",interrupted_2026-09-17_C009,No automatic action; retain for inventory evidence.
I9e1275f690e5d417,interrupted_2026-09-17_C009,interrupted_2026-09-17,TEMPORAL_OVERLAP,INFO,"overlap_sec=10.000, overlap_ratio=0.083333; within configured expected overlap=10.000s",interrupted_2026-09-17_C008,No automatic action; retain for inventory evidence.
I230ed8816033b6b4,interrupted_2026-09-17_C009,interrupted_2026-09-17,TEMPORAL_OVERLAP,INFO,"overlap_sec=10.000, overlap_ratio=0.083333; within configured expected overlap=10.000s",interrupted_2026-09-17_C010,No automatic action; retain for inventory evidence.
I1ffdbaeac08878be,interrupted_2026-09-17_C010,interrupted_2026-09-17,TEMPORAL_OVERLAP,INFO,"overlap_sec=10.000, overlap_ratio=0.083333; within configured expected overlap=10.000s",interrupted_2026-09-17_C009,No automatic action; retain for inventory evidence.
I448edde9fabbc0c0,interrupted_2026-09-17_C010,interrupted_2026-09-17,TEMPORAL_OVERLAP,INFO,"overlap_sec=10.000, overlap_ratio=0.083333; within configured expected overlap=10.000s",interrupted_2026-09-17_C011,No automatic action; retain for inventory evidence.
I308b389069044dc9,interrupted_2026-09-17_C011,interrupted_2026-09-17,TEMPORAL_OVERLAP,INFO,"overlap_sec=10.000, overlap_ratio=0.083333; within configured expected overlap=10.000s",interrupted_2026-09-17_C010,No automatic action; retain for inventory evidence.
I24c5f61be1959e03,interrupted_2026-09-17_C011,interrupted_2026-09-17,TEMPORAL_OVERLAP,INFO,"overlap_sec=10.000, overlap_ratio=0.083333; within configured expected overlap=10.000s",interrupted_2026-09-17_C012,No automatic action; retain for inventory evidence.
Ib3dbf7e3ff595327,interrupted_2026-09-17_C012,interrupted_2026-09-17,TEMPORAL_OVERLAP,INFO,"overlap_sec=10.000, overlap_ratio=0.083333; within configured expected overlap=10.000s",interrupted_2026-09-17_C011,No automatic action; retain for inventory evidence.
I47150578ec7d9550,interrupted_2026-09-17_C012,interrupted_2026-09-17,TEMPORAL_OVERLAP,INFO,"overlap_sec=10.000, overlap_ratio=0.083333; within configured expected overlap=10.000s",interrupted_2026-09-17_C013,No automatic action; retain for inventory evidence.
I98ccd4c64bcdc672,interrupted_2026-09-17_C013,interrupted_2026-09-17,TEMPORAL_OVERLAP,INFO,"overlap_sec=10.000, overlap_ratio=0.083333; within configured expected overlap=10.000s",interrupted_2026-09-17_C012,No automatic action; retain for inventory evidence.
I10e59321857e3d60,interrupted_2026-09-17_C013,interrupted_2026-09-17,TEMPORAL_OVERLAP,INFO,"overlap_sec=10.000, overlap_ratio=0.083333; within configured expected overlap=10.000s",interrupted_2026-09-17_C014,No automatic action; retain for inventory evidence.
Id8af23e8a63189b1,interrupted_2026-09-17_C014,interrupted_2026-09-17,TEMPORAL_OVERLAP,INFO,"overlap_sec=10.000, overlap_ratio=0.083333; within configured expected overlap=10.000s",interrupted_2026-09-17_C013,No automatic action; retain for inventory evidence.
I8b39c19376cf653a,interrupted_2026-09-17_C014,interrupted_2026-09-17,TEMPORAL_OVERLAP,INFO,"overlap_sec=10.000, overlap_ratio=0.083333; within configured expected overlap=10.000s",interrupted_2026-09-17_C015,No automatic action; retain for inventory evidence.
Id7873a8b7b20a98a,interrupted_2026-09-17_C015,interrupted_2026-09-17,TEMPORAL_OVERLAP,INFO,"overlap_sec=10.000, overlap_ratio=0.083333; within configured expected overlap=10.000s",interrupted_2026-09-17_C014,No automatic action; retain for inventory evidence.
I1089a255bffa93df,interrupted_2026-09-17_C015,interrupted_2026-09-17,TEMPORAL_OVERLAP,INFO,"overlap_sec=10.000, overlap_ratio=0.083333; within configured expected overlap=10.000s",interrupted_2026-09-17_C016,No automatic action; retain for inventory evidence.
I50388e03981ba7dc,interrupted_2026-09-17_C016,interrupted_2026-09-17,TEMPORAL_OVERLAP,INFO,"overlap_sec=10.000, overlap_ratio=0.083333; within configured expected overlap=10.000s",interrupted_2026-09-17_C015,No automatic action; retain for inventory evidence.
I4963e725060ce6e2,interrupted_2026-09-17_C016,interrupted_2026-09-17,TEMPORAL_OVERLAP,INFO,"overlap_sec=10.000, overlap_ratio=0.083333; within configured expected overlap=10.000s",interrupted_2026-09-17_C017,No automatic action; retain for inventory evidence.
Iaca6b4988770ce63,interrupted_2026-09-17_C017,interrupted_2026-09-17,TEMPORAL_OVERLAP,INFO,"overlap_sec=10.000, overlap_ratio=0.083333; within configured expected overlap=10.000s",interrupted_2026-09-17_C016,No automatic action; retain for inventory evidence.
I6f00efa5705e1e3a,interrupted_2026-09-17_C017,interrupted_2026-09-17,TEMPORAL_OVERLAP,INFO,"overlap_sec=10.000, overlap_ratio=0.083333; within configured expected overlap=10.000s",interrupted_2026-09-17_C018,No automatic action; retain for inventory evidence.
Idac4dee8eaafe1c7,interrupted_2026-09-17_C018,interrupted_2026-09-17,TEMPORAL_OVERLAP,INFO,"overlap_sec=10.000, overlap_ratio=0.083333; within configured expected overlap=10.000s",interrupted_2026-09-17_C017,No automatic action; retain for inventory evidence.
I0b865e903a34f80d,interrupted_2026-09-17_C018,interrupted_2026-09-17,TEMPORAL_OVERLAP,INFO,"overlap_sec=10.000, overlap_ratio=0.083333; within configured expected overlap=10.000s",interrupted_2026-09-17_C019,No automatic action; retain for inventory evidence.
I8609ede9806087a1,interrupted_2026-09-17_C019,interrupted_2026-09-17,TEMPORAL_OVERLAP,INFO,"overlap_sec=10.000, overlap_ratio=0.083333; within configured expected overlap=10.000s",interrupted_2026-09-17_C018,No automatic action; retain for inventory evidence.
I2d8260abc142c7ff,interrupted_2026-09-17_C019,interrupted_2026-09-17,TEMPORAL_OVERLAP,INFO,"overlap_sec=10.000, overlap_ratio=0.083333; within configured expected overlap=10.000s",interrupted_2026-09-17_C020,No automatic action; retain for inventory evidence.
Ic78dac7267c1edfb,interrupted_2026-09-17_C020,interrupted_2026-09-17,TEMPORAL_OVERLAP,INFO,"overlap_sec=10.000, overlap_ratio=0.083333; within configured expected overlap=10.000s",interrupted_2026-09-17_C019,No automatic action; retain for inventory evidence.
I1d443714e5871fb9,interrupted_2026-09-17_C020,interrupted_2026-09-17,TEMPORAL_OVERLAP,INFO,"overlap_sec=10.000, overlap_ratio=0.083333; within configured expected overlap=10.000s",interrupted_2026-09-17_C021,No automatic action; retain for inventory evidence.
I79126f33a7ca5557,interrupted_2026-09-17_C021,interrupted_2026-09-17,TEMPORAL_OVERLAP,INFO,"overlap_sec=10.000, overlap_ratio=0.083333; within configured expected overlap=10.000s",interrupted_2026-09-17_C020,No automatic action; retain for inventory evidence.
I0c23c6da3ec6aa6d,interrupted_2026-09-17_C021,interrupted_2026-09-17,TEMPORAL_OVERLAP,INFO,"overlap_sec=10.000, overlap_ratio=0.083333; within configured expected overlap=10.000s",interrupted_2026-09-17_C022,No automatic action; retain for inventory evidence.
Id7813c79e354c4d2,interrupted_2026-09-17_C022,interrupted_2026-09-17,TEMPORAL_OVERLAP,INFO,"overlap_sec=10.000, overlap_ratio=0.083333; within configured expected overlap=10.000s",interrupted_2026-09-17_C021,No automatic action; retain for inventory evidence.
Id1e160ecbc242fcb,interrupted_2026-09-17_C022,interrupted_2026-09-17,TEMPORAL_OVERLAP,INFO,"overlap_sec=10.000, overlap_ratio=0.083333; within configured expected overlap=10.000s",interrupted_2026-09-17_C023,No automatic action; retain for inventory evidence.
I1dc81fe6e9e6beba,interrupted_2026-09-17_C023,interrupted_2026-09-17,TEMPORAL_OVERLAP,INFO,"overlap_sec=10.000, overlap_ratio=0.083333; within configured expected overlap=10.000s",interrupted_2026-09-17_C022,No automatic action; retain for inventory evidence.
I71d9ef49fa737c62,interrupted_2026-09-17_C023,interrupted_2026-09-17,TEMPORAL_OVERLAP,INFO,"overlap_sec=10.000, overlap_ratio=0.083333; within configured expected overlap=10.000s",interrupted_2026-09-17_C024,No automatic action; retain for inventory evidence.
I04c709d2170f935c,interrupted_2026-09-17_C024,interrupted_2026-09-17,TEMPORAL_OVERLAP,INFO,"overlap_sec=10.000, overlap_ratio=0.083333; within configured expected overlap=10.000s",interrupted_2026-09-17_C023,No automatic action; retain for inventory evidence.
I20f692ad3f8c963e,interrupted_2026-09-17_C024,interrupted_2026-09-17,TEMPORAL_OVERLAP,INFO,"overlap_sec=10.000, overlap_ratio=0.083333; within configured expected overlap=10.000s",interrupted_2026-09-17_C025,No automatic action; retain for inventory evidence.
Ibe8fca6bce8b5e07,interrupted_2026-09-17_C025,interrupted_2026-09-17,TEMPORAL_OVERLAP,INFO,"overlap_sec=10.000, overlap_ratio=0.083333; within configured expected overlap=10.000s",interrupted_2026-09-17_C024,No automatic action; retain for inventory evidence.
I04117b2ed0da0ed0,interrupted_2026-09-17_C025,interrupted_2026-09-17,TEMPORAL_OVERLAP,INFO,"overlap_sec=10.000, overlap_ratio=0.083333; within configured expected overlap=10.000s",interrupted_2026-09-17_C026,No automatic action; retain for inventory evidence.
Id48de95a17b4628f,interrupted_2026-09-17_C026,interrupted_2026-09-17,TEMPORAL_OVERLAP,INFO,"overlap_sec=10.000, overlap_ratio=0.083333; within configured expected overlap=10.000s",interrupted_2026-09-17_C025,No automatic action; retain for inventory evidence.
Icadd2e8f724cfd2d,interrupted_2026-09-17_C026,interrupted_2026-09-17,TEMPORAL_OVERLAP,INFO,"overlap_sec=10.000, overlap_ratio=0.083333; within configured expected overlap=10.000s",interrupted_2026-09-17_C027,No automatic action; retain for inventory evidence.
I450c9170f681eefe,interrupted_2026-09-17_C027,interrupted_2026-09-17,TEMPORAL_OVERLAP,INFO,"overlap_sec=10.000, overlap_ratio=0.083333; within configured expected overlap=10.000s",interrupted_2026-09-17_C026,No automatic action; retain for inventory evidence.
I9f49a9f6754ca932,interrupted_2026-09-17_C027,interrupted_2026-09-17,TEMPORAL_OVERLAP,INFO,"overlap_sec=10.000, overlap_ratio=0.083333; within configured expected overlap=10.000s",interrupted_2026-09-17_C028,No automatic action; retain for inventory evidence.
I5e41d93a09380ad0,interrupted_2026-09-17_C028,interrupted_2026-09-17,TEMPORAL_OVERLAP,INFO,"overlap_sec=10.000, overlap_ratio=0.083333; within configured expected overlap=10.000s",interrupted_2026-09-17_C027,No automatic action; retain for inventory evidence.
Idb9d698501dd96ea,interrupted_2026-09-17_C028,interrupted_2026-09-17,TEMPORAL_OVERLAP,INFO,"overlap_sec=10.000, overlap_ratio=0.083333; within configured expected overlap=10.000s",interrupted_2026-09-17_C029,No automatic action; retain for inventory evidence.
Iffe8abd9dc746f62,interrupted_2026-09-17_C029,interrupted_2026-09-17,TEMPORAL_OVERLAP,INFO,"overlap_sec=10.000, overlap_ratio=0.083333; within configured expected overlap=10.000s",interrupted_2026-09-17_C028,No automatic action; retain for inventory evidence.
Ic27c655fdb02cbe7,interrupted_2026-09-17_C029,interrupted_2026-09-17,TEMPORAL_OVERLAP,INFO,"overlap_sec=10.000, overlap_ratio=0.083333; within configured expected overlap=10.000s",interrupted_2026-09-17_C030,No automatic action; retain for inventory evidence.
I5fe24080c1ab4cd2,interrupted_2026-09-17_C030,interrupted_2026-09-17,TEMPORAL_OVERLAP,INFO,"overlap_sec=10.000, overlap_ratio=0.083333; within configured expected overlap=10.000s",interrupted_2026-09-17_C029,No automatic action; retain for inventory evidence.
I888eadfe6dcab83a,interrupted_2026-09-17_C030,interrupted_2026-09-17,TEMPORAL_OVERLAP,INFO,"overlap_sec=10.000, overlap_ratio=0.083333; within configured expected overlap=10.000s",interrupted_2026-09-17_C031,No automatic action; retain for inventory evidence.
I2332659d680a1bef,interrupted_2026-09-17_C031,interrupted_2026-09-17,TEMPORAL_OVERLAP,INFO,"overlap_sec=10.000, overlap_ratio=0.083333; within configured expected overlap=10.000s",interrupted_2026-09-17_C030,No automatic action; retain for inventory evidence.
I874173be6abd4be6,interrupted_2026-09-17_C031,interrupted_2026-09-17,TEMPORAL_OVERLAP,INFO,"overlap_sec=10.000, overlap_ratio=0.083333; within configured expected overlap=10.000s",interrupted_2026-09-17_C032,No automatic action; retain for inventory evidence.
I257facfe23d0033d,interrupted_2026-09-17_C032,interrupted_2026-09-17,TEMPORAL_OVERLAP,INFO,"overlap_sec=10.000, overlap_ratio=0.083333; within configured expected overlap=10.000s",interrupted_2026-09-17_C031,No automatic action; retain for inventory evidence.
Ib241fcfa9b49e6ed,interrupted_2026-09-17_C032,interrupted_2026-09-17,TEMPORAL_OVERLAP,INFO,"overlap_sec=10.000, overlap_ratio=0.083333; within configured expected overlap=10.000s",interrupted_2026-09-17_C033,No automatic action; retain for inventory evidence.
Iaaa0997586e8688f,interrupted_2026-09-17_C033,interrupted_2026-09-17,TEMPORAL_OVERLAP,INFO,"overlap_sec=10.000, overlap_ratio=0.083333; within configured expected overlap=10.000s",interrupted_2026-09-17_C032,No automatic action; retain for inventory evidence.
I80bedbb5933e9a97,interrupted_2026-09-17_C033,interrupted_2026-09-17,TEMPORAL_OVERLAP,INFO,"overlap_sec=10.000, overlap_ratio=0.083333; within configured expected overlap=10.000s",interrupted_2026-09-17_C034,No automatic action; retain for inventory evidence.
I503dd964b8c6c0c8,interrupted_2026-09-17_C034,interrupted_2026-09-17,TEMPORAL_OVERLAP,INFO,"overlap_sec=10.000, overlap_ratio=0.083333; within configured expected overlap=10.000s",interrupted_2026-09-17_C033,No automatic action; retain for inventory evidence.
Ia9cbcf99d911a556,interrupted_2026-09-17_C034,interrupted_2026-09-17,TEMPORAL_OVERLAP,INFO,"overlap_sec=10.000, overlap_ratio=0.083333; within configured expected overlap=10.000s",interrupted_2026-09-17_C035,No automatic action; retain for inventory evidence.
I97e7ac605f7c5cf6,interrupted_2026-09-17_C035,interrupted_2026-09-17,TEMPORAL_OVERLAP,INFO,"overlap_sec=10.000, overlap_ratio=0.083333; within configured expected overlap=10.000s",interrupted_2026-09-17_C034,No automatic action; retain for inventory evidence.
I197396fe36aac24f,interrupted_2026-09-17_C035,interrupted_2026-09-17,TEMPORAL_OVERLAP,INFO,"overlap_sec=10.000, overlap_ratio=0.083333; within configured expected overlap=10.000s",interrupted_2026-09-17_C036,No automatic action; retain for inventory evidence.
I26a98a6710090454,interrupted_2026-09-17_C036,interrupted_2026-09-17,TEMPORAL_OVERLAP,INFO,"overlap_sec=10.000, overlap_ratio=0.083333; within configured expected overlap=10.000s",interrupted_2026-09-17_C035,No automatic action; retain for inventory evidence.
Ib5e76e2bef9f3e20,interrupted_2026-09-17_C036,interrupted_2026-09-17,TEMPORAL_OVERLAP,INFO,"overlap_sec=10.000, overlap_ratio=0.083333; within configured expected overlap=10.000s",interrupted_2026-09-17_C037,No automatic action; retain for inventory evidence.
I303d87f101da443d,interrupted_2026-09-17_C037,interrupted_2026-09-17,TEMPORAL_OVERLAP,INFO,"overlap_sec=10.000, overlap_ratio=0.083333; within configured expected overlap=10.000s",interrupted_2026-09-17_C036,No automatic action; retain for inventory evidence.
Ied22f6cde124816e,interrupted_2026-09-17_C037,interrupted_2026-09-17,TEMPORAL_OVERLAP,INFO,"overlap_sec=10.000, overlap_ratio=0.083333; within configured expected overlap=10.000s",interrupted_2026-09-17_C038,No automatic action; retain for inventory evidence.
Ie2093f4fc46c4000,interrupted_2026-09-17_C038,interrupted_2026-09-17,TEMPORAL_OVERLAP,INFO,"overlap_sec=10.000, overlap_ratio=0.083333; within configured expected overlap=10.000s",interrupted_2026-09-17_C037,No automatic action; retain for inventory evidence.
If2d7c87ee67a7d57,interrupted_2026-09-17_C038,interrupted_2026-09-17,TEMPORAL_OVERLAP,INFO,"overlap_sec=10.000, overlap_ratio=0.083333; within configured expected overlap=10.000s",interrupted_2026-09-17_C039,No automatic action; retain for inventory evidence.
Ia6de32a4fe5d4aad,interrupted_2026-09-17_C039,interrupted_2026-09-17,TEMPORAL_OVERLAP,INFO,"overlap_sec=10.000, overlap_ratio=0.083333; within configured expected overlap=10.000s",interrupted_2026-09-17_C038,No automatic action; retain for inventory evidence.
I61cb50cdf33c5e9b,interrupted_2026-09-17_C039,interrupted_2026-09-17,TEMPORAL_OVERLAP,INFO,"overlap_sec=10.000, overlap_ratio=0.083333; within configured expected overlap=10.000s",interrupted_2026-09-17_C040,No automatic action; retain for inventory evidence.
I35105a0849afcffa,interrupted_2026-09-17_C040,interrupted_2026-09-17,TEMPORAL_OVERLAP,INFO,"overlap_sec=10.000, overlap_ratio=0.083333; within configured expected overlap=10.000s",interrupted_2026-09-17_C039,No automatic action; retain for inventory evidence.
Ide6dfea68f93401c,interrupted_2026-09-17_C040,interrupted_2026-09-17,TEMPORAL_OVERLAP,INFO,"overlap_sec=10.000, overlap_ratio=0.083333; within configured expected overlap=10.000s",interrupted_2026-09-17_C041,No automatic action; retain for inventory evidence.
I9782764bb60b7270,interrupted_2026-09-17_C041,interrupted_2026-09-17,TEMPORAL_OVERLAP,INFO,"overlap_sec=10.000, overlap_ratio=0.083333; within configured expected overlap=10.000s",interrupted_2026-09-17_C040,No automatic action; retain for inventory evidence.
I76f3f784e7b5d390,interrupted_2026-09-17_C041,interrupted_2026-09-17,TEMPORAL_OVERLAP,INFO,"overlap_sec=10.000, overlap_ratio=0.083333; within configured expected overlap=10.000s",interrupted_2026-09-17_C042,No automatic action; retain for inventory evidence.
I7e3869546cd69025,interrupted_2026-09-17_C042,interrupted_2026-09-17,TEMPORAL_OVERLAP,INFO,"overlap_sec=10.000, overlap_ratio=0.083333; within configured expected overlap=10.000s",interrupted_2026-09-17_C041,No automatic action; retain for inventory evidence.
I19cdb5788e2c997c,interrupted_2026-09-17_C042,interrupted_2026-09-17,TEMPORAL_OVERLAP,INFO,"overlap_sec=10.000, overlap_ratio=0.083333; within configured expected overlap=10.000s",interrupted_2026-09-17_C043,No automatic action; retain for inventory evidence.
If040408228ada9ab,interrupted_2026-09-17_C043,interrupted_2026-09-17,TEMPORAL_OVERLAP,INFO,"overlap_sec=10.000, overlap_ratio=0.083333; within configured expected overlap=10.000s",interrupted_2026-09-17_C042,No automatic action; retain for inventory evidence.
I59b04992e16ae0e0,interrupted_2026-09-17_C043,interrupted_2026-09-17,TEMPORAL_OVERLAP,INFO,"overlap_sec=10.000, overlap_ratio=0.083333; within configured expected overlap=10.000s",interrupted_2026-09-17_C044,No automatic action; retain for inventory evidence.
If63bb3fb4066ae27,interrupted_2026-09-17_C044,interrupted_2026-09-17,TEMPORAL_OVERLAP,INFO,"overlap_sec=10.000, overlap_ratio=0.083333; within configured expected overlap=10.000s",interrupted_2026-09-17_C043,No automatic action; retain for inventory evidence.
Id956ea67c529b787,interrupted_2026-09-17_C044,interrupted_2026-09-17,TEMPORAL_OVERLAP,INFO,"overlap_sec=10.000, overlap_ratio=0.083333; within configured expected overlap=10.000s",interrupted_2026-09-17_C045,No automatic action; retain for inventory evidence.
I0724f29a06a0f944,interrupted_2026-09-17_C045,interrupted_2026-09-17,TEMPORAL_OVERLAP,INFO,"overlap_sec=10.000, overlap_ratio=0.083333; within configured expected overlap=10.000s",interrupted_2026-09-17_C044,No automatic action; retain for inventory evidence.
I94732262f5b0e941,interrupted_2026-09-17_C045,interrupted_2026-09-17,TEMPORAL_OVERLAP,INFO,"overlap_sec=10.000, overlap_ratio=0.083333; within configured expected overlap=10.000s",interrupted_2026-09-17_C046,No automatic action; retain for inventory evidence.
I7402cf98148d77ec,interrupted_2026-09-17_C046,interrupted_2026-09-17,TEMPORAL_OVERLAP,INFO,"overlap_sec=10.000, overlap_ratio=0.083333; within configured expected overlap=10.000s",interrupted_2026-09-17_C045,No automatic action; retain for inventory evidence.
I41eda58852ad4978,interrupted_2026-09-17_C046,interrupted_2026-09-17,TEMPORAL_OVERLAP,INFO,"overlap_sec=10.000, overlap_ratio=0.083333; within configured expected overlap=10.000s",interrupted_2026-09-17_C047,No automatic action; retain for inventory evidence.
Ie9dcf116bcf64736,interrupted_2026-09-17_C047,interrupted_2026-09-17,TEMPORAL_OVERLAP,INFO,"overlap_sec=10.000, overlap_ratio=0.083333; within configured expected overlap=10.000s",interrupted_2026-09-17_C046,No automatic action; retain for inventory evidence.
Ibe42dfe7c9847bc2,interrupted_2026-09-17_C047,interrupted_2026-09-17,TEMPORAL_OVERLAP,INFO,"overlap_sec=10.000, overlap_ratio=0.083333; within configured expected overlap=10.000s",interrupted_2026-09-17_C048,No automatic action; retain for inventory evidence.
I1da44e75792b0090,interrupted_2026-09-17_C048,interrupted_2026-09-17,TEMPORAL_OVERLAP,INFO,"overlap_sec=10.000, overlap_ratio=0.083333; within configured expected overlap=10.000s",interrupted_2026-09-17_C047,No automatic action; retain for inventory evidence.
I02b5179c06eee30b,interrupted_2026-09-17_C048,interrupted_2026-09-17,TEMPORAL_OVERLAP,INFO,"overlap_sec=10.000, overlap_ratio=0.083333; within configured expected overlap=10.000s",interrupted_2026-09-17_C049,No automatic action; retain for inventory evidence.
I1029f51a5fbe8437,interrupted_2026-09-17_C049,interrupted_2026-09-17,TEMPORAL_OVERLAP,INFO,"overlap_sec=10.000, overlap_ratio=0.083333; within configured expected overlap=10.000s",interrupted_2026-09-17_C048,No automatic action; retain for inventory evidence.
I675f33e5d0e0f861,interrupted_2026-09-17_C049,interrupted_2026-09-17,TEMPORAL_OVERLAP,INFO,"overlap_sec=10.000, overlap_ratio=0.083333; within configured expected overlap=10.000s",interrupted_2026-09-17_C050,No automatic action; retain for inventory evidence.
Iadb5f43a19554398,interrupted_2026-09-17_C050,interrupted_2026-09-17,TEMPORAL_OVERLAP,INFO,"overlap_sec=10.000, overlap_ratio=0.083333; within configured expected overlap=10.000s",interrupted_2026-09-17_C049,No automatic action; retain for inventory evidence.
Ie100793bf9609af9,interrupted_2026-09-17_C050,interrupted_2026-09-17,TEMPORAL_OVERLAP,INFO,"overlap_sec=10.000, overlap_ratio=0.083333; within configured expected overlap=10.000s",interrupted_2026-09-17_C051,No automatic action; retain for inventory evidence.
I19ed9018f3f19b0e,interrupted_2026-09-17_C051,interrupted_2026-09-17,TEMPORAL_OVERLAP,INFO,"overlap_sec=10.000, overlap_ratio=0.083333; within configured expected overlap=10.000s",interrupted_2026-09-17_C050,No automatic action; retain for inventory evidence.
I71164742bfc7ff4a,interrupted_2026-09-17_C051,interrupted_2026-09-17,TEMPORAL_OVERLAP,INFO,"overlap_sec=10.000, overlap_ratio=0.083333; within configured expected overlap=10.000s",interrupted_2026-09-17_C052,No automatic action; retain for inventory evidence.
I9008b81fb908377e,interrupted_2026-09-17_C052,interrupted_2026-09-17,TEMPORAL_OVERLAP,INFO,"overlap_sec=10.000, overlap_ratio=0.083333; within configured expected overlap=10.000s",interrupted_2026-09-17_C051,No automatic action; retain for inventory evidence.
I93c659d80fc04d32,interrupted_2026-09-17_C052,interrupted_2026-09-17,TEMPORAL_OVERLAP,INFO,"overlap_sec=10.000, overlap_ratio=0.083333; within configured expected overlap=10.000s",interrupted_2026-09-17_C053,No automatic action; retain for inventory evidence.
Ib57374c68900fa16,interrupted_2026-09-17_C053,interrupted_2026-09-17,TEMPORAL_OVERLAP,INFO,"overlap_sec=10.000, overlap_ratio=0.083333; within configured expected overlap=10.000s",interrupted_2026-09-17_C052,No automatic action; retain for inventory evidence.
If41206585cce7c64,interrupted_2026-09-17_C053,interrupted_2026-09-17,TEMPORAL_OVERLAP,INFO,"overlap_sec=10.000, overlap_ratio=0.083333; within configured expected overlap=10.000s",interrupted_2026-09-17_C054,No automatic action; retain for inventory evidence.
I7dfa6b59641ace6a,interrupted_2026-09-17_C054,interrupted_2026-09-17,TEMPORAL_OVERLAP,INFO,"overlap_sec=10.000, overlap_ratio=0.083333; within configured expected overlap=10.000s",interrupted_2026-09-17_C053,No automatic action; retain for inventory evidence.
I82d27fd88270659d,interrupted_2026-09-17_C054,interrupted_2026-09-17,TEMPORAL_OVERLAP,INFO,"overlap_sec=10.000, overlap_ratio=0.083333; within configured expected overlap=10.000s",interrupted_2026-09-17_C055,No automatic action; retain for inventory evidence.
Ie581d3c9204fda6c,interrupted_2026-09-17_C055,interrupted_2026-09-17,TEMPORAL_OVERLAP,INFO,"overlap_sec=10.000, overlap_ratio=0.083333; within configured expected overlap=10.000s",interrupted_2026-09-17_C054,No automatic action; retain for inventory evidence.
Iec50866eaa55a133,interrupted_2026-09-17_C055,interrupted_2026-09-17,TEMPORAL_OVERLAP,INFO,"overlap_sec=10.000, overlap_ratio=0.083333; within configured expected overlap=10.000s",interrupted_2026-09-17_C056,No automatic action; retain for inventory evidence.
I769d672b8a44e228,interrupted_2026-09-17_C056,interrupted_2026-09-17,TEMPORAL_OVERLAP,INFO,"overlap_sec=10.000, overlap_ratio=0.083333; within configured expected overlap=10.000s",interrupted_2026-09-17_C055,No automatic action; retain for inventory evidence.
Icaaabc6328424547,interrupted_2026-09-17_C056,interrupted_2026-09-17,TEMPORAL_OVERLAP,INFO,"overlap_sec=10.000, overlap_ratio=0.083333; within configured expected overlap=10.000s",interrupted_2026-09-17_C057,No automatic action; retain for inventory evidence.
Ia6245da4df45395c,interrupted_2026-09-17_C057,interrupted_2026-09-17,TEMPORAL_OVERLAP,INFO,"overlap_sec=10.000, overlap_ratio=0.083333; within configured expected overlap=10.000s",interrupted_2026-09-17_C056,No automatic action; retain for inventory evidence.
I0966fa13b2c3ae19,interrupted_2026-09-17_C057,interrupted_2026-09-17,TEMPORAL_OVERLAP,INFO,"overlap_sec=10.000, overlap_ratio=0.083333; within configured expected overlap=10.000s",interrupted_2026-09-17_C058,No automatic action; retain for inventory evidence.
Ic9b6865132a253eb,interrupted_2026-09-17_C058,interrupted_2026-09-17,TEMPORAL_OVERLAP,INFO,"overlap_sec=10.000, overlap_ratio=0.083333; within configured expected overlap=10.000s",interrupted_2026-09-17_C057,No automatic action; retain for inventory evidence.
Ie1d3031cdaa0affe,interrupted_2026-09-17_C058,interrupted_2026-09-17,TEMPORAL_OVERLAP,INFO,"overlap_sec=10.000, overlap_ratio=0.083333; within configured expected overlap=10.000s",interrupted_2026-09-17_C059,No automatic action; retain for inventory evidence.
I3ad6268d75e63315,interrupted_2026-09-17_C059,interrupted_2026-09-17,TEMPORAL_OVERLAP,INFO,"overlap_sec=10.000, overlap_ratio=0.083333; within configured expected overlap=10.000s",interrupted_2026-09-17_C058,No automatic action; retain for inventory evidence.
I0f9b5bb63ff6082e,interrupted_2026-09-17_C059,interrupted_2026-09-17,TEMPORAL_OVERLAP,INFO,"overlap_sec=10.000, overlap_ratio=0.083333; within configured expected overlap=10.000s",interrupted_2026-09-17_C060,No automatic action; retain for inventory evidence.
I1e4c7a1200f764f1,interrupted_2026-09-17_C060,interrupted_2026-09-17,TEMPORAL_OVERLAP,INFO,"overlap_sec=10.000, overlap_ratio=0.083333; within configured expected overlap=10.000s",interrupted_2026-09-17_C059,No automatic action; retain for inventory evidence.
I5ef125aba9742a89,interrupted_2026-09-17_C060,interrupted_2026-09-17,TEMPORAL_OVERLAP,INFO,"overlap_sec=10.000, overlap_ratio=0.083333; within configured expected overlap=10.000s",interrupted_2026-09-17_C061,No automatic action; retain for inventory evidence.
Id40fb91a3da6f771,interrupted_2026-09-17_C061,interrupted_2026-09-17,TEMPORAL_OVERLAP,INFO,"overlap_sec=10.000, overlap_ratio=0.083333; within configured expected overlap=10.000s",interrupted_2026-09-17_C060,No automatic action; retain for inventory evidence.
Ia6cb15f0ca1af777,interrupted_2026-09-17_C061,interrupted_2026-09-17,TEMPORAL_OVERLAP,INFO,"overlap_sec=10.000, overlap_ratio=0.083333; within configured expected overlap=10.000s",interrupted_2026-09-17_C062,No automatic action; retain for inventory evidence.
Ic64f462c716d00b6,interrupted_2026-09-17_C062,interrupted_2026-09-17,TEMPORAL_OVERLAP,INFO,"overlap_sec=10.000, overlap_ratio=0.083333; within configured expected overlap=10.000s",interrupted_2026-09-17_C061,No automatic action; retain for inventory evidence.
Icfd36a3c36a152f5,interrupted_2026-09-17_C062,interrupted_2026-09-17,TEMPORAL_OVERLAP,INFO,"overlap_sec=10.000, overlap_ratio=0.083333; within configured expected overlap=10.000s",interrupted_2026-09-17_C063,No automatic action; retain for inventory evidence.
Ia5f309714c0b2112,interrupted_2026-09-17_C063,interrupted_2026-09-17,TEMPORAL_OVERLAP,INFO,"overlap_sec=10.000, overlap_ratio=0.083333; within configured expected overlap=10.000s",interrupted_2026-09-17_C062,No automatic action; retain for inventory evidence.
Idc94fe066beb08a1,interrupted_2026-09-17_C063,interrupted_2026-09-17,TEMPORAL_OVERLAP,INFO,"overlap_sec=10.000, overlap_ratio=0.083333; within configured expected overlap=10.000s",interrupted_2026-09-17_C064,No automatic action; retain for inventory evidence.
I49a297bd681d3b21,interrupted_2026-09-17_C064,interrupted_2026-09-17,TEMPORAL_OVERLAP,INFO,"overlap_sec=10.000, overlap_ratio=0.083333; within configured expected overlap=10.000s",interrupted_2026-09-17_C063,No automatic action; retain for inventory evidence.
I46b29440af523f45,interrupted_2026-09-17_C064,interrupted_2026-09-17,TEMPORAL_OVERLAP,INFO,"overlap_sec=10.000, overlap_ratio=0.083333; within configured expected overlap=10.000s",interrupted_2026-09-17_C065,No automatic action; retain for inventory evidence.
I6792effd13d58639,interrupted_2026-09-17_C065,interrupted_2026-09-17,TEMPORAL_OVERLAP,INFO,"overlap_sec=10.000, overlap_ratio=0.083333; within configured expected overlap=10.000s",interrupted_2026-09-17_C064,No automatic action; retain for inventory evidence.
Ie78ff460b9ac0ab9,interrupted_2026-09-17_C065,interrupted_2026-09-17,TEMPORAL_OVERLAP,INFO,"overlap_sec=10.000, overlap_ratio=0.083333; within configured expected overlap=10.000s",interrupted_2026-09-17_C066,No automatic action; retain for inventory evidence.
Iea4ba2cad50a0c2a,interrupted_2026-09-17_C066,interrupted_2026-09-17,TEMPORAL_OVERLAP,INFO,"overlap_sec=10.000, overlap_ratio=0.083333; within configured expected overlap=10.000s",interrupted_2026-09-17_C065,No automatic action; retain for inventory evidence.
I9fc7c807fad0c17a,interrupted_2026-09-17_C066,interrupted_2026-09-17,TEMPORAL_OVERLAP,INFO,"overlap_sec=10.000, overlap_ratio=0.083333; within configured expected overlap=10.000s",interrupted_2026-09-17_C067,No automatic action; retain for inventory evidence.
I3bef26dd5efb25a7,interrupted_2026-09-17_C067,interrupted_2026-09-17,TEMPORAL_OVERLAP,INFO,"overlap_sec=10.000, overlap_ratio=0.083333; within configured expected overlap=10.000s",interrupted_2026-09-17_C066,No automatic action; retain for inventory evidence.
Iea30d0033aefeea9,interrupted_2026-09-17_C067,interrupted_2026-09-17,TEMPORAL_OVERLAP,INFO,"overlap_sec=10.000, overlap_ratio=0.083333; within configured expected overlap=10.000s",interrupted_2026-09-17_C068,No automatic action; retain for inventory evidence.
I52685b1bbc62a8b7,interrupted_2026-09-17_C068,interrupted_2026-09-17,TEMPORAL_OVERLAP,INFO,"overlap_sec=10.000, overlap_ratio=0.083333; within configured expected overlap=10.000s",interrupted_2026-09-17_C067,No automatic action; retain for inventory evidence.
Idc310c0f45548a54,interrupted_2026-09-17_C068,interrupted_2026-09-17,TEMPORAL_OVERLAP,INFO,"overlap_sec=10.000, overlap_ratio=0.083333; within configured expected overlap=10.000s",interrupted_2026-09-17_C069,No automatic action; retain for inventory evidence.
Ic82773d37dd0fc45,interrupted_2026-09-17_C069,interrupted_2026-09-17,TEMPORAL_OVERLAP,INFO,"overlap_sec=10.000, overlap_ratio=0.083333; within configured expected overlap=10.000s",interrupted_2026-09-17_C068,No automatic action; retain for inventory evidence.
Ic9f35d34508f7c98,interrupted_2026-09-17_C069,interrupted_2026-09-17,TEMPORAL_OVERLAP,INFO,"overlap_sec=10.000, overlap_ratio=0.083333; within configured expected overlap=10.000s",interrupted_2026-09-17_C070,No automatic action; retain for inventory evidence.
Ic89475507da62976,interrupted_2026-09-17_C070,interrupted_2026-09-17,TEMPORAL_OVERLAP,INFO,"overlap_sec=10.000, overlap_ratio=0.083333; within configured expected overlap=10.000s",interrupted_2026-09-17_C069,No automatic action; retain for inventory evidence.
I5b566db6345bbfb5,interrupted_2026-09-17_C070,interrupted_2026-09-17,TEMPORAL_OVERLAP,INFO,"overlap_sec=10.000, overlap_ratio=0.083333; within configured expected overlap=10.000s",interrupted_2026-09-17_C071,No automatic action; retain for inventory evidence.
I941ceaaca52c4fbc,interrupted_2026-09-17_C071,interrupted_2026-09-17,TEMPORAL_OVERLAP,INFO,"overlap_sec=10.000, overlap_ratio=0.083333; within configured expected overlap=10.000s",interrupted_2026-09-17_C070,No automatic action; retain for inventory evidence.
I9130e020c38fd896,interrupted_2026-09-17_C071,interrupted_2026-09-17,TEMPORAL_OVERLAP,INFO,"overlap_sec=10.000, overlap_ratio=0.083333; within configured expected overlap=10.000s",interrupted_2026-09-17_C072,No automatic action; retain for inventory evidence.
Ic06c4a9922d31eb8,interrupted_2026-09-17_C072,interrupted_2026-09-17,TEMPORAL_OVERLAP,INFO,"overlap_sec=10.000, overlap_ratio=0.083333; within configured expected overlap=10.000s",interrupted_2026-09-17_C071,No automatic action; retain for inventory evidence.
I78d23368896596d5,interrupted_2026-09-17_C072,interrupted_2026-09-17,TEMPORAL_OVERLAP,INFO,"overlap_sec=10.000, overlap_ratio=0.083333; within configured expected overlap=10.000s",interrupted_2026-09-17_C073,No automatic action; retain for inventory evidence.
Ifd6de4cbdec94818,interrupted_2026-09-17_C073,interrupted_2026-09-17,TEMPORAL_OVERLAP,INFO,"overlap_sec=10.000, overlap_ratio=0.083333; within configured expected overlap=10.000s",interrupted_2026-09-17_C072,No automatic action; retain for inventory evidence.
Ibcc585aa3277720c,interrupted_2026-09-17_C073,interrupted_2026-09-17,TEMPORAL_OVERLAP,INFO,"overlap_sec=10.000, overlap_ratio=0.083333; within configured expected overlap=10.000s",interrupted_2026-09-17_C074,No automatic action; retain for inventory evidence.
I556705e96f9a1075,interrupted_2026-09-17_C074,interrupted_2026-09-17,TEMPORAL_OVERLAP,INFO,"overlap_sec=10.000, overlap_ratio=0.083333; within configured expected overlap=10.000s",interrupted_2026-09-17_C073,No automatic action; retain for inventory evidence.
Iabd8289c7ed2192d,interrupted_2026-09-17_C074,interrupted_2026-09-17,TEMPORAL_OVERLAP,INFO,"overlap_sec=10.000, overlap_ratio=0.083333; within configured expected overlap=10.000s",interrupted_2026-09-17_C075,No automatic action; retain for inventory evidence.
Ie90ebb57b4b8e4d5,interrupted_2026-09-17_C075,interrupted_2026-09-17,TEMPORAL_OVERLAP,INFO,"overlap_sec=10.000, overlap_ratio=0.083333; within configured expected overlap=10.000s",interrupted_2026-09-17_C074,No automatic action; retain for inventory evidence.
I5803a93d2dd1dbf1,interrupted_2026-09-17_C075,interrupted_2026-09-17,TEMPORAL_OVERLAP,INFO,"overlap_sec=10.000, overlap_ratio=0.083333; within configured expected overlap=10.000s",interrupted_2026-09-17_C076,No automatic action; retain for inventory evidence.
I65e301134d6b0aee,interrupted_2026-09-17_C076,interrupted_2026-09-17,TEMPORAL_OVERLAP,INFO,"overlap_sec=10.000, overlap_ratio=0.083333; within configured expected overlap=10.000s",interrupted_2026-09-17_C075,No automatic action; retain for inventory evidence.
I53b314934dfff756,interrupted_2026-09-17_C076,interrupted_2026-09-17,TEMPORAL_OVERLAP,INFO,"overlap_sec=10.000, overlap_ratio=0.083333; within configured expected overlap=10.000s",interrupted_2026-09-17_C077,No automatic action; retain for inventory evidence.
Ie2a9eed5142f12c8,interrupted_2026-09-17_C077,interrupted_2026-09-17,TEMPORAL_OVERLAP,INFO,"overlap_sec=10.000, overlap_ratio=0.083333; within configured expected overlap=10.000s",interrupted_2026-09-17_C076,No automatic action; retain for inventory evidence.
I8968d9c3c5de5c44,interrupted_2026-09-17_C077,interrupted_2026-09-17,TEMPORAL_OVERLAP,INFO,"overlap_sec=10.000, overlap_ratio=0.083333; within configured expected overlap=10.000s",interrupted_2026-09-17_C078,No automatic action; retain for inventory evidence.
Ia4ed637c66c648a2,interrupted_2026-09-17_C078,interrupted_2026-09-17,TEMPORAL_OVERLAP,INFO,"overlap_sec=10.000, overlap_ratio=0.083333; within configured expected overlap=10.000s",interrupted_2026-09-17_C077,No automatic action; retain for inventory evidence.
Id361b7a087b79d4f,interrupted_2026-09-17_C078,interrupted_2026-09-17,TEMPORAL_OVERLAP,INFO,"overlap_sec=10.000, overlap_ratio=0.083333; within configured expected overlap=10.000s",interrupted_2026-09-17_C079,No automatic action; retain for inventory evidence.
Ia4bcfb7db30260bf,interrupted_2026-09-17_C079,interrupted_2026-09-17,TEMPORAL_OVERLAP,INFO,"overlap_sec=10.000, overlap_ratio=0.083333; within configured expected overlap=10.000s",interrupted_2026-09-17_C078,No automatic action; retain for inventory evidence.
I8ae2ba3b920c42f2,interrupted_2026-09-17_C079,interrupted_2026-09-17,TEMPORAL_OVERLAP,INFO,"overlap_sec=10.000, overlap_ratio=0.083333; within configured expected overlap=10.000s",interrupted_2026-09-17_C080,No automatic action; retain for inventory evidence.
I1537b4ab1448519d,interrupted_2026-09-17_C080,interrupted_2026-09-17,TEMPORAL_OVERLAP,INFO,"overlap_sec=10.000, overlap_ratio=0.083333; within configured expected overlap=10.000s",interrupted_2026-09-17_C079,No automatic action; retain for inventory evidence.
Icc96120ef80747a5,interrupted_2026-09-17_C080,interrupted_2026-09-17,TEMPORAL_OVERLAP,INFO,"overlap_sec=10.000, overlap_ratio=0.083333; within configured expected overlap=10.000s",interrupted_2026-09-17_C081,No automatic action; retain for inventory evidence.
I0d930198088cf3aa,interrupted_2026-09-17_C081,interrupted_2026-09-17,TEMPORAL_OVERLAP,INFO,"overlap_sec=10.000, overlap_ratio=0.083333; within configured expected overlap=10.000s",interrupted_2026-09-17_C080,No automatic action; retain for inventory evidence.
Ie1c0d88a27cb2810,interrupted_2026-09-17_C081,interrupted_2026-09-17,TEMPORAL_OVERLAP,INFO,"overlap_sec=10.000, overlap_ratio=0.083333; within configured expected overlap=10.000s",interrupted_2026-09-17_C082,No automatic action; retain for inventory evidence.
I9d238748c289587e,interrupted_2026-09-17_C082,interrupted_2026-09-17,TEMPORAL_OVERLAP,INFO,"overlap_sec=10.000, overlap_ratio=0.083333; within configured expected overlap=10.000s",interrupted_2026-09-17_C081,No automatic action; retain for inventory evidence.
I31a8ba1a3363541d,interrupted_2026-09-17_C082,interrupted_2026-09-17,TEMPORAL_OVERLAP,INFO,"overlap_sec=10.000, overlap_ratio=0.083333; within configured expected overlap=10.000s",interrupted_2026-09-17_C083,No automatic action; retain for inventory evidence.
Icc54ccbb964aeca5,interrupted_2026-09-17_C083,interrupted_2026-09-17,TEMPORAL_OVERLAP,INFO,"overlap_sec=10.000, overlap_ratio=0.083333; within configured expected overlap=10.000s",interrupted_2026-09-17_C082,No automatic action; retain for inventory evidence.
Ibfc278d4e00ef0f7,interrupted_2026-09-17_C083,interrupted_2026-09-17,TEMPORAL_OVERLAP,INFO,"overlap_sec=10.000, overlap_ratio=0.083333; within configured expected overlap=10.000s",interrupted_2026-09-17_C084,No automatic action; retain for inventory evidence.
I8b317541ab3de572,interrupted_2026-09-17_C084,interrupted_2026-09-17,TEMPORAL_OVERLAP,INFO,"overlap_sec=10.000, overlap_ratio=0.083333; within configured expected overlap=10.000s",interrupted_2026-09-17_C083,No automatic action; retain for inventory evidence.
I6417a44f67731a89,interrupted_2026-09-17_C084,interrupted_2026-09-17,TEMPORAL_OVERLAP,INFO,"overlap_sec=10.000, overlap_ratio=0.083333; within configured expected overlap=10.000s",interrupted_2026-09-17_C085,No automatic action; retain for inventory evidence.
I2db46104e6486c02,interrupted_2026-09-17_C085,interrupted_2026-09-17,TEMPORAL_OVERLAP,INFO,"overlap_sec=10.000, overlap_ratio=0.083333; within configured expected overlap=10.000s",interrupted_2026-09-17_C084,No automatic action; retain for inventory evidence.
Idd1efd2239630ed0,interrupted_2026-09-17_C085,interrupted_2026-09-17,TEMPORAL_OVERLAP,INFO,"overlap_sec=10.000, overlap_ratio=0.083333; within configured expected overlap=10.000s",interrupted_2026-09-17_C086,No automatic action; retain for inventory evidence.
I8333cea717ce1cdb,interrupted_2026-09-17_C086,interrupted_2026-09-17,TEMPORAL_OVERLAP,INFO,"overlap_sec=10.000, overlap_ratio=0.083333; within configured expected overlap=10.000s",interrupted_2026-09-17_C085,No automatic action; retain for inventory evidence.
I7f404b4b26e7458a,interrupted_2026-09-17_C086,interrupted_2026-09-17,TEMPORAL_OVERLAP,INFO,"overlap_sec=10.000, overlap_ratio=0.083333; within configured expected overlap=10.000s",interrupted_2026-09-17_C087,No automatic action; retain for inventory evidence.
Ic9144f3a19463239,interrupted_2026-09-17_C087,interrupted_2026-09-17,TEMPORAL_OVERLAP,INFO,"overlap_sec=10.000, overlap_ratio=0.083333; within configured expected overlap=10.000s",interrupted_2026-09-17_C086,No automatic action; retain for inventory evidence.
I1443967c75e1463b,interrupted_2026-09-17_C087,interrupted_2026-09-17,TEMPORAL_OVERLAP,INFO,"overlap_sec=10.000, overlap_ratio=0.083333; within configured expected overlap=10.000s",interrupted_2026-09-17_C088,No automatic action; retain for inventory evidence.
Ia7b310e7cd403916,interrupted_2026-09-17_C088,interrupted_2026-09-17,TEMPORAL_OVERLAP,INFO,"overlap_sec=10.000, overlap_ratio=0.083333; within configured expected overlap=10.000s",interrupted_2026-09-17_C087,No automatic action; retain for inventory evidence.
Ib601ec91efc10f9a,interrupted_2026-09-17_C088,interrupted_2026-09-17,TEMPORAL_OVERLAP,INFO,"overlap_sec=10.000, overlap_ratio=0.083333; within configured expected overlap=10.000s",interrupted_2026-09-17_C089,No automatic action; retain for inventory evidence.
Ibf34eef9ffb2b1f6,interrupted_2026-09-17_C089,interrupted_2026-09-17,TEMPORAL_OVERLAP,INFO,"overlap_sec=10.000, overlap_ratio=0.083333; within configured expected overlap=10.000s",interrupted_2026-09-17_C088,No automatic action; retain for inventory evidence.
I930ee2a126d7ed1c,interrupted_2026-09-17_C089,interrupted_2026-09-17,TEMPORAL_OVERLAP,INFO,"overlap_sec=10.000, overlap_ratio=0.083333; within configured expected overlap=10.000s",interrupted_2026-09-17_C090,No automatic action; retain for inventory evidence.
Ibc25e00c467ab6e4,interrupted_2026-09-17_C090,interrupted_2026-09-17,TEMPORAL_OVERLAP,INFO,"overlap_sec=10.000, overlap_ratio=0.083333; within configured expected overlap=10.000s",interrupted_2026-09-17_C089,No automatic action; retain for inventory evidence.
Iba8f2626c1b07451,interrupted_2026-09-17_C090,interrupted_2026-09-17,TEMPORAL_OVERLAP,INFO,"overlap_sec=10.000, overlap_ratio=0.083333; within configured expected overlap=10.000s",interrupted_2026-09-17_C091,No automatic action; retain for inventory evidence.
I1f34869a621ac301,interrupted_2026-09-17_C091,interrupted_2026-09-17,TEMPORAL_OVERLAP,INFO,"overlap_sec=10.000, overlap_ratio=0.083333; within configured expected overlap=10.000s",interrupted_2026-09-17_C090,No automatic action; retain for inventory evidence.
I41d7608bd27f2317,interrupted_2026-09-17_C091,interrupted_2026-09-17,TEMPORAL_OVERLAP,INFO,"overlap_sec=10.000, overlap_ratio=0.083333; within configured expected overlap=10.000s",interrupted_2026-09-17_C092,No automatic action; retain for inventory evidence.
I85f012b2af9397fc,interrupted_2026-09-17_C092,interrupted_2026-09-17,TEMPORAL_OVERLAP,INFO,"overlap_sec=10.000, overlap_ratio=0.083333; within configured expected overlap=10.000s",interrupted_2026-09-17_C091,No automatic action; retain for inventory evidence.
Ia75ba79be8b623f5,interrupted_2026-09-17_C092,interrupted_2026-09-17,TEMPORAL_OVERLAP,INFO,"overlap_sec=10.000, overlap_ratio=0.083333; within configured expected overlap=10.000s",interrupted_2026-09-17_C093,No automatic action; retain for inventory evidence.
Ic40b69e5de61b40c,interrupted_2026-09-17_C093,interrupted_2026-09-17,TEMPORAL_OVERLAP,INFO,"overlap_sec=10.000, overlap_ratio=0.083333; within configured expected overlap=10.000s",interrupted_2026-09-17_C092,No automatic action; retain for inventory evidence.
I5ff535c25cc4c1b6,interrupted_2026-09-17_C093,interrupted_2026-09-17,TEMPORAL_OVERLAP,INFO,"overlap_sec=10.000, overlap_ratio=0.083333; within configured expected overlap=10.000s",interrupted_2026-09-17_C094,No automatic action; retain for inventory evidence.
I44377ff377e56cb2,interrupted_2026-09-17_C094,interrupted_2026-09-17,TEMPORAL_OVERLAP,INFO,"overlap_sec=10.000, overlap_ratio=0.083333; within configured expected overlap=10.000s",interrupted_2026-09-17_C093,No automatic action; retain for inventory evidence.
I507e2c2a8f496489,interrupted_2026-09-17_C094,interrupted_2026-09-17,TEMPORAL_OVERLAP,INFO,"overlap_sec=10.000, overlap_ratio=0.083333; within configured expected overlap=10.000s",interrupted_2026-09-17_C095,No automatic action; retain for inventory evidence.
I3be14c91c75fba26,interrupted_2026-09-17_C095,interrupted_2026-09-17,TEMPORAL_OVERLAP,INFO,"overlap_sec=10.000, overlap_ratio=0.083333; within configured expected overlap=10.000s",interrupted_2026-09-17_C094,No automatic action; retain for inventory evidence.
I5dea09cbf3c83c25,interrupted_2026-09-17_C095,interrupted_2026-09-17,TEMPORAL_OVERLAP,INFO,"overlap_sec=10.000, overlap_ratio=0.083333; within configured expected overlap=10.000s",interrupted_2026-09-17_C096,No automatic action; retain for inventory evidence.
I3a453525db48fabf,interrupted_2026-09-17_C096,interrupted_2026-09-17,TEMPORAL_OVERLAP,INFO,"overlap_sec=10.000, overlap_ratio=0.083333; within configured expected overlap=10.000s",interrupted_2026-09-17_C095,No automatic action; retain for inventory evidence.
I52a2217cfdb17f3b,interrupted_2026-09-17_C096,interrupted_2026-09-17,TEMPORAL_OVERLAP,INFO,"overlap_sec=10.000, overlap_ratio=0.083333; within configured expected overlap=10.000s",interrupted_2026-09-17_C097,No automatic action; retain for inventory evidence.
I017defbb9647b015,interrupted_2026-09-17_C097,interrupted_2026-09-17,TEMPORAL_OVERLAP,INFO,"overlap_sec=10.000, overlap_ratio=0.083333; within configured expected overlap=10.000s",interrupted_2026-09-17_C096,No automatic action; retain for inventory evidence.
I291038ebfb12e010,interrupted_2026-09-17_C097,interrupted_2026-09-17,TEMPORAL_OVERLAP,INFO,"overlap_sec=10.000, overlap_ratio=0.083333; within configured expected overlap=10.000s",interrupted_2026-09-17_C098,No automatic action; retain for inventory evidence.
I574cf41c0b747684,interrupted_2026-09-17_C098,interrupted_2026-09-17,TEMPORAL_OVERLAP,INFO,"overlap_sec=10.000, overlap_ratio=0.083333; within configured expected overlap=10.000s",interrupted_2026-09-17_C097,No automatic action; retain for inventory evidence.
Id57ef8488282ca05,interrupted_2026-09-17_C098,interrupted_2026-09-17,TEMPORAL_OVERLAP,INFO,"overlap_sec=10.000, overlap_ratio=0.083333; within configured expected overlap=10.000s",interrupted_2026-09-17_C099,No automatic action; retain for inventory evidence.
Idd85f8991a3811e9,interrupted_2026-09-17_C099,interrupted_2026-09-17,TEMPORAL_OVERLAP,INFO,"overlap_sec=10.000, overlap_ratio=0.083333; within configured expected overlap=10.000s",interrupted_2026-09-17_C098,No automatic action; retain for inventory evidence.
I5abe9e940ece5508,interrupted_2026-09-17_C099,interrupted_2026-09-17,TEMPORAL_OVERLAP,INFO,"overlap_sec=10.000, overlap_ratio=0.083333; within configured expected overlap=10.000s",interrupted_2026-09-17_C100,No automatic action; retain for inventory evidence.
Iedd479c955243a96,interrupted_2026-09-17_C100,interrupted_2026-09-17,TEMPORAL_OVERLAP,INFO,"overlap_sec=10.000, overlap_ratio=0.083333; within configured expected overlap=10.000s",interrupted_2026-09-17_C099,No automatic action; retain for inventory evidence.
I4d1815a834aa35f0,interrupted_2026-09-17_C100,interrupted_2026-09-17,TEMPORAL_OVERLAP,INFO,"overlap_sec=10.000, overlap_ratio=0.083333; within configured expected overlap=10.000s",interrupted_2026-09-17_C101,No automatic action; retain for inventory evidence.
If60a27faf14665c9,interrupted_2026-09-17_C101,interrupted_2026-09-17,TEMPORAL_OVERLAP,INFO,"overlap_sec=10.000, overlap_ratio=0.083333; within configured expected overlap=10.000s",interrupted_2026-09-17_C100,No automatic action; retain for inventory evidence.
I8ee1dbe9df2b2479,interrupted_2026-09-17_C101,interrupted_2026-09-17,TEMPORAL_OVERLAP,INFO,"overlap_sec=10.000, overlap_ratio=0.083333; within configured expected overlap=10.000s",interrupted_2026-09-17_C102,No automatic action; retain for inventory evidence.
I7b230a1fb6bbe08b,interrupted_2026-09-17_C102,interrupted_2026-09-17,TEMPORAL_OVERLAP,INFO,"overlap_sec=10.000, overlap_ratio=0.083333; within configured expected overlap=10.000s",interrupted_2026-09-17_C101,No automatic action; retain for inventory evidence.
I26f2962f0cecbf3a,interrupted_2026-09-17_C102,interrupted_2026-09-17,TEMPORAL_OVERLAP,INFO,"overlap_sec=10.000, overlap_ratio=0.083333; within configured expected overlap=10.000s",interrupted_2026-09-17_C103,No automatic action; retain for inventory evidence.
I4a57420aafdab755,interrupted_2026-09-17_C103,interrupted_2026-09-17,TEMPORAL_OVERLAP,INFO,"overlap_sec=10.000, overlap_ratio=0.083333; within configured expected overlap=10.000s",interrupted_2026-09-17_C102,No automatic action; retain for inventory evidence.
I905074d3d7b3c35d,interrupted_2026-09-17_C103,interrupted_2026-09-17,TEMPORAL_OVERLAP,INFO,"overlap_sec=10.000, overlap_ratio=0.083333; within configured expected overlap=10.000s",interrupted_2026-09-17_C104,No automatic action; retain for inventory evidence.
I2b118df48c5741c8,interrupted_2026-09-17_C104,interrupted_2026-09-17,TEMPORAL_OVERLAP,INFO,"overlap_sec=10.000, overlap_ratio=0.083333; within configured expected overlap=10.000s",interrupted_2026-09-17_C103,No automatic action; retain for inventory evidence.
If0e8d853860b46d4,interrupted_2026-09-17_C104,interrupted_2026-09-17,TEMPORAL_OVERLAP,INFO,"overlap_sec=10.000, overlap_ratio=0.083333; within configured expected overlap=10.000s",interrupted_2026-09-17_C105,No automatic action; retain for inventory evidence.
Ic689664b7f96ea4a,interrupted_2026-09-17_C105,interrupted_2026-09-17,TEMPORAL_OVERLAP,INFO,"overlap_sec=10.000, overlap_ratio=0.083333; within configured expected overlap=10.000s",interrupted_2026-09-17_C104,No automatic action; retain for inventory evidence.
I3a9d46b367c004c3,interrupted_2026-09-17_C105,interrupted_2026-09-17,TEMPORAL_OVERLAP,INFO,"overlap_sec=10.000, overlap_ratio=0.083333; within configured expected overlap=10.000s",interrupted_2026-09-17_C106,No automatic action; retain for inventory evidence.
I8ea473acd4f430f2,interrupted_2026-09-17_C106,interrupted_2026-09-17,TEMPORAL_OVERLAP,INFO,"overlap_sec=10.000, overlap_ratio=0.083333; within configured expected overlap=10.000s",interrupted_2026-09-17_C105,No automatic action; retain for inventory evidence.
I6b9267a6d7d665f7,interrupted_2026-09-17_C106,interrupted_2026-09-17,TEMPORAL_OVERLAP,INFO,"overlap_sec=10.000, overlap_ratio=0.083333; within configured expected overlap=10.000s",interrupted_2026-09-17_C107,No automatic action; retain for inventory evidence.
I1a4636940f03ccb2,interrupted_2026-09-17_C107,interrupted_2026-09-17,TEMPORAL_OVERLAP,INFO,"overlap_sec=10.000, overlap_ratio=0.083333; within configured expected overlap=10.000s",interrupted_2026-09-17_C106,No automatic action; retain for inventory evidence.
I2eb7b56062837e4d,interrupted_2026-09-17_C107,interrupted_2026-09-17,TEMPORAL_OVERLAP,INFO,"overlap_sec=10.000, overlap_ratio=0.083333; within configured expected overlap=10.000s",interrupted_2026-09-17_C108,No automatic action; retain for inventory evidence.
I7ae549299910bf30,interrupted_2026-09-17_C108,interrupted_2026-09-17,TEMPORAL_OVERLAP,INFO,"overlap_sec=10.000, overlap_ratio=0.083333; within configured expected overlap=10.000s",interrupted_2026-09-17_C107,No automatic action; retain for inventory evidence.
I9a6d11dc161f0907,interrupted_2026-09-17_C108,interrupted_2026-09-17,TEMPORAL_OVERLAP,INFO,"overlap_sec=10.000, overlap_ratio=0.083333; within configured expected overlap=10.000s",interrupted_2026-09-17_C109,No automatic action; retain for inventory evidence.
I2aabf9a7a9bce376,interrupted_2026-09-17_C109,interrupted_2026-09-17,TEMPORAL_OVERLAP,INFO,"overlap_sec=10.000, overlap_ratio=0.083333; within configured expected overlap=10.000s",interrupted_2026-09-17_C108,No automatic action; retain for inventory evidence.
I7259cb545afca630,interrupted_2026-09-17_C109,interrupted_2026-09-17,TEMPORAL_OVERLAP,INFO,"overlap_sec=10.000, overlap_ratio=0.083333; within configured expected overlap=10.000s",interrupted_2026-09-17_C110,No automatic action; retain for inventory evidence.
I8681c8fb917f2f63,interrupted_2026-09-17_C110,interrupted_2026-09-17,TEMPORAL_OVERLAP,INFO,"overlap_sec=10.000, overlap_ratio=0.083333; within configured expected overlap=10.000s",interrupted_2026-09-17_C109,No automatic action; retain for inventory evidence.
I48e776bb2d69adda,interrupted_2026-09-17_C110,interrupted_2026-09-17,TEMPORAL_OVERLAP,INFO,"overlap_sec=10.000, overlap_ratio=0.083333; within configured expected overlap=10.000s",interrupted_2026-09-17_C111,No automatic action; retain for inventory evidence.
I0323688103220d95,interrupted_2026-09-17_C111,interrupted_2026-09-17,TEMPORAL_OVERLAP,INFO,"overlap_sec=10.000, overlap_ratio=0.083333; within configured expected overlap=10.000s",interrupted_2026-09-17_C110,No automatic action; retain for inventory evidence.
I1132e3b57d7da22e,interrupted_2026-09-17_C111,interrupted_2026-09-17,TEMPORAL_OVERLAP,INFO,"overlap_sec=10.000, overlap_ratio=0.083333; within configured expected overlap=10.000s",interrupted_2026-09-17_C112,No automatic action; retain for inventory evidence.
I5770391c3aaa830b,interrupted_2026-09-17_C112,interrupted_2026-09-17,TEMPORAL_OVERLAP,INFO,"overlap_sec=10.000, overlap_ratio=0.083333; within configured expected overlap=10.000s",interrupted_2026-09-17_C111,No automatic action; retain for inventory evidence.
I80298062aa1d0a14,interrupted_2026-09-17_C112,interrupted_2026-09-17,TEMPORAL_OVERLAP,INFO,"overlap_sec=10.000, overlap_ratio=0.083333; within configured expected overlap=10.000s",interrupted_2026-09-17_C113,No automatic action; retain for inventory evidence.
Ibcaf25ddb9720ba1,interrupted_2026-09-17_C113,interrupted_2026-09-17,TEMPORAL_OVERLAP,INFO,"overlap_sec=10.000, overlap_ratio=0.083333; within configured expected overlap=10.000s",interrupted_2026-09-17_C112,No automatic action; retain for inventory evidence.
I3f41d9c37bd6e719,interrupted_2026-09-17_C113,interrupted_2026-09-17,TEMPORAL_OVERLAP,INFO,"overlap_sec=10.000, overlap_ratio=0.083333; within configured expected overlap=10.000s",interrupted_2026-09-17_C114,No automatic action; retain for inventory evidence.
Ie1fea8b2c054ea2f,interrupted_2026-09-17_C114,interrupted_2026-09-17,TEMPORAL_OVERLAP,INFO,"overlap_sec=10.000, overlap_ratio=0.083333; within configured expected overlap=10.000s",interrupted_2026-09-17_C113,No automatic action; retain for inventory evidence.
I2dd5d30962fddf5e,interrupted_2026-09-17_C114,interrupted_2026-09-17,TEMPORAL_OVERLAP,INFO,"overlap_sec=10.000, overlap_ratio=0.083333; within configured expected overlap=10.000s",interrupted_2026-09-17_C115,No automatic action; retain for inventory evidence.
I64e0506d7b071728,interrupted_2026-09-17_C115,interrupted_2026-09-17,TEMPORAL_OVERLAP,INFO,"overlap_sec=10.000, overlap_ratio=0.083333; within configured expected overlap=10.000s",interrupted_2026-09-17_C114,No automatic action; retain for inventory evidence.
I62be0b542109b599,interrupted_2026-09-17_C115,interrupted_2026-09-17,TEMPORAL_OVERLAP,INFO,"overlap_sec=10.000, overlap_ratio=0.083333; within configured expected overlap=10.000s",interrupted_2026-09-17_C116,No automatic action; retain for inventory evidence.
Ie9b1ae30462e8e10,interrupted_2026-09-17_C116,interrupted_2026-09-17,TEMPORAL_OVERLAP,INFO,"overlap_sec=10.000, overlap_ratio=0.083333; within configured expected overlap=10.000s",interrupted_2026-09-17_C115,No automatic action; retain for inventory evidence.
I0641912c98e1c83b,interrupted_2026-09-17_C116,interrupted_2026-09-17,TEMPORAL_OVERLAP,INFO,"overlap_sec=10.000, overlap_ratio=0.083333; within configured expected overlap=10.000s",interrupted_2026-09-17_C117,No automatic action; retain for inventory evidence.
Ib168dff1d07ced57,interrupted_2026-09-17_C117,interrupted_2026-09-17,TEMPORAL_OVERLAP,INFO,"overlap_sec=10.000, overlap_ratio=0.083333; within configured expected overlap=10.000s",interrupted_2026-09-17_C116,No automatic action; retain for inventory evidence.
Iecf65c9f0832a377,interrupted_2026-09-17_C117,interrupted_2026-09-17,TEMPORAL_OVERLAP,INFO,"overlap_sec=10.000, overlap_ratio=0.083333; within configured expected overlap=10.000s",interrupted_2026-09-17_C118,No automatic action; retain for inventory evidence.
Ibdf4682f2802bb5b,interrupted_2026-09-17_C118,interrupted_2026-09-17,TEMPORAL_OVERLAP,INFO,"overlap_sec=10.000, overlap_ratio=0.083333; within configured expected overlap=10.000s",interrupted_2026-09-17_C117,No automatic action; retain for inventory evidence.
I1a56742895de5690,interrupted_2026-09-17_C118,interrupted_2026-09-17,TEMPORAL_OVERLAP,INFO,"overlap_sec=10.000, overlap_ratio=0.083333; within configured expected overlap=10.000s",interrupted_2026-09-17_C119,No automatic action; retain for inventory evidence.
I7f493a3925cc22ce,interrupted_2026-09-17_C119,interrupted_2026-09-17,TEMPORAL_OVERLAP,INFO,"overlap_sec=10.000, overlap_ratio=0.083333; within configured expected overlap=10.000s",interrupted_2026-09-17_C118,No automatic action; retain for inventory evidence.
I88d7499290c0d13d,interrupted_2026-09-17_C119,interrupted_2026-09-17,TEMPORAL_OVERLAP,INFO,"overlap_sec=10.000, overlap_ratio=0.083333; within configured expected overlap=10.000s",interrupted_2026-09-17_C120,No automatic action; retain for inventory evidence.
Ib74bdd89600ba633,interrupted_2026-09-17_C120,interrupted_2026-09-17,TEMPORAL_OVERLAP,INFO,"overlap_sec=10.000, overlap_ratio=0.083333; within configured expected overlap=10.000s",interrupted_2026-09-17_C119,No automatic action; retain for inventory evidence.
I7eac8bc69de68af1,interrupted_2026-09-17_C120,interrupted_2026-09-17,TEMPORAL_OVERLAP,INFO,"overlap_sec=10.000, overlap_ratio=0.083333; within configured expected overlap=10.000s",interrupted_2026-09-17_C121,No automatic action; retain for inventory evidence.
I7037929492f8bd1f,interrupted_2026-09-17_C121,interrupted_2026-09-17,TEMPORAL_OVERLAP,INFO,"overlap_sec=10.000, overlap_ratio=0.083333; within configured expected overlap=10.000s",interrupted_2026-09-17_C120,No automatic action; retain for inventory evidence.
I82095feb9bddc163,interrupted_2026-09-17_C121,interrupted_2026-09-17,TEMPORAL_OVERLAP,INFO,"overlap_sec=10.000, overlap_ratio=0.083333; within configured expected overlap=10.000s",interrupted_2026-09-17_C122,No automatic action; retain for inventory evidence.
I99432ac06faeea9c,interrupted_2026-09-17_C122,interrupted_2026-09-17,TEMPORAL_OVERLAP,INFO,"overlap_sec=10.000, overlap_ratio=0.083333; within configured expected overlap=10.000s",interrupted_2026-09-17_C121,No automatic action; retain for inventory evidence.
I5fa420bfdb68ffef,interrupted_2026-09-17_C122,interrupted_2026-09-17,TEMPORAL_OVERLAP,INFO,"overlap_sec=10.000, overlap_ratio=0.083333; within configured expected overlap=10.000s",interrupted_2026-09-17_C123,No automatic action; retain for inventory evidence.
Ib051ccc50e032391,interrupted_2026-09-17_C123,interrupted_2026-09-17,TEMPORAL_OVERLAP,INFO,"overlap_sec=10.000, overlap_ratio=0.083333; within configured expected overlap=10.000s",interrupted_2026-09-17_C122,No automatic action; retain for inventory evidence.
Ieb85ef54502c3721,interrupted_2026-09-17_C123,interrupted_2026-09-17,TEMPORAL_OVERLAP,INFO,"overlap_sec=10.000, overlap_ratio=0.083333; within configured expected overlap=10.000s",interrupted_2026-09-17_C124,No automatic action; retain for inventory evidence.
Ideded0cad753e4fb,interrupted_2026-09-17_C124,interrupted_2026-09-17,TEMPORAL_OVERLAP,INFO,"overlap_sec=10.000, overlap_ratio=0.083333; within configured expected overlap=10.000s",interrupted_2026-09-17_C123,No automatic action; retain for inventory evidence.
I46461e26234c9619,interrupted_2026-09-17_C124,interrupted_2026-09-17,TEMPORAL_OVERLAP,INFO,"overlap_sec=10.000, overlap_ratio=0.083333; within configured expected overlap=10.000s",interrupted_2026-09-17_C125,No automatic action; retain for inventory evidence.
I6b6875d562820e61,interrupted_2026-09-17_C125,interrupted_2026-09-17,TEMPORAL_OVERLAP,INFO,"overlap_sec=10.000, overlap_ratio=0.083333; within configured expected overlap=10.000s",interrupted_2026-09-17_C124,No automatic action; retain for inventory evidence.
I1257ce8277d97f04,interrupted_2026-09-17_C125,interrupted_2026-09-17,TEMPORAL_OVERLAP,INFO,"overlap_sec=10.000, overlap_ratio=0.083333; within configured expected overlap=10.000s",interrupted_2026-09-17_C126,No automatic action; retain for inventory evidence.
Iae12ed62598e07fb,interrupted_2026-09-17_C126,interrupted_2026-09-17,TEMPORAL_OVERLAP,INFO,"overlap_sec=10.000, overlap_ratio=0.083333; within configured expected overlap=10.000s",interrupted_2026-09-17_C125,No automatic action; retain for inventory evidence.
I5bc903ed0631e6e8,interrupted_2026-09-17_C126,interrupted_2026-09-17,TEMPORAL_OVERLAP,INFO,"overlap_sec=10.000, overlap_ratio=0.083333; within configured expected overlap=10.000s",interrupted_2026-09-17_C127,No automatic action; retain for inventory evidence.
I6b0416341381453d,interrupted_2026-09-17_C127,interrupted_2026-09-17,TEMPORAL_OVERLAP,INFO,"overlap_sec=10.000, overlap_ratio=0.083333; within configured expected overlap=10.000s",interrupted_2026-09-17_C126,No automatic action; retain for inventory evidence.
I7a958a0bc7792ad8,interrupted_2026-09-17_C127,interrupted_2026-09-17,TEMPORAL_OVERLAP,INFO,"overlap_sec=10.000, overlap_ratio=0.083333; within configured expected overlap=10.000s",interrupted_2026-09-17_C128,No automatic action; retain for inventory evidence.
Ib0306c1087a0ea2f,interrupted_2026-09-17_C128,interrupted_2026-09-17,TEMPORAL_OVERLAP,INFO,"overlap_sec=10.000, overlap_ratio=0.083333; within configured expected overlap=10.000s",interrupted_2026-09-17_C127,No automatic action; retain for inventory evidence.
Id9e19a029e97a503,interrupted_2026-09-17_C128,interrupted_2026-09-17,TEMPORAL_OVERLAP,INFO,"overlap_sec=10.000, overlap_ratio=0.083333; within configured expected overlap=10.000s",interrupted_2026-09-17_C129,No automatic action; retain for inventory evidence.
Ib0571732ca8ac489,interrupted_2026-09-17_C129,interrupted_2026-09-17,TEMPORAL_OVERLAP,INFO,"overlap_sec=10.000, overlap_ratio=0.083333; within configured expected overlap=10.000s",interrupted_2026-09-17_C128,No automatic action; retain for inventory evidence.
I315a7d6a15e0445f,interrupted_2026-09-17_C129,interrupted_2026-09-17,TEMPORAL_OVERLAP,INFO,"overlap_sec=10.000, overlap_ratio=0.083333; within configured expected overlap=10.000s",interrupted_2026-09-17_C130,No automatic action; retain for inventory evidence.
I6f363f25d6dcdc53,interrupted_2026-09-17_C130,interrupted_2026-09-17,TEMPORAL_OVERLAP,INFO,"overlap_sec=10.000, overlap_ratio=0.083333; within configured expected overlap=10.000s",interrupted_2026-09-17_C129,No automatic action; retain for inventory evidence.
Ie03f09409fd5e1e4,interrupted_2026-09-17_C130,interrupted_2026-09-17,TEMPORAL_OVERLAP,INFO,"overlap_sec=10.000, overlap_ratio=0.083333; within configured expected overlap=10.000s",interrupted_2026-09-17_C131,No automatic action; retain for inventory evidence.
Id202491b36aba368,interrupted_2026-09-17_C131,interrupted_2026-09-17,TEMPORAL_OVERLAP,INFO,"overlap_sec=10.000, overlap_ratio=0.083333; within configured expected overlap=10.000s",interrupted_2026-09-17_C130,No automatic action; retain for inventory evidence.
I39ec000cfb0101e6,interrupted_2026-09-17_C131,interrupted_2026-09-17,TEMPORAL_OVERLAP,INFO,"overlap_sec=10.000, overlap_ratio=0.083333; within configured expected overlap=10.000s",interrupted_2026-09-17_C132,No automatic action; retain for inventory evidence.
I870822b1e7ab9824,interrupted_2026-09-17_C132,interrupted_2026-09-17,TEMPORAL_OVERLAP,INFO,"overlap_sec=10.000, overlap_ratio=0.083333; within configured expected overlap=10.000s",interrupted_2026-09-17_C131,No automatic action; retain for inventory evidence.
I4b3c77c4e737cd9c,interrupted_2026-09-17_C132,interrupted_2026-09-17,TEMPORAL_OVERLAP,INFO,"overlap_sec=10.000, overlap_ratio=0.083333; within configured expected overlap=10.000s",interrupted_2026-09-17_C133,No automatic action; retain for inventory evidence.
Ibfb9282696c111d1,interrupted_2026-09-17_C133,interrupted_2026-09-17,TEMPORAL_OVERLAP,INFO,"overlap_sec=10.000, overlap_ratio=0.083333; within configured expected overlap=10.000s",interrupted_2026-09-17_C132,No automatic action; retain for inventory evidence.
I59949d04d50f47f5,interrupted_2026-09-17_C133,interrupted_2026-09-17,TEMPORAL_OVERLAP,INFO,"overlap_sec=10.000, overlap_ratio=0.083333; within configured expected overlap=10.000s",interrupted_2026-09-17_C134,No automatic action; retain for inventory evidence.
I052f83de0c1177f5,interrupted_2026-09-17_C134,interrupted_2026-09-17,TEMPORAL_OVERLAP,INFO,"overlap_sec=10.000, overlap_ratio=0.083333; within configured expected overlap=10.000s",interrupted_2026-09-17_C133,No automatic action; retain for inventory evidence.
I953167bd26fa4463,interrupted_2026-09-17_C134,interrupted_2026-09-17,TEMPORAL_OVERLAP,INFO,"overlap_sec=10.000, overlap_ratio=0.083333; within configured expected overlap=10.000s",interrupted_2026-09-17_C135,No automatic action; retain for inventory evidence.
I662dfeebee9e85d6,interrupted_2026-09-17_C135,interrupted_2026-09-17,TEMPORAL_OVERLAP,INFO,"overlap_sec=10.000, overlap_ratio=0.083333; within configured expected overlap=10.000s",interrupted_2026-09-17_C134,No automatic action; retain for inventory evidence.
I1bb8d77123e8de06,interrupted_2026-09-17_C135,interrupted_2026-09-17,TEMPORAL_OVERLAP,INFO,"overlap_sec=10.000, overlap_ratio=0.083333; within configured expected overlap=10.000s",interrupted_2026-09-17_C136,No automatic action; retain for inventory evidence.
I302ba70aad82ef8b,interrupted_2026-09-17_C136,interrupted_2026-09-17,TEMPORAL_OVERLAP,INFO,"overlap_sec=10.000, overlap_ratio=0.083333; within configured expected overlap=10.000s",interrupted_2026-09-17_C135,No automatic action; retain for inventory evidence.
Ic3b83c76c690347f,interrupted_2026-09-17_C136,interrupted_2026-09-17,TEMPORAL_OVERLAP,INFO,"overlap_sec=10.000, overlap_ratio=0.083333; within configured expected overlap=10.000s",interrupted_2026-09-17_C137,No automatic action; retain for inventory evidence.
Id788ebccec1f1646,interrupted_2026-09-17_C137,interrupted_2026-09-17,TEMPORAL_OVERLAP,INFO,"overlap_sec=10.000, overlap_ratio=0.083333; within configured expected overlap=10.000s",interrupted_2026-09-17_C136,No automatic action; retain for inventory evidence.
Ic79a06fe374198d8,interrupted_2026-09-17_C137,interrupted_2026-09-17,TEMPORAL_OVERLAP,INFO,"overlap_sec=10.000, overlap_ratio=0.083333; within configured expected overlap=10.000s",interrupted_2026-09-17_C138,No automatic action; retain for inventory evidence.
I0a70d9e8034282eb,interrupted_2026-09-17_C138,interrupted_2026-09-17,TEMPORAL_OVERLAP,INFO,"overlap_sec=10.000, overlap_ratio=0.083333; within configured expected overlap=10.000s",interrupted_2026-09-17_C137,No automatic action; retain for inventory evidence.
I88516d6734c3da86,interrupted_2026-09-17_C138,interrupted_2026-09-17,TEMPORAL_OVERLAP,INFO,"overlap_sec=10.000, overlap_ratio=0.083333; within configured expected overlap=10.000s",interrupted_2026-09-17_C139,No automatic action; retain for inventory evidence.
I9db780f482768059,interrupted_2026-09-17_C139,interrupted_2026-09-17,TEMPORAL_OVERLAP,INFO,"overlap_sec=10.000, overlap_ratio=0.083333; within configured expected overlap=10.000s",interrupted_2026-09-17_C138,No automatic action; retain for inventory evidence.
I8d331c9588079777,interrupted_2026-09-17_C139,interrupted_2026-09-17,TEMPORAL_OVERLAP,INFO,"overlap_sec=10.000, overlap_ratio=0.083333; within configured expected overlap=10.000s",interrupted_2026-09-17_C140,No automatic action; retain for inventory evidence.
I8e591299422f5390,interrupted_2026-09-17_C140,interrupted_2026-09-17,TEMPORAL_OVERLAP,INFO,"overlap_sec=10.000, overlap_ratio=0.083333; within configured expected overlap=10.000s",interrupted_2026-09-17_C139,No automatic action; retain for inventory evidence.
Iaec984a38402465e,interrupted_2026-09-17_C140,interrupted_2026-09-17,TEMPORAL_OVERLAP,INFO,"overlap_sec=10.000, overlap_ratio=0.083333; within configured expected overlap=10.000s",interrupted_2026-09-17_C141,No automatic action; retain for inventory evidence.
I3a295b0e424aa81d,interrupted_2026-09-17_C141,interrupted_2026-09-17,TEMPORAL_OVERLAP,INFO,"overlap_sec=10.000, overlap_ratio=0.083333; within configured expected overlap=10.000s",interrupted_2026-09-17_C140,No automatic action; retain for inventory evidence.
Id2e8026ddfcd6c0e,interrupted_2026-09-17_C141,interrupted_2026-09-17,TEMPORAL_OVERLAP,INFO,"overlap_sec=10.000, overlap_ratio=0.083333; within configured expected overlap=10.000s",interrupted_2026-09-17_C142,No automatic action; retain for inventory evidence.
Ia5df0e283c75f326,interrupted_2026-09-17_C142,interrupted_2026-09-17,TEMPORAL_OVERLAP,INFO,"overlap_sec=10.000, overlap_ratio=0.083333; within configured expected overlap=10.000s",interrupted_2026-09-17_C141,No automatic action; retain for inventory evidence.
Ice18cc395bcf5d31,interrupted_2026-09-17_C142,interrupted_2026-09-17,TEMPORAL_OVERLAP,INFO,"overlap_sec=10.000, overlap_ratio=0.083333; within configured expected overlap=10.000s",interrupted_2026-09-17_C143,No automatic action; retain for inventory evidence.
Ia2cee72cdcf82944,interrupted_2026-09-17_C143,interrupted_2026-09-17,TEMPORAL_OVERLAP,INFO,"overlap_sec=10.000, overlap_ratio=0.083333; within configured expected overlap=10.000s",interrupted_2026-09-17_C142,No automatic action; retain for inventory evidence.
Ie955da98f32dffaf,interrupted_2026-09-17_C143,interrupted_2026-09-17,TEMPORAL_OVERLAP,INFO,"overlap_sec=10.000, overlap_ratio=0.083333; within configured expected overlap=10.000s",interrupted_2026-09-17_C144,No automatic action; retain for inventory evidence.
I27ecb1cc8cabc04b,interrupted_2026-09-17_C144,interrupted_2026-09-17,TEMPORAL_OVERLAP,INFO,"overlap_sec=10.000, overlap_ratio=0.083333; within configured expected overlap=10.000s",interrupted_2026-09-17_C143,No automatic action; retain for inventory evidence.
I7f5ce512d9a1fd9f,interrupted_2026-09-17_C144,interrupted_2026-09-17,TEMPORAL_OVERLAP,INFO,"overlap_sec=10.000, overlap_ratio=0.083333; within configured expected overlap=10.000s",interrupted_2026-09-17_C145,No automatic action; retain for inventory evidence.
If6cf73aa580d8c78,interrupted_2026-09-17_C145,interrupted_2026-09-17,TEMPORAL_OVERLAP,INFO,"overlap_sec=10.000, overlap_ratio=0.083333; within configured expected overlap=10.000s",interrupted_2026-09-17_C144,No automatic action; retain for inventory evidence.
Ic735481f10263b31,interrupted_2026-09-17_C145,interrupted_2026-09-17,TEMPORAL_OVERLAP,INFO,"overlap_sec=10.000, overlap_ratio=0.083333; within configured expected overlap=10.000s",interrupted_2026-09-17_C146,No automatic action; retain for inventory evidence.
I034f8799c73ee82d,interrupted_2026-09-17_C146,interrupted_2026-09-17,TEMPORAL_OVERLAP,INFO,"overlap_sec=10.000, overlap_ratio=0.083333; within configured expected overlap=10.000s",interrupted_2026-09-17_C145,No automatic action; retain for inventory evidence.
Ia482e400a4ca311d,interrupted_2026-09-17_C146,interrupted_2026-09-17,TEMPORAL_OVERLAP,INFO,"overlap_sec=10.000, overlap_ratio=0.083333; within configured expected overlap=10.000s",interrupted_2026-09-17_C147,No automatic action; retain for inventory evidence.
Ie2198ac051adb64f,interrupted_2026-09-17_C147,interrupted_2026-09-17,TEMPORAL_OVERLAP,INFO,"overlap_sec=10.000, overlap_ratio=0.083333; within configured expected overlap=10.000s",interrupted_2026-09-17_C146,No automatic action; retain for inventory evidence.
I01cef95a8250f7e2,interrupted_2026-09-17_C147,interrupted_2026-09-17,TEMPORAL_OVERLAP,INFO,"overlap_sec=10.000, overlap_ratio=0.083333; within configured expected overlap=10.000s",interrupted_2026-09-17_C148,No automatic action; retain for inventory evidence.
Ied79c234dc048aee,interrupted_2026-09-17_C148,interrupted_2026-09-17,TEMPORAL_OVERLAP,INFO,"overlap_sec=10.000, overlap_ratio=0.083333; within configured expected overlap=10.000s",interrupted_2026-09-17_C147,No automatic action; retain for inventory evidence.
Ie38659f93ad3a1e4,interrupted_2026-09-17_C148,interrupted_2026-09-17,TEMPORAL_OVERLAP,INFO,"overlap_sec=10.000, overlap_ratio=0.083333; within configured expected overlap=10.000s",interrupted_2026-09-17_C149,No automatic action; retain for inventory evidence.
Ia0490782b44fa80a,interrupted_2026-09-17_C149,interrupted_2026-09-17,TEMPORAL_OVERLAP,INFO,"overlap_sec=10.000, overlap_ratio=0.083333; within configured expected overlap=10.000s",interrupted_2026-09-17_C148,No automatic action; retain for inventory evidence.
I1bf46a16f8fdbb06,interrupted_2026-09-17_C149,interrupted_2026-09-17,TEMPORAL_OVERLAP,INFO,"overlap_sec=10.000, overlap_ratio=0.083333; within configured expected overlap=10.000s",interrupted_2026-09-17_C150,No automatic action; retain for inventory evidence.
Ideead24369dcb0d5,interrupted_2026-09-17_C150,interrupted_2026-09-17,TEMPORAL_OVERLAP,INFO,"overlap_sec=10.000, overlap_ratio=0.083333; within configured expected overlap=10.000s",interrupted_2026-09-17_C149,No automatic action; retain for inventory evidence.
I4350bf6e5412fcaa,interrupted_2026-09-17_C150,interrupted_2026-09-17,TEMPORAL_OVERLAP,INFO,"overlap_sec=10.000, overlap_ratio=0.083333; within configured expected overlap=10.000s",interrupted_2026-09-17_C151,No automatic action; retain for inventory evidence.
If6f19372001fc186,interrupted_2026-09-17_C151,interrupted_2026-09-17,TEMPORAL_OVERLAP,INFO,"overlap_sec=10.000, overlap_ratio=0.083333; within configured expected overlap=10.000s",interrupted_2026-09-17_C150,No automatic action; retain for inventory evidence.
I3b6621f821baa31b,interrupted_2026-09-17_C151,interrupted_2026-09-17,TEMPORAL_OVERLAP,INFO,"overlap_sec=10.000, overlap_ratio=0.083333; within configured expected overlap=10.000s",interrupted_2026-09-17_C152,No automatic action; retain for inventory evidence.
Ic9afc33bd3113bc9,interrupted_2026-09-17_C152,interrupted_2026-09-17,TEMPORAL_OVERLAP,INFO,"overlap_sec=10.000, overlap_ratio=0.083333; within configured expected overlap=10.000s",interrupted_2026-09-17_C151,No automatic action; retain for inventory evidence.
Iefb349d283e742e4,interrupted_2026-09-17_C152,interrupted_2026-09-17,TEMPORAL_OVERLAP,INFO,"overlap_sec=10.000, overlap_ratio=0.083333; within configured expected overlap=10.000s",interrupted_2026-09-17_C153,No automatic action; retain for inventory evidence.
I858c2cdeee897c44,interrupted_2026-09-17_C153,interrupted_2026-09-17,TEMPORAL_OVERLAP,INFO,"overlap_sec=10.000, overlap_ratio=0.083333; within configured expected overlap=10.000s",interrupted_2026-09-17_C152,No automatic action; retain for inventory evidence.
I0315c5c28cb6e5cb,interrupted_2026-09-17_C153,interrupted_2026-09-17,TEMPORAL_OVERLAP,INFO,"overlap_sec=10.000, overlap_ratio=0.083333; within configured expected overlap=10.000s",interrupted_2026-09-17_C154,No automatic action; retain for inventory evidence.
I3b382dc1c8db0840,interrupted_2026-09-17_C154,interrupted_2026-09-17,TEMPORAL_OVERLAP,INFO,"overlap_sec=10.000, overlap_ratio=0.083333; within configured expected overlap=10.000s",interrupted_2026-09-17_C153,No automatic action; retain for inventory evidence.
I3189b91738c17874,interrupted_2026-09-17_C154,interrupted_2026-09-17,TEMPORAL_OVERLAP,INFO,"overlap_sec=10.000, overlap_ratio=0.083333; within configured expected overlap=10.000s",interrupted_2026-09-17_C155,No automatic action; retain for inventory evidence.
I804cf880292fd913,interrupted_2026-09-17_C155,interrupted_2026-09-17,TEMPORAL_OVERLAP,INFO,"overlap_sec=10.000, overlap_ratio=0.083333; within configured expected overlap=10.000s",interrupted_2026-09-17_C154,No automatic action; retain for inventory evidence.
I545d441c66b59ef3,interrupted_2026-09-17_C155,interrupted_2026-09-17,TEMPORAL_OVERLAP,INFO,"overlap_sec=10.000, overlap_ratio=0.083333; within configured expected overlap=10.000s",interrupted_2026-09-17_C156,No automatic action; retain for inventory evidence.
Icb167063812b0848,interrupted_2026-09-17_C156,interrupted_2026-09-17,TEMPORAL_OVERLAP,INFO,"overlap_sec=10.000, overlap_ratio=0.083333; within configured expected overlap=10.000s",interrupted_2026-09-17_C155,No automatic action; retain for inventory evidence.
I405e366a857997eb,interrupted_2026-09-17_C156,interrupted_2026-09-17,TEMPORAL_OVERLAP,INFO,"overlap_sec=10.000, overlap_ratio=0.083333; within configured expected overlap=10.000s",interrupted_2026-09-17_C157,No automatic action; retain for inventory evidence.
I721624f25fa95e8f,interrupted_2026-09-17_C157,interrupted_2026-09-17,TEMPORAL_OVERLAP,INFO,"overlap_sec=10.000, overlap_ratio=0.083333; within configured expected overlap=10.000s",interrupted_2026-09-17_C156,No automatic action; retain for inventory evidence.
Ic67d565c001c98ee,interrupted_2026-09-17_C157,interrupted_2026-09-17,TEMPORAL_OVERLAP,INFO,"overlap_sec=10.000, overlap_ratio=0.083333; within configured expected overlap=10.000s",interrupted_2026-09-17_C158,No automatic action; retain for inventory evidence.
I4113273b653af80b,interrupted_2026-09-17_C158,interrupted_2026-09-17,TEMPORAL_OVERLAP,INFO,"overlap_sec=10.000, overlap_ratio=0.083333; within configured expected overlap=10.000s",interrupted_2026-09-17_C157,No automatic action; retain for inventory evidence.
I94386a99226d3ea4,interrupted_2026-09-17_C158,interrupted_2026-09-17,TEMPORAL_OVERLAP,INFO,"overlap_sec=10.000, overlap_ratio=0.083333; within configured expected overlap=10.000s",interrupted_2026-09-17_C159,No automatic action; retain for inventory evidence.
I60f0178b5db81361,interrupted_2026-09-17_C159,interrupted_2026-09-17,TEMPORAL_OVERLAP,INFO,"overlap_sec=10.000, overlap_ratio=0.083333; within configured expected overlap=10.000s",interrupted_2026-09-17_C158,No automatic action; retain for inventory evidence.
Ia8fb713435a96969,interrupted_2026-09-17_C159,interrupted_2026-09-17,TEMPORAL_OVERLAP,INFO,"overlap_sec=10.000, overlap_ratio=0.083333; within configured expected overlap=10.000s",interrupted_2026-09-17_C160,No automatic action; retain for inventory evidence.
I790b43b8e801fd8b,interrupted_2026-09-17_C160,interrupted_2026-09-17,TEMPORAL_OVERLAP,INFO,"overlap_sec=10.000, overlap_ratio=0.083333; within configured expected overlap=10.000s",interrupted_2026-09-17_C159,No automatic action; retain for inventory evidence.
I855b7e28fb455d4d,interrupted_2026-09-17_C160,interrupted_2026-09-17,TEMPORAL_OVERLAP,INFO,"overlap_sec=10.000, overlap_ratio=0.083333; within configured expected overlap=10.000s",interrupted_2026-09-17_C161,No automatic action; retain for inventory evidence.
I5f2a9f7e4c86832a,interrupted_2026-09-17_C161,interrupted_2026-09-17,TEMPORAL_OVERLAP,INFO,"overlap_sec=10.000, overlap_ratio=0.083333; within configured expected overlap=10.000s",interrupted_2026-09-17_C160,No automatic action; retain for inventory evidence.
I9a0495072ef982be,interrupted_2026-09-17_C161,interrupted_2026-09-17,TEMPORAL_OVERLAP,INFO,"overlap_sec=10.000, overlap_ratio=0.083333; within configured expected overlap=10.000s",interrupted_2026-09-17_C162,No automatic action; retain for inventory evidence.
I00a896bbe52163c3,interrupted_2026-09-17_C162,interrupted_2026-09-17,TEMPORAL_OVERLAP,INFO,"overlap_sec=10.000, overlap_ratio=0.083333; within configured expected overlap=10.000s",interrupted_2026-09-17_C161,No automatic action; retain for inventory evidence.
I3ac65373b9be9010,interrupted_2026-09-17_C162,interrupted_2026-09-17,TEMPORAL_OVERLAP,INFO,"overlap_sec=10.000, overlap_ratio=0.083333; within configured expected overlap=10.000s",interrupted_2026-09-17_C163,No automatic action; retain for inventory evidence.
I1ebcc429492a233f,interrupted_2026-09-17_C163,interrupted_2026-09-17,TEMPORAL_OVERLAP,INFO,"overlap_sec=10.000, overlap_ratio=0.083333; within configured expected overlap=10.000s",interrupted_2026-09-17_C162,No automatic action; retain for inventory evidence.
I23e38755892125dc,interrupted_2026-09-17_C163,interrupted_2026-09-17,TEMPORAL_OVERLAP,INFO,"overlap_sec=10.000, overlap_ratio=0.083333; within configured expected overlap=10.000s",interrupted_2026-09-17_C164,No automatic action; retain for inventory evidence.
Ifd20a76f1cba0cd8,interrupted_2026-09-17_C164,interrupted_2026-09-17,TEMPORAL_OVERLAP,INFO,"overlap_sec=10.000, overlap_ratio=0.083333; within configured expected overlap=10.000s",interrupted_2026-09-17_C163,No automatic action; retain for inventory evidence.
Id3f99d91a5bafc1b,interrupted_2026-09-17_C164,interrupted_2026-09-17,TEMPORAL_OVERLAP,INFO,"overlap_sec=10.000, overlap_ratio=0.083333; within configured expected overlap=10.000s",interrupted_2026-09-17_C165,No automatic action; retain for inventory evidence.
I00107bf96cc9d902,interrupted_2026-09-17_C165,interrupted_2026-09-17,TEMPORAL_OVERLAP,INFO,"overlap_sec=10.000, overlap_ratio=0.083333; within configured expected overlap=10.000s",interrupted_2026-09-17_C164,No automatic action; retain for inventory evidence.
Ib185f9b56a79724e,interrupted_2026-09-17_C165,interrupted_2026-09-17,TEMPORAL_OVERLAP,INFO,"overlap_sec=10.000, overlap_ratio=0.083333; within configured expected overlap=10.000s",interrupted_2026-09-17_C166,No automatic action; retain for inventory evidence.
I15e81d4b8981ebc5,interrupted_2026-09-17_C166,interrupted_2026-09-17,TEMPORAL_OVERLAP,INFO,"overlap_sec=10.000, overlap_ratio=0.083333; within configured expected overlap=10.000s",interrupted_2026-09-17_C165,No automatic action; retain for inventory evidence.
Id1221689520ccf19,interrupted_2026-09-17_C166,interrupted_2026-09-17,TEMPORAL_OVERLAP,INFO,"overlap_sec=10.000, overlap_ratio=0.083333; within configured expected overlap=10.000s",interrupted_2026-09-17_C167,No automatic action; retain for inventory evidence.
I7ac63bb9a9d80199,interrupted_2026-09-17_C167,interrupted_2026-09-17,TEMPORAL_OVERLAP,INFO,"overlap_sec=10.000, overlap_ratio=0.083333; within configured expected overlap=10.000s",interrupted_2026-09-17_C166,No automatic action; retain for inventory evidence.
I3b091909485bce72,interrupted_2026-09-17_C167,interrupted_2026-09-17,TEMPORAL_OVERLAP,INFO,"overlap_sec=10.000, overlap_ratio=0.083333; within configured expected overlap=10.000s",interrupted_2026-09-17_C168,No automatic action; retain for inventory evidence.
I5d0864cb6ae60c00,interrupted_2026-09-17_C168,interrupted_2026-09-17,TEMPORAL_OVERLAP,INFO,"overlap_sec=10.000, overlap_ratio=0.083333; within configured expected overlap=10.000s",interrupted_2026-09-17_C167,No automatic action; retain for inventory evidence.
I2bbc5e3025da1191,interrupted_2026-09-17_C168,interrupted_2026-09-17,TEMPORAL_OVERLAP,INFO,"overlap_sec=10.000, overlap_ratio=0.083333; within configured expected overlap=10.000s",interrupted_2026-09-17_C169,No automatic action; retain for inventory evidence.
Iac31d6bcd649fcdf,interrupted_2026-09-17_C169,interrupted_2026-09-17,TEMPORAL_OVERLAP,INFO,"overlap_sec=10.000, overlap_ratio=0.083333; within configured expected overlap=10.000s",interrupted_2026-09-17_C168,No automatic action; retain for inventory evidence.
I136f1f627461501e,interrupted_2026-09-17_C169,interrupted_2026-09-17,TEMPORAL_OVERLAP,INFO,"overlap_sec=10.000, overlap_ratio=0.083333; within configured expected overlap=10.000s",interrupted_2026-09-17_C170,No automatic action; retain for inventory evidence.
I36689123d5367126,interrupted_2026-09-17_C170,interrupted_2026-09-17,TEMPORAL_OVERLAP,INFO,"overlap_sec=10.000, overlap_ratio=0.083333; within configured expected overlap=10.000s",interrupted_2026-09-17_C169,No automatic action; retain for inventory evidence.
I151094f4afc05c18,interrupted_2026-09-17_C170,interrupted_2026-09-17,TEMPORAL_OVERLAP,INFO,"overlap_sec=10.000, overlap_ratio=0.083333; within configured expected overlap=10.000s",interrupted_2026-09-17_C171,No automatic action; retain for inventory evidence.
I75fcb9c512099aac,interrupted_2026-09-17_C171,interrupted_2026-09-17,TEMPORAL_OVERLAP,INFO,"overlap_sec=10.000, overlap_ratio=0.083333; within configured expected overlap=10.000s",interrupted_2026-09-17_C170,No automatic action; retain for inventory evidence.
Idbbf9af5ee29bb17,interrupted_2026-09-17_C171,interrupted_2026-09-17,TEMPORAL_OVERLAP,INFO,"overlap_sec=10.000, overlap_ratio=0.083333; within configured expected overlap=10.000s",interrupted_2026-09-17_C172,No automatic action; retain for inventory evidence.
Ia0029b72b7bbcb72,interrupted_2026-09-17_C172,interrupted_2026-09-17,TEMPORAL_OVERLAP,INFO,"overlap_sec=10.000, overlap_ratio=0.083333; within configured expected overlap=10.000s",interrupted_2026-09-17_C171,No automatic action; retain for inventory evidence.
I1041e9f2236943e2,interrupted_2026-09-17_C172,interrupted_2026-09-17,TEMPORAL_OVERLAP,INFO,"overlap_sec=10.000, overlap_ratio=0.083333; within configured expected overlap=10.000s",interrupted_2026-09-17_C173,No automatic action; retain for inventory evidence.
I6a2cde985baeac72,interrupted_2026-09-17_C173,interrupted_2026-09-17,TEMPORAL_OVERLAP,INFO,"overlap_sec=10.000, overlap_ratio=0.083333; within configured expected overlap=10.000s",interrupted_2026-09-17_C172,No automatic action; retain for inventory evidence.
I8a232f2b0a38913b,interrupted_2026-09-17_C173,interrupted_2026-09-17,TEMPORAL_OVERLAP,INFO,"overlap_sec=10.000, overlap_ratio=0.083333; within configured expected overlap=10.000s",interrupted_2026-09-17_C174,No automatic action; retain for inventory evidence.
I53a93e8b6b38d59d,interrupted_2026-09-17_C174,interrupted_2026-09-17,TEMPORAL_OVERLAP,INFO,"overlap_sec=10.000, overlap_ratio=0.083333; within configured expected overlap=10.000s",interrupted_2026-09-17_C173,No automatic action; retain for inventory evidence.
I70d3bc6dce376f19,interrupted_2026-09-17_C174,interrupted_2026-09-17,TEMPORAL_OVERLAP,INFO,"overlap_sec=10.000, overlap_ratio=0.083333; within configured expected overlap=10.000s",interrupted_2026-09-17_C175,No automatic action; retain for inventory evidence.
I33309ae53f251e1f,interrupted_2026-09-17_C175,interrupted_2026-09-17,TEMPORAL_OVERLAP,INFO,"overlap_sec=10.000, overlap_ratio=0.083333; within configured expected overlap=10.000s",interrupted_2026-09-17_C174,No automatic action; retain for inventory evidence.
I24ad0b6dc68be44c,interrupted_2026-09-17_C175,interrupted_2026-09-17,TEMPORAL_OVERLAP,INFO,"overlap_sec=10.000, overlap_ratio=0.083333; within configured expected overlap=10.000s",interrupted_2026-09-17_C176,No automatic action; retain for inventory evidence.
Ic51fab21e76addc5,interrupted_2026-09-17_C176,interrupted_2026-09-17,TEMPORAL_OVERLAP,INFO,"overlap_sec=10.000, overlap_ratio=0.083333; within configured expected overlap=10.000s",interrupted_2026-09-17_C175,No automatic action; retain for inventory evidence.
Iefa46cff58e7f0f5,interrupted_2026-09-17_C176,interrupted_2026-09-17,TEMPORAL_OVERLAP,INFO,"overlap_sec=10.000, overlap_ratio=0.083333; within configured expected overlap=10.000s",interrupted_2026-09-17_C177,No automatic action; retain for inventory evidence.
I27958727366d0de0,interrupted_2026-09-17_C177,interrupted_2026-09-17,TEMPORAL_OVERLAP,INFO,"overlap_sec=10.000, overlap_ratio=0.083333; within configured expected overlap=10.000s",interrupted_2026-09-17_C176,No automatic action; retain for inventory evidence.
I98bf9d959bd4d02f,interrupted_2026-09-17_C177,interrupted_2026-09-17,TEMPORAL_OVERLAP,INFO,"overlap_sec=10.000, overlap_ratio=0.083333; within configured expected overlap=10.000s",interrupted_2026-09-17_C178,No automatic action; retain for inventory evidence.
I0b48d743e4fc283e,interrupted_2026-09-17_C178,interrupted_2026-09-17,TEMPORAL_OVERLAP,INFO,"overlap_sec=10.000, overlap_ratio=0.083333; within configured expected overlap=10.000s",interrupted_2026-09-17_C177,No automatic action; retain for inventory evidence.
I063238989a1fc064,interrupted_2026-09-17_C178,interrupted_2026-09-17,TEMPORAL_OVERLAP,INFO,"overlap_sec=10.000, overlap_ratio=0.083333; within configured expected overlap=10.000s",interrupted_2026-09-17_C179,No automatic action; retain for inventory evidence.
I9250f74de883b089,interrupted_2026-09-17_C179,interrupted_2026-09-17,TEMPORAL_OVERLAP,INFO,"overlap_sec=10.000, overlap_ratio=0.083333; within configured expected overlap=10.000s",interrupted_2026-09-17_C178,No automatic action; retain for inventory evidence.
I49583138db1e8183,interrupted_2026-09-17_C179,interrupted_2026-09-17,TEMPORAL_OVERLAP,INFO,"overlap_sec=10.000, overlap_ratio=0.083333; within configured expected overlap=10.000s",interrupted_2026-09-17_C180,No automatic action; retain for inventory evidence.
If913181024bb43dd,interrupted_2026-09-17_C180,interrupted_2026-09-17,TEMPORAL_OVERLAP,INFO,"overlap_sec=10.000, overlap_ratio=0.083333; within configured expected overlap=10.000s",interrupted_2026-09-17_C179,No automatic action; retain for inventory evidence.
I391db775ae3296a1,interrupted_2026-09-17_C180,interrupted_2026-09-17,TEMPORAL_OVERLAP,INFO,"overlap_sec=10.000, overlap_ratio=0.083333; within configured expected overlap=10.000s",interrupted_2026-09-17_C181,No automatic action; retain for inventory evidence.
I1d562b6eec4c6cb0,interrupted_2026-09-17_C181,interrupted_2026-09-17,TEMPORAL_OVERLAP,INFO,"overlap_sec=10.000, overlap_ratio=0.083333; within configured expected overlap=10.000s",interrupted_2026-09-17_C180,No automatic action; retain for inventory evidence.
I045fad426420f24c,interrupted_2026-09-17_C181,interrupted_2026-09-17,TEMPORAL_OVERLAP,INFO,"overlap_sec=10.000, overlap_ratio=0.083333; within configured expected overlap=10.000s",interrupted_2026-09-17_C182,No automatic action; retain for inventory evidence.
Ie85e950af96184e5,interrupted_2026-09-17_C182,interrupted_2026-09-17,TEMPORAL_OVERLAP,INFO,"overlap_sec=10.000, overlap_ratio=0.083333; within configured expected overlap=10.000s",interrupted_2026-09-17_C181,No automatic action; retain for inventory evidence.
I0522d546dae18c90,interrupted_2026-09-17_C182,interrupted_2026-09-17,TEMPORAL_OVERLAP,INFO,"overlap_sec=10.000, overlap_ratio=0.083333; within configured expected overlap=10.000s",interrupted_2026-09-17_C183,No automatic action; retain for inventory evidence.
I408e03f25e1cfbf8,interrupted_2026-09-17_C183,interrupted_2026-09-17,TEMPORAL_OVERLAP,INFO,"overlap_sec=10.000, overlap_ratio=0.083333; within configured expected overlap=10.000s",interrupted_2026-09-17_C182,No automatic action; retain for inventory evidence.
I16e9e2c9216f3d12,interrupted_2026-09-17_C183,interrupted_2026-09-17,TEMPORAL_OVERLAP,INFO,"overlap_sec=10.000, overlap_ratio=0.083333; within configured expected overlap=10.000s",interrupted_2026-09-17_C184,No automatic action; retain for inventory evidence.
I3e48bfe8f7aa0770,interrupted_2026-09-17_C184,interrupted_2026-09-17,TEMPORAL_OVERLAP,INFO,"overlap_sec=10.000, overlap_ratio=0.083333; within configured expected overlap=10.000s",interrupted_2026-09-17_C183,No automatic action; retain for inventory evidence.
Ife23de6be8ab1a17,interrupted_2026-09-17_C184,interrupted_2026-09-17,TEMPORAL_OVERLAP,INFO,"overlap_sec=10.000, overlap_ratio=0.083333; within configured expected overlap=10.000s",interrupted_2026-09-17_C185,No automatic action; retain for inventory evidence.
Icd6bfc322eec0419,interrupted_2026-09-17_C185,interrupted_2026-09-17,TEMPORAL_OVERLAP,INFO,"overlap_sec=10.000, overlap_ratio=0.083333; within configured expected overlap=10.000s",interrupted_2026-09-17_C184,No automatic action; retain for inventory evidence.
I026fd58bb0c9ae47,interrupted_2026-09-17_C185,interrupted_2026-09-17,TEMPORAL_OVERLAP,INFO,"overlap_sec=10.000, overlap_ratio=0.083333; within configured expected overlap=10.000s",interrupted_2026-09-17_C186,No automatic action; retain for inventory evidence.
Ie9877a942caa5325,interrupted_2026-09-17_C186,interrupted_2026-09-17,TEMPORAL_OVERLAP,INFO,"overlap_sec=10.000, overlap_ratio=0.083333; within configured expected overlap=10.000s",interrupted_2026-09-17_C185,No automatic action; retain for inventory evidence.
I0c5848844a8e56dd,interrupted_2026-09-17_C186,interrupted_2026-09-17,TEMPORAL_OVERLAP,INFO,"overlap_sec=10.000, overlap_ratio=0.083333; within configured expected overlap=10.000s",interrupted_2026-09-17_C187,No automatic action; retain for inventory evidence.
I9f13fa681b765471,interrupted_2026-09-17_C187,interrupted_2026-09-17,TEMPORAL_OVERLAP,INFO,"overlap_sec=10.000, overlap_ratio=0.083333; within configured expected overlap=10.000s",interrupted_2026-09-17_C186,No automatic action; retain for inventory evidence.
Ib52e9eb1b19ab785,interrupted_2026-09-17_C187,interrupted_2026-09-17,TEMPORAL_OVERLAP,INFO,"overlap_sec=10.000, overlap_ratio=0.083333; within configured expected overlap=10.000s",interrupted_2026-09-17_C188,No automatic action; retain for inventory evidence.
I732128fe4e7c09f6,interrupted_2026-09-17_C188,interrupted_2026-09-17,TEMPORAL_OVERLAP,INFO,"overlap_sec=10.000, overlap_ratio=0.083333; within configured expected overlap=10.000s",interrupted_2026-09-17_C187,No automatic action; retain for inventory evidence.
Ie99e9fe4d31bc694,interrupted_2026-09-17_C188,interrupted_2026-09-17,TEMPORAL_OVERLAP,INFO,"overlap_sec=10.000, overlap_ratio=0.083333; within configured expected overlap=10.000s",interrupted_2026-09-17_C189,No automatic action; retain for inventory evidence.
I574d1d59858f8081,interrupted_2026-09-17_C189,interrupted_2026-09-17,TEMPORAL_OVERLAP,INFO,"overlap_sec=10.000, overlap_ratio=0.083333; within configured expected overlap=10.000s",interrupted_2026-09-17_C188,No automatic action; retain for inventory evidence.
If938e87bdd89c4f4,interrupted_2026-09-17_C189,interrupted_2026-09-17,TEMPORAL_OVERLAP,INFO,"overlap_sec=10.000, overlap_ratio=0.083333; within configured expected overlap=10.000s",interrupted_2026-09-17_C190,No automatic action; retain for inventory evidence.
Icba739e40ad7df2c,interrupted_2026-09-17_C190,interrupted_2026-09-17,TEMPORAL_OVERLAP,INFO,"overlap_sec=10.000, overlap_ratio=0.083333; within configured expected overlap=10.000s",interrupted_2026-09-17_C189,No automatic action; retain for inventory evidence.
I9f3e5a863943986e,interrupted_2026-09-17_C190,interrupted_2026-09-17,TEMPORAL_OVERLAP,INFO,"overlap_sec=10.000, overlap_ratio=0.083333; within configured expected overlap=10.000s",interrupted_2026-09-17_C191,No automatic action; retain for inventory evidence.
I9052e151c284382d,interrupted_2026-09-17_C191,interrupted_2026-09-17,TEMPORAL_OVERLAP,INFO,"overlap_sec=10.000, overlap_ratio=0.083333; within configured expected overlap=10.000s",interrupted_2026-09-17_C190,No automatic action; retain for inventory evidence.
I9b2d609c24d3c121,interrupted_2026-09-17_C191,interrupted_2026-09-17,TEMPORAL_OVERLAP,INFO,"overlap_sec=10.000, overlap_ratio=0.083333; within configured expected overlap=10.000s",interrupted_2026-09-17_C192,No automatic action; retain for inventory evidence.
Ie82a09de1edeb669,interrupted_2026-09-17_C192,interrupted_2026-09-17,TEMPORAL_OVERLAP,INFO,"overlap_sec=10.000, overlap_ratio=0.083333; within configured expected overlap=10.000s",interrupted_2026-09-17_C191,No automatic action; retain for inventory evidence.
I21ca17cb830f7ff5,interrupted_2026-09-17_C192,interrupted_2026-09-17,TEMPORAL_OVERLAP,INFO,"overlap_sec=10.000, overlap_ratio=0.083333; within configured expected overlap=10.000s",interrupted_2026-09-17_C193,No automatic action; retain for inventory evidence.
I1f61de534fae5fb4,interrupted_2026-09-17_C193,interrupted_2026-09-17,TEMPORAL_OVERLAP,INFO,"overlap_sec=10.000, overlap_ratio=0.083333; within configured expected overlap=10.000s",interrupted_2026-09-17_C192,No automatic action; retain for inventory evidence.
Ib49dc7bf36961b3c,interrupted_2026-09-17_C193,interrupted_2026-09-17,TEMPORAL_OVERLAP,INFO,"overlap_sec=10.000, overlap_ratio=0.083333; within configured expected overlap=10.000s",interrupted_2026-09-17_C194,No automatic action; retain for inventory evidence.
Iafb610498b1b99a6,interrupted_2026-09-17_C194,interrupted_2026-09-17,TEMPORAL_OVERLAP,INFO,"overlap_sec=10.000, overlap_ratio=0.083333; within configured expected overlap=10.000s",interrupted_2026-09-17_C193,No automatic action; retain for inventory evidence.
Ib53e6f669893416f,interrupted_2026-09-17_C194,interrupted_2026-09-17,TEMPORAL_OVERLAP,INFO,"overlap_sec=10.000, overlap_ratio=0.083333; within configured expected overlap=10.000s",interrupted_2026-09-17_C195,No automatic action; retain for inventory evidence.
I3f692c990c5fcbf4,interrupted_2026-09-17_C195,interrupted_2026-09-17,TEMPORAL_OVERLAP,INFO,"overlap_sec=10.000, overlap_ratio=0.083333; within configured expected overlap=10.000s",interrupted_2026-09-17_C194,No automatic action; retain for inventory evidence.
I1fe315eaf0ff21e5,interrupted_2026-09-17_C195,interrupted_2026-09-17,TEMPORAL_OVERLAP,INFO,"overlap_sec=10.000, overlap_ratio=0.083333; within configured expected overlap=10.000s",interrupted_2026-09-17_C196,No automatic action; retain for inventory evidence.
Ib1deefddaf559cf2,interrupted_2026-09-17_C196,interrupted_2026-09-17,TEMPORAL_OVERLAP,INFO,"overlap_sec=10.000, overlap_ratio=0.083333; within configured expected overlap=10.000s",interrupted_2026-09-17_C195,No automatic action; retain for inventory evidence.
I9e8c62a565e3a50c,interrupted_2026-09-17_C196,interrupted_2026-09-17,TEMPORAL_OVERLAP,INFO,"overlap_sec=10.000, overlap_ratio=0.083333; within configured expected overlap=10.000s",interrupted_2026-09-17_C197,No automatic action; retain for inventory evidence.
I44254f5b5c386953,interrupted_2026-09-17_C197,interrupted_2026-09-17,TEMPORAL_OVERLAP,INFO,"overlap_sec=10.000, overlap_ratio=0.083333; within configured expected overlap=10.000s",interrupted_2026-09-17_C196,No automatic action; retain for inventory evidence.
Ifaecd635f1c11418,interrupted_2026-09-17_C197,interrupted_2026-09-17,TEMPORAL_OVERLAP,INFO,"overlap_sec=10.000, overlap_ratio=0.083333; within configured expected overlap=10.000s",interrupted_2026-09-17_C198,No automatic action; retain for inventory evidence.
I524c53f7c3d5c3a5,interrupted_2026-09-17_C198,interrupted_2026-09-17,TEMPORAL_OVERLAP,INFO,"overlap_sec=10.000, overlap_ratio=0.083333; within configured expected overlap=10.000s",interrupted_2026-09-17_C197,No automatic action; retain for inventory evidence.
I26a6497d85f73651,interrupted_2026-09-17_C198,interrupted_2026-09-17,TEMPORAL_OVERLAP,INFO,"overlap_sec=10.000, overlap_ratio=0.083333; within configured expected overlap=10.000s",interrupted_2026-09-17_C199,No automatic action; retain for inventory evidence.
I39950a38c68c0354,interrupted_2026-09-17_C199,interrupted_2026-09-17,TEMPORAL_OVERLAP,INFO,"overlap_sec=10.000, overlap_ratio=0.083333; within configured expected overlap=10.000s",interrupted_2026-09-17_C198,No automatic action; retain for inventory evidence.
Ibbadcecdb9be905c,interrupted_2026-09-17_C199,interrupted_2026-09-17,TEMPORAL_OVERLAP,INFO,"overlap_sec=10.000, overlap_ratio=0.083333; within configured expected overlap=10.000s",interrupted_2026-09-17_C200,No automatic action; retain for inventory evidence.
I74fe0ea3e7e61665,interrupted_2026-09-17_C200,interrupted_2026-09-17,TEMPORAL_OVERLAP,INFO,"overlap_sec=10.000, overlap_ratio=0.083333; within configured expected overlap=10.000s",interrupted_2026-09-17_C199,No automatic action; retain for inventory evidence.
Ib2d6c71ca20bf4d3,interrupted_2026-09-17_C200,interrupted_2026-09-17,TEMPORAL_OVERLAP,INFO,"overlap_sec=10.000, overlap_ratio=0.083333; within configured expected overlap=10.000s",interrupted_2026-09-17_C201,No automatic action; retain for inventory evidence.
I2f01c9e2a0409630,interrupted_2026-09-17_C201,interrupted_2026-09-17,TEMPORAL_OVERLAP,INFO,"overlap_sec=10.000, overlap_ratio=0.083333; within configured expected overlap=10.000s",interrupted_2026-09-17_C200,No automatic action; retain for inventory evidence.
Ic26b1250198e7163,interrupted_2026-09-17_C201,interrupted_2026-09-17,TEMPORAL_OVERLAP,INFO,"overlap_sec=10.000, overlap_ratio=0.083333; within configured expected overlap=10.000s",interrupted_2026-09-17_C202,No automatic action; retain for inventory evidence.
I434b4b370e392d8e,interrupted_2026-09-17_C202,interrupted_2026-09-17,TEMPORAL_OVERLAP,INFO,"overlap_sec=10.000, overlap_ratio=0.083333; within configured expected overlap=10.000s",interrupted_2026-09-17_C201,No automatic action; retain for inventory evidence.
I98e175cf23d98e50,interrupted_2026-09-17_C202,interrupted_2026-09-17,TEMPORAL_OVERLAP,INFO,"overlap_sec=10.000, overlap_ratio=0.083333; within configured expected overlap=10.000s",interrupted_2026-09-17_C203,No automatic action; retain for inventory evidence.
Ibcbb956ea48a9a68,interrupted_2026-09-17_C203,interrupted_2026-09-17,TEMPORAL_OVERLAP,INFO,"overlap_sec=10.000, overlap_ratio=0.083333; within configured expected overlap=10.000s",interrupted_2026-09-17_C202,No automatic action; retain for inventory evidence.
I43b1e402b743d6a3,interrupted_2026-09-17_C203,interrupted_2026-09-17,TEMPORAL_OVERLAP,INFO,"overlap_sec=10.000, overlap_ratio=0.083333; within configured expected overlap=10.000s",interrupted_2026-09-17_C204,No automatic action; retain for inventory evidence.
Ic7d059aedd94b031,interrupted_2026-09-17_C204,interrupted_2026-09-17,TEMPORAL_OVERLAP,INFO,"overlap_sec=10.000, overlap_ratio=0.083333; within configured expected overlap=10.000s",interrupted_2026-09-17_C203,No automatic action; retain for inventory evidence.
I6c3bb69488bdd3ae,interrupted_2026-09-17_C204,interrupted_2026-09-17,TEMPORAL_OVERLAP,INFO,"overlap_sec=10.000, overlap_ratio=0.083333; within configured expected overlap=10.000s",interrupted_2026-09-17_C205,No automatic action; retain for inventory evidence.
Iaa9e94490a6a9b0c,interrupted_2026-09-17_C205,interrupted_2026-09-17,TEMPORAL_OVERLAP,INFO,"overlap_sec=10.000, overlap_ratio=0.083333; within configured expected overlap=10.000s",interrupted_2026-09-17_C204,No automatic action; retain for inventory evidence.
I68924523c550a275,interrupted_2026-09-17_C205,interrupted_2026-09-17,TEMPORAL_OVERLAP,INFO,"overlap_sec=10.000, overlap_ratio=0.083333; within configured expected overlap=10.000s",interrupted_2026-09-17_C206,No automatic action; retain for inventory evidence.
Iec9b2983086157df,interrupted_2026-09-17_C206,interrupted_2026-09-17,TEMPORAL_OVERLAP,INFO,"overlap_sec=10.000, overlap_ratio=0.083333; within configured expected overlap=10.000s",interrupted_2026-09-17_C205,No automatic action; retain for inventory evidence.
Id6b6216001852ead,interrupted_2026-09-17_C206,interrupted_2026-09-17,TEMPORAL_OVERLAP,INFO,"overlap_sec=10.000, overlap_ratio=0.083333; within configured expected overlap=10.000s",interrupted_2026-09-17_C207,No automatic action; retain for inventory evidence.
I2bfa5e0ec602f526,interrupted_2026-09-17_C207,interrupted_2026-09-17,TEMPORAL_OVERLAP,INFO,"overlap_sec=10.000, overlap_ratio=0.083333; within configured expected overlap=10.000s",interrupted_2026-09-17_C206,No automatic action; retain for inventory evidence.
Iac494090060a0c60,interrupted_2026-09-17_C207,interrupted_2026-09-17,TEMPORAL_OVERLAP,INFO,"overlap_sec=10.000, overlap_ratio=0.083333; within configured expected overlap=10.000s",interrupted_2026-09-17_C208,No automatic action; retain for inventory evidence.
I41cd322e47af653e,interrupted_2026-09-17_C208,interrupted_2026-09-17,TEMPORAL_OVERLAP,INFO,"overlap_sec=10.000, overlap_ratio=0.083333; within configured expected overlap=10.000s",interrupted_2026-09-17_C207,No automatic action; retain for inventory evidence.
I0938d41e4c5b2c01,interrupted_2026-09-17_C208,interrupted_2026-09-17,TEMPORAL_OVERLAP,INFO,"overlap_sec=10.000, overlap_ratio=0.083333; within configured expected overlap=10.000s",interrupted_2026-09-17_C209,No automatic action; retain for inventory evidence.
I566303f484bf99c0,interrupted_2026-09-17_C209,interrupted_2026-09-17,TEMPORAL_OVERLAP,INFO,"overlap_sec=10.000, overlap_ratio=0.083333; within configured expected overlap=10.000s",interrupted_2026-09-17_C208,No automatic action; retain for inventory evidence.
Iede059828b1d95ec,interrupted_2026-09-17_C209,interrupted_2026-09-17,TEMPORAL_OVERLAP,INFO,"overlap_sec=10.000, overlap_ratio=0.083333; within configured expected overlap=10.000s",interrupted_2026-09-17_C210,No automatic action; retain for inventory evidence.
Ibaffb96b22e91bb7,interrupted_2026-09-17_C210,interrupted_2026-09-17,TEMPORAL_OVERLAP,INFO,"overlap_sec=10.000, overlap_ratio=0.083333; within configured expected overlap=10.000s",interrupted_2026-09-17_C209,No automatic action; retain for inventory evidence.
I4bafb32900375aa5,interrupted_2026-09-17_C210,interrupted_2026-09-17,TEMPORAL_OVERLAP,INFO,"overlap_sec=10.000, overlap_ratio=0.083333; within configured expected overlap=10.000s",interrupted_2026-09-17_C211,No automatic action; retain for inventory evidence.
Ia20556a11093e8a4,interrupted_2026-09-17_C211,interrupted_2026-09-17,TEMPORAL_OVERLAP,INFO,"overlap_sec=10.000, overlap_ratio=0.083333; within configured expected overlap=10.000s",interrupted_2026-09-17_C210,No automatic action; retain for inventory evidence.
I784e8ea41e039bce,interrupted_2026-09-17_C211,interrupted_2026-09-17,TEMPORAL_OVERLAP,INFO,"overlap_sec=10.000, overlap_ratio=0.083333; within configured expected overlap=10.000s",interrupted_2026-09-17_C212,No automatic action; retain for inventory evidence.
Icc67245169b7bd92,interrupted_2026-09-17_C212,interrupted_2026-09-17,TEMPORAL_OVERLAP,INFO,"overlap_sec=10.000, overlap_ratio=0.083333; within configured expected overlap=10.000s",interrupted_2026-09-17_C211,No automatic action; retain for inventory evidence.
I5f360b953ddf6899,interrupted_2026-09-17_C212,interrupted_2026-09-17,TEMPORAL_OVERLAP,INFO,"overlap_sec=10.000, overlap_ratio=0.083333; within configured expected overlap=10.000s",interrupted_2026-09-17_C213,No automatic action; retain for inventory evidence.
I7adea6d0d166b74d,interrupted_2026-09-17_C213,interrupted_2026-09-17,TEMPORAL_OVERLAP,INFO,"overlap_sec=10.000, overlap_ratio=0.083333; within configured expected overlap=10.000s",interrupted_2026-09-17_C212,No automatic action; retain for inventory evidence.
I9abdfb636606a428,interrupted_2026-09-17_C213,interrupted_2026-09-17,TEMPORAL_OVERLAP,INFO,"overlap_sec=10.000, overlap_ratio=0.083333; within configured expected overlap=10.000s",interrupted_2026-09-17_C214,No automatic action; retain for inventory evidence.
I775916eaa70f50cc,interrupted_2026-09-17_C214,interrupted_2026-09-17,TEMPORAL_OVERLAP,INFO,"overlap_sec=10.000, overlap_ratio=0.083333; within configured expected overlap=10.000s",interrupted_2026-09-17_C213,No automatic action; retain for inventory evidence.
Id8c428c936539d9a,interrupted_2026-09-17_C214,interrupted_2026-09-17,TEMPORAL_OVERLAP,INFO,"overlap_sec=10.000, overlap_ratio=0.083333; within configured expected overlap=10.000s",interrupted_2026-09-17_C215,No automatic action; retain for inventory evidence.
Idbaa87887e150df5,interrupted_2026-09-17_C215,interrupted_2026-09-17,TEMPORAL_OVERLAP,INFO,"overlap_sec=10.000, overlap_ratio=0.083333; within configured expected overlap=10.000s",interrupted_2026-09-17_C214,No automatic action; retain for inventory evidence.
Ie4bda09eb1838d67,interrupted_2026-09-17_C215,interrupted_2026-09-17,TEMPORAL_OVERLAP,INFO,"overlap_sec=10.000, overlap_ratio=0.083333; within configured expected overlap=10.000s",interrupted_2026-09-17_C216,No automatic action; retain for inventory evidence.
I66864d8cc9c7288d,interrupted_2026-09-17_C216,interrupted_2026-09-17,TEMPORAL_OVERLAP,INFO,"overlap_sec=10.000, overlap_ratio=0.083333; within configured expected overlap=10.000s",interrupted_2026-09-17_C215,No automatic action; retain for inventory evidence.
Ieee4c517a2dd8af9,interrupted_2026-09-17_C216,interrupted_2026-09-17,TEMPORAL_OVERLAP,INFO,"overlap_sec=10.000, overlap_ratio=0.083333; within configured expected overlap=10.000s",interrupted_2026-09-17_C217,No automatic action; retain for inventory evidence.
I05c04510c0e4404d,interrupted_2026-09-17_C217,interrupted_2026-09-17,TEMPORAL_OVERLAP,INFO,"overlap_sec=10.000, overlap_ratio=0.083333; within configured expected overlap=10.000s",interrupted_2026-09-17_C216,No automatic action; retain for inventory evidence.
I445063c3554d574e,interrupted_2026-09-17_C217,interrupted_2026-09-17,TEMPORAL_OVERLAP,INFO,"overlap_sec=10.000, overlap_ratio=0.083333; within configured expected overlap=10.000s",interrupted_2026-09-17_C218,No automatic action; retain for inventory evidence.
I0a4a68a892aab1f1,interrupted_2026-09-17_C218,interrupted_2026-09-17,TEMPORAL_OVERLAP,INFO,"overlap_sec=10.000, overlap_ratio=0.083333; within configured expected overlap=10.000s",interrupted_2026-09-17_C217,No automatic action; retain for inventory evidence.
I1535bd979e4d8f26,interrupted_2026-09-17_C218,interrupted_2026-09-17,TEMPORAL_OVERLAP,INFO,"overlap_sec=10.000, overlap_ratio=0.083333; within configured expected overlap=10.000s",interrupted_2026-09-17_C219,No automatic action; retain for inventory evidence.
I3d85f324f4b77b86,interrupted_2026-09-17_C219,interrupted_2026-09-17,TEMPORAL_OVERLAP,INFO,"overlap_sec=10.000, overlap_ratio=0.083333; within configured expected overlap=10.000s",interrupted_2026-09-17_C218,No automatic action; retain for inventory evidence.
I7d21701810585a55,interrupted_2026-09-17_C219,interrupted_2026-09-17,TEMPORAL_OVERLAP,INFO,"overlap_sec=10.000, overlap_ratio=0.083333; within configured expected overlap=10.000s",interrupted_2026-09-17_C220,No automatic action; retain for inventory evidence.
Ib8e8f4d98a962c18,interrupted_2026-09-17_C220,interrupted_2026-09-17,TEMPORAL_OVERLAP,INFO,"overlap_sec=10.000, overlap_ratio=0.083333; within configured expected overlap=10.000s",interrupted_2026-09-17_C219,No automatic action; retain for inventory evidence.
Id838e0a9c3705a19,interrupted_2026-09-17_C220,interrupted_2026-09-17,TEMPORAL_OVERLAP,INFO,"overlap_sec=10.000, overlap_ratio=0.083333; within configured expected overlap=10.000s",interrupted_2026-09-17_C221,No automatic action; retain for inventory evidence.
If3971b62b7cdf8cd,interrupted_2026-09-17_C221,interrupted_2026-09-17,TEMPORAL_OVERLAP,INFO,"overlap_sec=10.000, overlap_ratio=0.083333; within configured expected overlap=10.000s",interrupted_2026-09-17_C220,No automatic action; retain for inventory evidence.
I6e78c711301d71ee,interrupted_2026-09-17_C221,interrupted_2026-09-17,TEMPORAL_OVERLAP,INFO,"overlap_sec=10.000, overlap_ratio=0.083333; within configured expected overlap=10.000s",interrupted_2026-09-17_C222,No automatic action; retain for inventory evidence.
I60c02b5779f096f3,interrupted_2026-09-17_C222,interrupted_2026-09-17,TEMPORAL_OVERLAP,INFO,"overlap_sec=10.000, overlap_ratio=0.083333; within configured expected overlap=10.000s",interrupted_2026-09-17_C221,No automatic action; retain for inventory evidence.
I25f826a763fab2bf,interrupted_2026-09-17_C222,interrupted_2026-09-17,TEMPORAL_OVERLAP,INFO,"overlap_sec=10.000, overlap_ratio=0.083333; within configured expected overlap=10.000s",interrupted_2026-09-17_C223,No automatic action; retain for inventory evidence.
Id46eea05bf812ea1,interrupted_2026-09-17_C223,interrupted_2026-09-17,TEMPORAL_OVERLAP,INFO,"overlap_sec=10.000, overlap_ratio=0.083333; within configured expected overlap=10.000s",interrupted_2026-09-17_C222,No automatic action; retain for inventory evidence.
If1ef5be096670d83,interrupted_2026-09-17_C223,interrupted_2026-09-17,TEMPORAL_OVERLAP,INFO,"overlap_sec=10.000, overlap_ratio=0.083333; within configured expected overlap=10.000s",interrupted_2026-09-17_C224,No automatic action; retain for inventory evidence.
I617ab6113f511c6c,interrupted_2026-09-17_C224,interrupted_2026-09-17,TEMPORAL_OVERLAP,INFO,"overlap_sec=10.000, overlap_ratio=0.083333; within configured expected overlap=10.000s",interrupted_2026-09-17_C223,No automatic action; retain for inventory evidence.
I3a442a015586ae3d,interrupted_2026-09-17_C224,interrupted_2026-09-17,TEMPORAL_OVERLAP,INFO,"overlap_sec=10.000, overlap_ratio=0.083333; within configured expected overlap=10.000s",interrupted_2026-09-17_C225,No automatic action; retain for inventory evidence.
Ieb104e670fca6449,interrupted_2026-09-17_C225,interrupted_2026-09-17,TEMPORAL_OVERLAP,INFO,"overlap_sec=10.000, overlap_ratio=0.083333; within configured expected overlap=10.000s",interrupted_2026-09-17_C224,No automatic action; retain for inventory evidence.
I55d575e5318e129e,interrupted_2026-09-17_C225,interrupted_2026-09-17,TEMPORAL_OVERLAP,INFO,"overlap_sec=10.000, overlap_ratio=0.083333; within configured expected overlap=10.000s",interrupted_2026-09-17_C226,No automatic action; retain for inventory evidence.
Ia7283c5c9fae6c3e,interrupted_2026-09-17_C226,interrupted_2026-09-17,TEMPORAL_OVERLAP,INFO,"overlap_sec=10.000, overlap_ratio=0.083333; within configured expected overlap=10.000s",interrupted_2026-09-17_C225,No automatic action; retain for inventory evidence.
I822b4bbede1e8bf6,interrupted_2026-09-17_C226,interrupted_2026-09-17,TEMPORAL_OVERLAP,INFO,"overlap_sec=10.000, overlap_ratio=0.083333; within configured expected overlap=10.000s",interrupted_2026-09-17_C227,No automatic action; retain for inventory evidence.
Ia6401b4095b3a409,interrupted_2026-09-17_C227,interrupted_2026-09-17,TEMPORAL_OVERLAP,INFO,"overlap_sec=10.000, overlap_ratio=0.083333; within configured expected overlap=10.000s",interrupted_2026-09-17_C226,No automatic action; retain for inventory evidence.
Icdf604ef06772985,interrupted_2026-09-17_C227,interrupted_2026-09-17,TEMPORAL_OVERLAP,INFO,"overlap_sec=10.000, overlap_ratio=0.083333; within configured expected overlap=10.000s",interrupted_2026-09-17_C228,No automatic action; retain for inventory evidence.
I2a6481bf6220d4a9,interrupted_2026-09-17_C228,interrupted_2026-09-17,TEMPORAL_OVERLAP,INFO,"overlap_sec=10.000, overlap_ratio=0.083333; within configured expected overlap=10.000s",interrupted_2026-09-17_C227,No automatic action; retain for inventory evidence.
I341b4ca317f1003a,interrupted_2026-09-17_C228,interrupted_2026-09-17,TEMPORAL_OVERLAP,INFO,"overlap_sec=10.000, overlap_ratio=0.083333; within configured expected overlap=10.000s",interrupted_2026-09-17_C229,No automatic action; retain for inventory evidence.
I2885c5d84380f8dd,interrupted_2026-09-17_C229,interrupted_2026-09-17,TEMPORAL_OVERLAP,INFO,"overlap_sec=10.000, overlap_ratio=0.083333; within configured expected overlap=10.000s",interrupted_2026-09-17_C228,No automatic action; retain for inventory evidence.
I6e1c7ba2c5540824,interrupted_2026-09-17_C229,interrupted_2026-09-17,TEMPORAL_OVERLAP,INFO,"overlap_sec=10.000, overlap_ratio=0.083333; within configured expected overlap=10.000s",interrupted_2026-09-17_C230,No automatic action; retain for inventory evidence.
I6a82a9e79379d5ed,interrupted_2026-09-17_C230,interrupted_2026-09-17,TEMPORAL_OVERLAP,INFO,"overlap_sec=10.000, overlap_ratio=0.083333; within configured expected overlap=10.000s",interrupted_2026-09-17_C229,No automatic action; retain for inventory evidence.
Ie40b3e60f36754d9,interrupted_2026-09-17_C230,interrupted_2026-09-17,TEMPORAL_OVERLAP,INFO,"overlap_sec=10.000, overlap_ratio=0.083333; within configured expected overlap=10.000s",interrupted_2026-09-17_C231,No automatic action; retain for inventory evidence.
If99607d74965f125,interrupted_2026-09-17_C231,interrupted_2026-09-17,TEMPORAL_OVERLAP,INFO,"overlap_sec=10.000, overlap_ratio=0.083333; within configured expected overlap=10.000s",interrupted_2026-09-17_C230,No automatic action; retain for inventory evidence.
Ie9275d71b4067c15,interrupted_2026-09-17_C231,interrupted_2026-09-17,TEMPORAL_OVERLAP,INFO,"overlap_sec=10.000, overlap_ratio=0.083333; within configured expected overlap=10.000s",interrupted_2026-09-17_C232,No automatic action; retain for inventory evidence.
Ic36edd4bbdd1fa28,interrupted_2026-09-17_C232,interrupted_2026-09-17,TEMPORAL_OVERLAP,INFO,"overlap_sec=10.000, overlap_ratio=0.083333; within configured expected overlap=10.000s",interrupted_2026-09-17_C231,No automatic action; retain for inventory evidence.
I36b33ffa6c493053,interrupted_2026-09-17_C232,interrupted_2026-09-17,TEMPORAL_OVERLAP,INFO,"overlap_sec=10.000, overlap_ratio=0.083333; within configured expected overlap=10.000s",interrupted_2026-09-17_C233,No automatic action; retain for inventory evidence.
Ib3bc9bad2fc14820,interrupted_2026-09-17_C233,interrupted_2026-09-17,TEMPORAL_OVERLAP,INFO,"overlap_sec=10.000, overlap_ratio=0.083333; within configured expected overlap=10.000s",interrupted_2026-09-17_C232,No automatic action; retain for inventory evidence.
I2e9012e8ff9db986,interrupted_2026-09-17_C233,interrupted_2026-09-17,TEMPORAL_OVERLAP,INFO,"overlap_sec=10.000, overlap_ratio=0.083333; within configured expected overlap=10.000s",interrupted_2026-09-17_C234,No automatic action; retain for inventory evidence.
I68eff91057826d19,interrupted_2026-09-17_C234,interrupted_2026-09-17,TEMPORAL_OVERLAP,INFO,"overlap_sec=10.000, overlap_ratio=0.083333; within configured expected overlap=10.000s",interrupted_2026-09-17_C233,No automatic action; retain for inventory evidence.
I5a1eb0d702afff31,interrupted_2026-09-17_C234,interrupted_2026-09-17,TEMPORAL_OVERLAP,INFO,"overlap_sec=10.000, overlap_ratio=0.083333; within configured expected overlap=10.000s",interrupted_2026-09-17_C235,No automatic action; retain for inventory evidence.
I6b745ef5b4a762ef,interrupted_2026-09-17_C235,interrupted_2026-09-17,TEMPORAL_OVERLAP,INFO,"overlap_sec=10.000, overlap_ratio=0.083333; within configured expected overlap=10.000s",interrupted_2026-09-17_C234,No automatic action; retain for inventory evidence.
I3a2f10583c50c9dd,interrupted_2026-09-17_C235,interrupted_2026-09-17,TEMPORAL_OVERLAP,INFO,"overlap_sec=10.000, overlap_ratio=0.083333; within configured expected overlap=10.000s",interrupted_2026-09-17_C236,No automatic action; retain for inventory evidence.
Ia42a9695ef4d02c3,interrupted_2026-09-17_C236,interrupted_2026-09-17,TEMPORAL_OVERLAP,INFO,"overlap_sec=10.000, overlap_ratio=0.083333; within configured expected overlap=10.000s",interrupted_2026-09-17_C235,No automatic action; retain for inventory evidence.
I866627e00a86dc6f,interrupted_2026-09-17_C236,interrupted_2026-09-17,TEMPORAL_OVERLAP,INFO,"overlap_sec=10.000, overlap_ratio=0.083333; within configured expected overlap=10.000s",interrupted_2026-09-17_C237,No automatic action; retain for inventory evidence.
Ic715e7f634129748,interrupted_2026-09-17_C237,interrupted_2026-09-17,TEMPORAL_OVERLAP,INFO,"overlap_sec=10.000, overlap_ratio=0.083333; within configured expected overlap=10.000s",interrupted_2026-09-17_C236,No automatic action; retain for inventory evidence.
I3925ec40c7809858,interrupted_2026-09-17_C237,interrupted_2026-09-17,TEMPORAL_OVERLAP,INFO,"overlap_sec=10.000, overlap_ratio=0.083333; within configured expected overlap=10.000s",interrupted_2026-09-17_C238,No automatic action; retain for inventory evidence.
I8102725adf6f8b71,interrupted_2026-09-17_C238,interrupted_2026-09-17,TEMPORAL_OVERLAP,INFO,"overlap_sec=10.000, overlap_ratio=0.083333; within configured expected overlap=10.000s",interrupted_2026-09-17_C237,No automatic action; retain for inventory evidence.
I04428cf6882a43b0,interrupted_2026-09-17_C238,interrupted_2026-09-17,TEMPORAL_OVERLAP,INFO,"overlap_sec=10.000, overlap_ratio=0.083333; within configured expected overlap=10.000s",interrupted_2026-09-17_C239,No automatic action; retain for inventory evidence.
I68aac49b8970d7df,interrupted_2026-09-17_C239,interrupted_2026-09-17,TEMPORAL_OVERLAP,INFO,"overlap_sec=10.000, overlap_ratio=0.083333; within configured expected overlap=10.000s",interrupted_2026-09-17_C238,No automatic action; retain for inventory evidence.
Ib1c33c9ac27aedcd,interrupted_2026-09-17_C239,interrupted_2026-09-17,TEMPORAL_OVERLAP,INFO,"overlap_sec=10.000, overlap_ratio=0.083333; within configured expected overlap=10.000s",interrupted_2026-09-17_C240,No automatic action; retain for inventory evidence.
I8e9348d8dd41e8d5,interrupted_2026-09-17_C240,interrupted_2026-09-17,TEMPORAL_OVERLAP,INFO,"overlap_sec=10.000, overlap_ratio=0.083333; within configured expected overlap=10.000s",interrupted_2026-09-17_C239,No automatic action; retain for inventory evidence.
Iae2291cf0d9fda83,interrupted_2026-09-17_C240,interrupted_2026-09-17,TEMPORAL_OVERLAP,INFO,"overlap_sec=10.000, overlap_ratio=0.083333; within configured expected overlap=10.000s",interrupted_2026-09-17_C241,No automatic action; retain for inventory evidence.
I9112eede5cb61674,interrupted_2026-09-17_C241,interrupted_2026-09-17,TEMPORAL_OVERLAP,INFO,"overlap_sec=10.000, overlap_ratio=0.083333; within configured expected overlap=10.000s",interrupted_2026-09-17_C240,No automatic action; retain for inventory evidence.
I462b5239c7439e20,interrupted_2026-09-17_C241,interrupted_2026-09-17,TEMPORAL_OVERLAP,INFO,"overlap_sec=10.000, overlap_ratio=0.083333; within configured expected overlap=10.000s",interrupted_2026-09-17_C242,No automatic action; retain for inventory evidence.
I71b7300a42d73360,interrupted_2026-09-17_C242,interrupted_2026-09-17,TEMPORAL_OVERLAP,INFO,"overlap_sec=10.000, overlap_ratio=0.083333; within configured expected overlap=10.000s",interrupted_2026-09-17_C241,No automatic action; retain for inventory evidence.
I3efcd59fee9219b9,interrupted_2026-09-17_C242,interrupted_2026-09-17,TEMPORAL_OVERLAP,INFO,"overlap_sec=10.000, overlap_ratio=0.083333; within configured expected overlap=10.000s",interrupted_2026-09-17_C243,No automatic action; retain for inventory evidence.
Ic99aa2de3f9560bb,interrupted_2026-09-17_C243,interrupted_2026-09-17,TEMPORAL_OVERLAP,INFO,"overlap_sec=10.000, overlap_ratio=0.083333; within configured expected overlap=10.000s",interrupted_2026-09-17_C242,No automatic action; retain for inventory evidence.
I91571dcd5a51ff43,interrupted_2026-09-17_C243,interrupted_2026-09-17,TEMPORAL_OVERLAP,INFO,"overlap_sec=10.000, overlap_ratio=0.083333; within configured expected overlap=10.000s",interrupted_2026-09-17_C244,No automatic action; retain for inventory evidence.
Ic03a8435c1343d12,interrupted_2026-09-17_C244,interrupted_2026-09-17,TEMPORAL_OVERLAP,INFO,"overlap_sec=10.000, overlap_ratio=0.083333; within configured expected overlap=10.000s",interrupted_2026-09-17_C243,No automatic action; retain for inventory evidence.
Idc70ae463f4eef67,interrupted_2026-09-17_C244,interrupted_2026-09-17,TEMPORAL_OVERLAP,INFO,"overlap_sec=10.000, overlap_ratio=0.083333; within configured expected overlap=10.000s",interrupted_2026-09-17_C245,No automatic action; retain for inventory evidence.
Iac59aa182e02b7c2,interrupted_2026-09-17_C245,interrupted_2026-09-17,TEMPORAL_OVERLAP,INFO,"overlap_sec=10.000, overlap_ratio=0.083333; within configured expected overlap=10.000s",interrupted_2026-09-17_C244,No automatic action; retain for inventory evidence.
Iaf616dd9ea0c7273,interrupted_2026-09-17_C245,interrupted_2026-09-17,TEMPORAL_OVERLAP,INFO,"overlap_sec=10.000, overlap_ratio=0.083333; within configured expected overlap=10.000s",interrupted_2026-09-17_C246,No automatic action; retain for inventory evidence.
If754eb273522f3f1,interrupted_2026-09-17_C246,interrupted_2026-09-17,TEMPORAL_OVERLAP,INFO,"overlap_sec=10.000, overlap_ratio=0.083333; within configured expected overlap=10.000s",interrupted_2026-09-17_C245,No automatic action; retain for inventory evidence.
Ib4a2bdbf9f885718,interrupted_2026-09-17_C246,interrupted_2026-09-17,TEMPORAL_OVERLAP,INFO,"overlap_sec=10.000, overlap_ratio=0.083333; within configured expected overlap=10.000s",interrupted_2026-09-17_C247,No automatic action; retain for inventory evidence.
If3437141ff15366b,interrupted_2026-09-17_C247,interrupted_2026-09-17,TEMPORAL_OVERLAP,INFO,"overlap_sec=10.000, overlap_ratio=0.083333; within configured expected overlap=10.000s",interrupted_2026-09-17_C246,No automatic action; retain for inventory evidence.
Ifcf0874bf78c6f0f,interrupted_2026-09-17_C247,interrupted_2026-09-17,TEMPORAL_OVERLAP,INFO,"overlap_sec=10.000, overlap_ratio=0.083333; within configured expected overlap=10.000s",interrupted_2026-09-17_C248,No automatic action; retain for inventory evidence.
I38a9678bea098d1c,interrupted_2026-09-17_C248,interrupted_2026-09-17,TEMPORAL_OVERLAP,INFO,"overlap_sec=10.000, overlap_ratio=0.083333; within configured expected overlap=10.000s",interrupted_2026-09-17_C247,No automatic action; retain for inventory evidence.
I27f0d9e29fe424f5,interrupted_2026-09-17_C248,interrupted_2026-09-17,TEMPORAL_OVERLAP,INFO,"overlap_sec=10.000, overlap_ratio=0.083333; within configured expected overlap=10.000s",interrupted_2026-09-17_C249,No automatic action; retain for inventory evidence.
Id4d28d664583654b,interrupted_2026-09-17_C249,interrupted_2026-09-17,TEMPORAL_OVERLAP,INFO,"overlap_sec=10.000, overlap_ratio=0.083333; within configured expected overlap=10.000s",interrupted_2026-09-17_C248,No automatic action; retain for inventory evidence.
I0520ed755e8d9d35,interrupted_2026-09-17_C249,interrupted_2026-09-17,TEMPORAL_OVERLAP,INFO,"overlap_sec=10.000, overlap_ratio=0.083333; within configured expected overlap=10.000s",interrupted_2026-09-17_C250,No automatic action; retain for inventory evidence.
I64d0aab8040e5030,interrupted_2026-09-17_C250,interrupted_2026-09-17,TEMPORAL_OVERLAP,INFO,"overlap_sec=10.000, overlap_ratio=0.083333; within configured expected overlap=10.000s",interrupted_2026-09-17_C249,No automatic action; retain for inventory evidence.
I6e7c08cdfa4072f8,interrupted_2026-09-17_C250,interrupted_2026-09-17,TEMPORAL_OVERLAP,INFO,"overlap_sec=10.000, overlap_ratio=0.083333; within configured expected overlap=10.000s",interrupted_2026-09-17_C251,No automatic action; retain for inventory evidence.
I76c0c46d72360cbb,interrupted_2026-09-17_C251,interrupted_2026-09-17,TEMPORAL_OVERLAP,INFO,"overlap_sec=10.000, overlap_ratio=0.083333; within configured expected overlap=10.000s",interrupted_2026-09-17_C250,No automatic action; retain for inventory evidence.
I8e66932788154fa0,interrupted_2026-09-17_C251,interrupted_2026-09-17,TEMPORAL_OVERLAP,INFO,"overlap_sec=10.000, overlap_ratio=0.083333; within configured expected overlap=10.000s",interrupted_2026-09-17_C252,No automatic action; retain for inventory evidence.
Idbe7ba578ad7ffcc,interrupted_2026-09-17_C252,interrupted_2026-09-17,TEMPORAL_OVERLAP,INFO,"overlap_sec=10.000, overlap_ratio=0.083333; within configured expected overlap=10.000s",interrupted_2026-09-17_C251,No automatic action; retain for inventory evidence.
Iab438b29d71ab93f,interrupted_2026-09-17_C252,interrupted_2026-09-17,TEMPORAL_OVERLAP,INFO,"overlap_sec=10.000, overlap_ratio=0.083333; within configured expected overlap=10.000s",interrupted_2026-09-17_C253,No automatic action; retain for inventory evidence.
I9bce66821bd773a3,interrupted_2026-09-17_C253,interrupted_2026-09-17,TEMPORAL_OVERLAP,INFO,"overlap_sec=10.000, overlap_ratio=0.083333; within configured expected overlap=10.000s",interrupted_2026-09-17_C252,No automatic action; retain for inventory evidence.
Id3aa7e359845e900,interrupted_2026-09-17_C253,interrupted_2026-09-17,TEMPORAL_OVERLAP,INFO,"overlap_sec=10.000, overlap_ratio=0.083333; within configured expected overlap=10.000s",interrupted_2026-09-17_C254,No automatic action; retain for inventory evidence.
Ibcb629b546e91f97,interrupted_2026-09-17_C254,interrupted_2026-09-17,TEMPORAL_OVERLAP,INFO,"overlap_sec=10.000, overlap_ratio=0.083333; within configured expected overlap=10.000s",interrupted_2026-09-17_C253,No automatic action; retain for inventory evidence.
I1c343c2931d154cf,interrupted_2026-09-17_C254,interrupted_2026-09-17,TEMPORAL_OVERLAP,INFO,"overlap_sec=10.000, overlap_ratio=0.083333; within configured expected overlap=10.000s",interrupted_2026-09-17_C255,No automatic action; retain for inventory evidence.
I751331246422fbe4,interrupted_2026-09-17_C255,interrupted_2026-09-17,TEMPORAL_OVERLAP,INFO,"overlap_sec=10.000, overlap_ratio=0.083333; within configured expected overlap=10.000s",interrupted_2026-09-17_C254,No automatic action; retain for inventory evidence.
I5ccd55b1c064f4d3,interrupted_2026-09-17_C255,interrupted_2026-09-17,TEMPORAL_OVERLAP,INFO,"overlap_sec=10.000, overlap_ratio=0.083333; within configured expected overlap=10.000s",interrupted_2026-09-17_C256,No automatic action; retain for inventory evidence.
I9ef12a784d97aaff,interrupted_2026-09-17_C256,interrupted_2026-09-17,TEMPORAL_OVERLAP,INFO,"overlap_sec=10.000, overlap_ratio=0.083333; within configured expected overlap=10.000s",interrupted_2026-09-17_C255,No automatic action; retain for inventory evidence.
Iadcd5d46408aacd0,interrupted_2026-09-17_C256,interrupted_2026-09-17,TEMPORAL_OVERLAP,INFO,"overlap_sec=10.000, overlap_ratio=0.083333; within configured expected overlap=10.000s",interrupted_2026-09-17_C257,No automatic action; retain for inventory evidence.
Id33f1fb95de3a1d5,interrupted_2026-09-17_C257,interrupted_2026-09-17,TEMPORAL_OVERLAP,INFO,"overlap_sec=10.000, overlap_ratio=0.083333; within configured expected overlap=10.000s",interrupted_2026-09-17_C256,No automatic action; retain for inventory evidence.
I9096c6c0c119048e,interrupted_2026-09-17_C257,interrupted_2026-09-17,TEMPORAL_OVERLAP,INFO,"overlap_sec=10.000, overlap_ratio=0.083333; within configured expected overlap=10.000s",interrupted_2026-09-17_C258,No automatic action; retain for inventory evidence.
I5b1de42449720132,interrupted_2026-09-17_C258,interrupted_2026-09-17,TEMPORAL_OVERLAP,INFO,"overlap_sec=10.000, overlap_ratio=0.083333; within configured expected overlap=10.000s",interrupted_2026-09-17_C257,No automatic action; retain for inventory evidence.
I1b88702349a205e3,interrupted_2026-09-17_C258,interrupted_2026-09-17,TEMPORAL_OVERLAP,INFO,"overlap_sec=10.000, overlap_ratio=0.083333; within configured expected overlap=10.000s",interrupted_2026-09-17_C259,No automatic action; retain for inventory evidence.
Ifec50f35e3c7af08,interrupted_2026-09-17_C259,interrupted_2026-09-17,TEMPORAL_OVERLAP,INFO,"overlap_sec=10.000, overlap_ratio=0.083333; within configured expected overlap=10.000s",interrupted_2026-09-17_C258,No automatic action; retain for inventory evidence.
I13fe0866d9384c50,interrupted_2026-09-17_C259,interrupted_2026-09-17,TEMPORAL_OVERLAP,INFO,"overlap_sec=10.000, overlap_ratio=0.083333; within configured expected overlap=10.000s",interrupted_2026-09-17_C260,No automatic action; retain for inventory evidence.
I20e843c08669b18d,interrupted_2026-09-17_C260,interrupted_2026-09-17,TEMPORAL_OVERLAP,INFO,"overlap_sec=10.000, overlap_ratio=0.083333; within configured expected overlap=10.000s",interrupted_2026-09-17_C259,No automatic action; retain for inventory evidence.
I235b609d9c7b881a,interrupted_2026-09-17_C260,interrupted_2026-09-17,TEMPORAL_OVERLAP,INFO,"overlap_sec=10.000, overlap_ratio=0.083333; within configured expected overlap=10.000s",interrupted_2026-09-17_C261,No automatic action; retain for inventory evidence.
Ifa870c5e668ca78e,interrupted_2026-09-17_C261,interrupted_2026-09-17,TEMPORAL_OVERLAP,INFO,"overlap_sec=10.000, overlap_ratio=0.083333; within configured expected overlap=10.000s",interrupted_2026-09-17_C260,No automatic action; retain for inventory evidence.
I94a8319b11b0ecf6,interrupted_2026-09-17_C261,interrupted_2026-09-17,TEMPORAL_OVERLAP,INFO,"overlap_sec=10.000, overlap_ratio=0.083333; within configured expected overlap=10.000s",interrupted_2026-09-17_C262,No automatic action; retain for inventory evidence.
I750351fa50f6d86e,interrupted_2026-09-17_C262,interrupted_2026-09-17,TEMPORAL_OVERLAP,INFO,"overlap_sec=10.000, overlap_ratio=0.083333; within configured expected overlap=10.000s",interrupted_2026-09-17_C261,No automatic action; retain for inventory evidence.
I43e6b6eaf85132b9,interrupted_2026-09-17_C262,interrupted_2026-09-17,TEMPORAL_OVERLAP,INFO,"overlap_sec=10.000, overlap_ratio=0.083333; within configured expected overlap=10.000s",interrupted_2026-09-17_C263,No automatic action; retain for inventory evidence.
I6012db648d432b5e,interrupted_2026-09-17_C263,interrupted_2026-09-17,TEMPORAL_OVERLAP,INFO,"overlap_sec=10.000, overlap_ratio=0.083333; within configured expected overlap=10.000s",interrupted_2026-09-17_C262,No automatic action; retain for inventory evidence.
I78e570d827e30f42,interrupted_2026-09-17_C263,interrupted_2026-09-17,TEMPORAL_OVERLAP,INFO,"overlap_sec=10.000, overlap_ratio=0.083333; within configured expected overlap=10.000s",interrupted_2026-09-17_C264,No automatic action; retain for inventory evidence.
Ieb7c689907eed8dc,interrupted_2026-09-17_C264,interrupted_2026-09-17,TEMPORAL_OVERLAP,INFO,"overlap_sec=10.000, overlap_ratio=0.083333; within configured expected overlap=10.000s",interrupted_2026-09-17_C263,No automatic action; retain for inventory evidence.
I53cdd7ff0efda54f,interrupted_2026-09-17_C264,interrupted_2026-09-17,TEMPORAL_OVERLAP,INFO,"overlap_sec=10.000, overlap_ratio=0.083333; within configured expected overlap=10.000s",interrupted_2026-09-17_C265,No automatic action; retain for inventory evidence.
I7bd161bd63cc7cb5,interrupted_2026-09-17_C265,interrupted_2026-09-17,TEMPORAL_OVERLAP,INFO,"overlap_sec=10.000, overlap_ratio=0.083333; within configured expected overlap=10.000s",interrupted_2026-09-17_C264,No automatic action; retain for inventory evidence.
Ia6abade5699e7faf,interrupted_2026-09-17_C265,interrupted_2026-09-17,TEMPORAL_OVERLAP,INFO,"overlap_sec=10.000, overlap_ratio=0.083333; within configured expected overlap=10.000s",interrupted_2026-09-17_C266,No automatic action; retain for inventory evidence.
I1e248983d5a90666,interrupted_2026-09-17_C266,interrupted_2026-09-17,TEMPORAL_OVERLAP,INFO,"overlap_sec=10.000, overlap_ratio=0.083333; within configured expected overlap=10.000s",interrupted_2026-09-17_C265,No automatic action; retain for inventory evidence.
I715e73440b308b89,interrupted_2026-09-17_C266,interrupted_2026-09-17,TEMPORAL_OVERLAP,INFO,"overlap_sec=10.000, overlap_ratio=0.083333; within configured expected overlap=10.000s",interrupted_2026-09-17_C267,No automatic action; retain for inventory evidence.
I89366fce2cd3c176,interrupted_2026-09-17_C267,interrupted_2026-09-17,TEMPORAL_OVERLAP,INFO,"overlap_sec=10.000, overlap_ratio=0.083333; within configured expected overlap=10.000s",interrupted_2026-09-17_C266,No automatic action; retain for inventory evidence.
Ica1052353a5ae131,interrupted_2026-09-17_C267,interrupted_2026-09-17,TEMPORAL_OVERLAP,INFO,"overlap_sec=10.000, overlap_ratio=0.083333; within configured expected overlap=10.000s",interrupted_2026-09-17_C268,No automatic action; retain for inventory evidence.
I56e85cdb98e6ad96,interrupted_2026-09-17_C268,interrupted_2026-09-17,TEMPORAL_OVERLAP,INFO,"overlap_sec=10.000, overlap_ratio=0.083333; within configured expected overlap=10.000s",interrupted_2026-09-17_C267,No automatic action; retain for inventory evidence.
I73ea07e4921bd45f,interrupted_2026-09-17_C268,interrupted_2026-09-17,TEMPORAL_OVERLAP,INFO,"overlap_sec=10.000, overlap_ratio=0.083333; within configured expected overlap=10.000s",interrupted_2026-09-17_C269,No automatic action; retain for inventory evidence.
If8bf71af9ce930cc,interrupted_2026-09-17_C269,interrupted_2026-09-17,TEMPORAL_OVERLAP,INFO,"overlap_sec=10.000, overlap_ratio=0.083333; within configured expected overlap=10.000s",interrupted_2026-09-17_C268,No automatic action; retain for inventory evidence.
Ief58361716b2b98e,interrupted_2026-09-17_C269,interrupted_2026-09-17,TEMPORAL_OVERLAP,INFO,"overlap_sec=10.000, overlap_ratio=0.083333; within configured expected overlap=10.000s",interrupted_2026-09-17_C270,No automatic action; retain for inventory evidence.
I77d5b78fd3da4b31,interrupted_2026-09-17_C270,interrupted_2026-09-17,TEMPORAL_OVERLAP,INFO,"overlap_sec=10.000, overlap_ratio=0.083333; within configured expected overlap=10.000s",interrupted_2026-09-17_C269,No automatic action; retain for inventory evidence.
Ib0e23cb65573b44e,interrupted_2026-09-17_C270,interrupted_2026-09-17,TEMPORAL_OVERLAP,INFO,"overlap_sec=10.000, overlap_ratio=0.083333; within configured expected overlap=10.000s",interrupted_2026-09-17_C271,No automatic action; retain for inventory evidence.
I04a1c958e8de5321,interrupted_2026-09-17_C271,interrupted_2026-09-17,TEMPORAL_OVERLAP,INFO,"overlap_sec=10.000, overlap_ratio=0.083333; within configured expected overlap=10.000s",interrupted_2026-09-17_C270,No automatic action; retain for inventory evidence.
Ibb41803ae6b58438,interrupted_2026-09-17_C271,interrupted_2026-09-17,TEMPORAL_OVERLAP,INFO,"overlap_sec=10.000, overlap_ratio=0.083333; within configured expected overlap=10.000s",interrupted_2026-09-17_C272,No automatic action; retain for inventory evidence.
Ibbbf74adb5dffda0,interrupted_2026-09-17_C272,interrupted_2026-09-17,TEMPORAL_OVERLAP,INFO,"overlap_sec=10.000, overlap_ratio=0.083333; within configured expected overlap=10.000s",interrupted_2026-09-17_C271,No automatic action; retain for inventory evidence.
Ib845bcd5ae958c10,interrupted_2026-09-17_C272,interrupted_2026-09-17,TEMPORAL_OVERLAP,INFO,"overlap_sec=10.000, overlap_ratio=0.083333; within configured expected overlap=10.000s",interrupted_2026-09-17_C273,No automatic action; retain for inventory evidence.
Ic4cddfb352985d4e,interrupted_2026-09-17_C273,interrupted_2026-09-17,TEMPORAL_OVERLAP,INFO,"overlap_sec=10.000, overlap_ratio=0.083333; within configured expected overlap=10.000s",interrupted_2026-09-17_C272,No automatic action; retain for inventory evidence.
I7899132dab06a38c,interrupted_2026-09-17_C273,interrupted_2026-09-17,TEMPORAL_OVERLAP,INFO,"overlap_sec=10.000, overlap_ratio=0.083333; within configured expected overlap=10.000s",interrupted_2026-09-17_C274,No automatic action; retain for inventory evidence.
Ia1c7455b4c00157a,interrupted_2026-09-17_C274,interrupted_2026-09-17,TEMPORAL_OVERLAP,INFO,"overlap_sec=10.000, overlap_ratio=0.083333; within configured expected overlap=10.000s",interrupted_2026-09-17_C273,No automatic action; retain for inventory evidence.
Icf7ed55bcf696017,interrupted_2026-09-17_C274,interrupted_2026-09-17,TEMPORAL_OVERLAP,INFO,"overlap_sec=10.000, overlap_ratio=0.083333; within configured expected overlap=10.000s",interrupted_2026-09-17_C275,No automatic action; retain for inventory evidence.
I56d85ea48d147cfc,interrupted_2026-09-17_C275,interrupted_2026-09-17,TEMPORAL_OVERLAP,INFO,"overlap_sec=10.000, overlap_ratio=0.083333; within configured expected overlap=10.000s",interrupted_2026-09-17_C274,No automatic action; retain for inventory evidence.
I960a4fc225e723a9,interrupted_2026-09-17_C275,interrupted_2026-09-17,TEMPORAL_OVERLAP,INFO,"overlap_sec=10.000, overlap_ratio=0.083333; within configured expected overlap=10.000s",interrupted_2026-09-17_C276,No automatic action; retain for inventory evidence.
Iaf6cbc4a4be75604,interrupted_2026-09-17_C276,interrupted_2026-09-17,TEMPORAL_OVERLAP,INFO,"overlap_sec=10.000, overlap_ratio=0.083333; within configured expected overlap=10.000s",interrupted_2026-09-17_C275,No automatic action; retain for inventory evidence.
I5f33566721ea0e04,interrupted_2026-09-17_C276,interrupted_2026-09-17,TEMPORAL_OVERLAP,INFO,"overlap_sec=10.000, overlap_ratio=0.083333; within configured expected overlap=10.000s",interrupted_2026-09-17_C277,No automatic action; retain for inventory evidence.
I8aaeab72f35ff5d3,interrupted_2026-09-17_C277,interrupted_2026-09-17,TEMPORAL_OVERLAP,INFO,"overlap_sec=10.000, overlap_ratio=0.083333; within configured expected overlap=10.000s",interrupted_2026-09-17_C276,No automatic action; retain for inventory evidence.
Ibc2bad7e72dc5a13,interrupted_2026-09-17_C277,interrupted_2026-09-17,TEMPORAL_OVERLAP,INFO,"overlap_sec=10.000, overlap_ratio=0.083333; within configured expected overlap=10.000s",interrupted_2026-09-17_C278,No automatic action; retain for inventory evidence.
I6814899139ecda00,interrupted_2026-09-17_C278,interrupted_2026-09-17,TEMPORAL_OVERLAP,INFO,"overlap_sec=10.000, overlap_ratio=0.083333; within configured expected overlap=10.000s",interrupted_2026-09-17_C277,No automatic action; retain for inventory evidence.
I7a3ded8c3c69c768,interrupted_2026-09-17_C278,interrupted_2026-09-17,TEMPORAL_OVERLAP,INFO,"overlap_sec=10.000, overlap_ratio=0.083333; within configured expected overlap=10.000s",interrupted_2026-09-17_C279,No automatic action; retain for inventory evidence.
Ica82788c536e5f23,interrupted_2026-09-17_C279,interrupted_2026-09-17,TEMPORAL_OVERLAP,INFO,"overlap_sec=10.000, overlap_ratio=0.083333; within configured expected overlap=10.000s",interrupted_2026-09-17_C278,No automatic action; retain for inventory evidence.
I8840319c7cdf2795,interrupted_2026-09-17_C279,interrupted_2026-09-17,TEMPORAL_OVERLAP,INFO,"overlap_sec=10.000, overlap_ratio=0.083333; within configured expected overlap=10.000s",interrupted_2026-09-17_C280,No automatic action; retain for inventory evidence.
Ia60244d101e6d948,interrupted_2026-09-17_C280,interrupted_2026-09-17,TEMPORAL_OVERLAP,INFO,"overlap_sec=10.000, overlap_ratio=0.083333; within configured expected overlap=10.000s",interrupted_2026-09-17_C279,No automatic action; retain for inventory evidence.
I666c2e055aa914b3,interrupted_2026-09-17_C280,interrupted_2026-09-17,TEMPORAL_OVERLAP,INFO,"overlap_sec=10.000, overlap_ratio=0.083333; within configured expected overlap=10.000s",interrupted_2026-09-17_C281,No automatic action; retain for inventory evidence.
I00c56d16f16f58e7,interrupted_2026-09-17_C281,interrupted_2026-09-17,TEMPORAL_OVERLAP,INFO,"overlap_sec=10.000, overlap_ratio=0.083333; within configured expected overlap=10.000s",interrupted_2026-09-17_C280,No automatic action; retain for inventory evidence.
Iba3912360df15fc6,interrupted_2026-09-17_C281,interrupted_2026-09-17,TEMPORAL_OVERLAP,INFO,"overlap_sec=10.000, overlap_ratio=0.083333; within configured expected overlap=10.000s",interrupted_2026-09-17_C282,No automatic action; retain for inventory evidence.
Iae0f7850cbd1fb5a,interrupted_2026-09-17_C282,interrupted_2026-09-17,TEMPORAL_OVERLAP,INFO,"overlap_sec=10.000, overlap_ratio=0.083333; within configured expected overlap=10.000s",interrupted_2026-09-17_C281,No automatic action; retain for inventory evidence.
Ia596fa5a071359a5,interrupted_2026-09-17_C282,interrupted_2026-09-17,TEMPORAL_OVERLAP,INFO,"overlap_sec=10.000, overlap_ratio=0.083333; within configured expected overlap=10.000s",interrupted_2026-09-17_C283,No automatic action; retain for inventory evidence.
I1ea758a1e0b0806a,interrupted_2026-09-17_C283,interrupted_2026-09-17,TEMPORAL_OVERLAP,INFO,"overlap_sec=10.000, overlap_ratio=0.083333; within configured expected overlap=10.000s",interrupted_2026-09-17_C282,No automatic action; retain for inventory evidence.
Ifa3d26fd71d5e206,interrupted_2026-09-17_C283,interrupted_2026-09-17,TEMPORAL_OVERLAP,INFO,"overlap_sec=10.000, overlap_ratio=0.083333; within configured expected overlap=10.000s",interrupted_2026-09-17_C284,No automatic action; retain for inventory evidence.
Ic6d3196afe6a93ec,interrupted_2026-09-17_C284,interrupted_2026-09-17,TEMPORAL_OVERLAP,INFO,"overlap_sec=10.000, overlap_ratio=0.083333; within configured expected overlap=10.000s",interrupted_2026-09-17_C283,No automatic action; retain for inventory evidence.
I9ab512f85b74fcab,interrupted_2026-09-17_C284,interrupted_2026-09-17,TEMPORAL_OVERLAP,INFO,"overlap_sec=10.000, overlap_ratio=0.083333; within configured expected overlap=10.000s",interrupted_2026-09-17_C285,No automatic action; retain for inventory evidence.
I0ceba7aaaf1cd80d,interrupted_2026-09-17_C285,interrupted_2026-09-17,TEMPORAL_OVERLAP,INFO,"overlap_sec=10.000, overlap_ratio=0.083333; within configured expected overlap=10.000s",interrupted_2026-09-17_C284,No automatic action; retain for inventory evidence.
I4fca0924ee824e89,interrupted_2026-09-17_C285,interrupted_2026-09-17,TEMPORAL_OVERLAP,INFO,"overlap_sec=10.000, overlap_ratio=0.083333; within configured expected overlap=10.000s",interrupted_2026-09-17_C286,No automatic action; retain for inventory evidence.
If6ffcb205db85d82,interrupted_2026-09-17_C286,interrupted_2026-09-17,TEMPORAL_OVERLAP,INFO,"overlap_sec=10.000, overlap_ratio=0.083333; within configured expected overlap=10.000s",interrupted_2026-09-17_C285,No automatic action; retain for inventory evidence.
I1206518a43b78d78,interrupted_2026-09-17_C286,interrupted_2026-09-17,TEMPORAL_OVERLAP,INFO,"overlap_sec=10.000, overlap_ratio=0.083333; within configured expected overlap=10.000s",interrupted_2026-09-17_C287,No automatic action; retain for inventory evidence.
Iee46e26ddc632bad,interrupted_2026-09-17_C287,interrupted_2026-09-17,TEMPORAL_OVERLAP,INFO,"overlap_sec=10.000, overlap_ratio=0.083333; within configured expected overlap=10.000s",interrupted_2026-09-17_C286,No automatic action; retain for inventory evidence.
I00bb63288848d144,interrupted_2026-09-17_C287,interrupted_2026-09-17,TEMPORAL_OVERLAP,INFO,"overlap_sec=10.000, overlap_ratio=0.083333; within configured expected overlap=10.000s",interrupted_2026-09-17_C288,No automatic action; retain for inventory evidence.
Ib2e26aebca15f370,interrupted_2026-09-17_C288,interrupted_2026-09-17,TEMPORAL_OVERLAP,INFO,"overlap_sec=10.000, overlap_ratio=0.083333; within configured expected overlap=10.000s",interrupted_2026-09-17_C287,No automatic action; retain for inventory evidence.
I87f38c44d07f694d,interrupted_2026-09-17_C288,interrupted_2026-09-17,TEMPORAL_OVERLAP,INFO,"overlap_sec=10.000, overlap_ratio=0.083333; within configured expected overlap=10.000s",interrupted_2026-09-17_C289,No automatic action; retain for inventory evidence.
Id475e919b6e15de9,interrupted_2026-09-17_C289,interrupted_2026-09-17,TEMPORAL_OVERLAP,INFO,"overlap_sec=10.000, overlap_ratio=0.083333; within configured expected overlap=10.000s",interrupted_2026-09-17_C288,No automatic action; retain for inventory evidence.
I5b4d897436966918,interrupted_2026-09-17_C289,interrupted_2026-09-17,TEMPORAL_OVERLAP,INFO,"overlap_sec=10.000, overlap_ratio=0.083333; within configured expected overlap=10.000s",interrupted_2026-09-17_C290,No automatic action; retain for inventory evidence.
I77fb9e2123b7a537,interrupted_2026-09-17_C290,interrupted_2026-09-17,TEMPORAL_OVERLAP,INFO,"overlap_sec=10.000, overlap_ratio=0.083333; within configured expected overlap=10.000s",interrupted_2026-09-17_C289,No automatic action; retain for inventory evidence.
If28c89b19ae156a6,interrupted_2026-09-17_C290,interrupted_2026-09-17,TEMPORAL_OVERLAP,INFO,"overlap_sec=10.000, overlap_ratio=0.083333; within configured expected overlap=10.000s",interrupted_2026-09-17_C291,No automatic action; retain for inventory evidence.
I1dc5409fb8da7e9f,interrupted_2026-09-17_C291,interrupted_2026-09-17,TEMPORAL_OVERLAP,INFO,"overlap_sec=10.000, overlap_ratio=0.083333; within configured expected overlap=10.000s",interrupted_2026-09-17_C290,No automatic action; retain for inventory evidence.
I77d8b68dedb36651,interrupted_2026-09-17_C291,interrupted_2026-09-17,TEMPORAL_OVERLAP,INFO,"overlap_sec=10.000, overlap_ratio=0.083333; within configured expected overlap=10.000s",interrupted_2026-09-17_C292,No automatic action; retain for inventory evidence.
I6b7c68f17623d078,interrupted_2026-09-17_C292,interrupted_2026-09-17,TEMPORAL_OVERLAP,INFO,"overlap_sec=10.000, overlap_ratio=0.083333; within configured expected overlap=10.000s",interrupted_2026-09-17_C291,No automatic action; retain for inventory evidence.
I4c114d06d21587fe,interrupted_2026-09-17_C292,interrupted_2026-09-17,TEMPORAL_OVERLAP,INFO,"overlap_sec=10.000, overlap_ratio=0.083333; within configured expected overlap=10.000s",interrupted_2026-09-17_C293,No automatic action; retain for inventory evidence.
I94a780fd050ae30e,interrupted_2026-09-17_C293,interrupted_2026-09-17,TEMPORAL_OVERLAP,INFO,"overlap_sec=10.000, overlap_ratio=0.083333; within configured expected overlap=10.000s",interrupted_2026-09-17_C292,No automatic action; retain for inventory evidence.
I3f165428f2c62767,interrupted_2026-09-17_C293,interrupted_2026-09-17,TEMPORAL_OVERLAP,INFO,"overlap_sec=10.000, overlap_ratio=0.083333; within configured expected overlap=10.000s",interrupted_2026-09-17_C294,No automatic action; retain for inventory evidence.
I5779e7b02c41a918,interrupted_2026-09-17_C294,interrupted_2026-09-17,TEMPORAL_OVERLAP,INFO,"overlap_sec=10.000, overlap_ratio=0.083333; within configured expected overlap=10.000s",interrupted_2026-09-17_C293,No automatic action; retain for inventory evidence.
I0a504a90cebd975e,interrupted_2026-09-17_C294,interrupted_2026-09-17,TEMPORAL_OVERLAP,INFO,"overlap_sec=10.000, overlap_ratio=0.083333; within configured expected overlap=10.000s",interrupted_2026-09-17_C295,No automatic action; retain for inventory evidence.
Ifec4926ad64f3d64,interrupted_2026-09-17_C295,interrupted_2026-09-17,TEMPORAL_OVERLAP,INFO,"overlap_sec=10.000, overlap_ratio=0.083333; within configured expected overlap=10.000s",interrupted_2026-09-17_C294,No automatic action; retain for inventory evidence.
I198fc7a0d8a55306,interrupted_2026-09-17_C295,interrupted_2026-09-17,TEMPORAL_OVERLAP,INFO,"overlap_sec=10.000, overlap_ratio=0.083333; within configured expected overlap=10.000s",interrupted_2026-09-17_C296,No automatic action; retain for inventory evidence.
I0d76a6d4cc7d8cb8,interrupted_2026-09-17_C296,interrupted_2026-09-17,TEMPORAL_OVERLAP,INFO,"overlap_sec=10.000, overlap_ratio=0.083333; within configured expected overlap=10.000s",interrupted_2026-09-17_C295,No automatic action; retain for inventory evidence.
If45754984ff14e45,interrupted_2026-09-17_C296,interrupted_2026-09-17,TEMPORAL_OVERLAP,INFO,"overlap_sec=10.000, overlap_ratio=0.083333; within configured expected overlap=10.000s",interrupted_2026-09-17_C297,No automatic action; retain for inventory evidence.
I522ed71e1f75049a,interrupted_2026-09-17_C297,interrupted_2026-09-17,TEMPORAL_OVERLAP,INFO,"overlap_sec=10.000, overlap_ratio=0.083333; within configured expected overlap=10.000s",interrupted_2026-09-17_C296,No automatic action; retain for inventory evidence.
I5b1889932d1c4525,interrupted_2026-09-17_C297,interrupted_2026-09-17,TEMPORAL_OVERLAP,INFO,"overlap_sec=10.000, overlap_ratio=0.083333; within configured expected overlap=10.000s",interrupted_2026-09-17_C298,No automatic action; retain for inventory evidence.
I045560a9965b7d36,interrupted_2026-09-17_C298,interrupted_2026-09-17,TEMPORAL_OVERLAP,INFO,"overlap_sec=10.000, overlap_ratio=0.083333; within configured expected overlap=10.000s",interrupted_2026-09-17_C297,No automatic action; retain for inventory evidence.
I08d89e90e4d05ff0,interrupted_2026-09-17_C298,interrupted_2026-09-17,TEMPORAL_OVERLAP,INFO,"overlap_sec=10.000, overlap_ratio=0.083333; within configured expected overlap=10.000s",interrupted_2026-09-17_C299,No automatic action; retain for inventory evidence.
I0ae921c86fbe63cb,interrupted_2026-09-17_C299,interrupted_2026-09-17,TEMPORAL_OVERLAP,INFO,"overlap_sec=10.000, overlap_ratio=0.083333; within configured expected overlap=10.000s",interrupted_2026-09-17_C298,No automatic action; retain for inventory evidence.
Ibedec12887ae09d7,interrupted_2026-09-17_C299,interrupted_2026-09-17,TEMPORAL_OVERLAP,INFO,"overlap_sec=10.000, overlap_ratio=0.083333; within configured expected overlap=10.000s",interrupted_2026-09-17_C300,No automatic action; retain for inventory evidence.
Idb5ca43124ea512e,interrupted_2026-09-17_C300,interrupted_2026-09-17,TEMPORAL_OVERLAP,INFO,"overlap_sec=10.000, overlap_ratio=0.083333; within configured expected overlap=10.000s",interrupted_2026-09-17_C299,No automatic action; retain for inventory evidence.
I8e896d7947bf6241,interrupted_2026-09-17_C300,interrupted_2026-09-17,TEMPORAL_OVERLAP,INFO,"overlap_sec=10.000, overlap_ratio=0.083333; within configured expected overlap=10.000s",interrupted_2026-09-17_C301,No automatic action; retain for inventory evidence.
I838891e4cbcdad6c,interrupted_2026-09-17_C301,interrupted_2026-09-17,TEMPORAL_OVERLAP,INFO,"overlap_sec=10.000, overlap_ratio=0.083333; within configured expected overlap=10.000s",interrupted_2026-09-17_C300,No automatic action; retain for inventory evidence.
I484498a3645955b1,interrupted_2026-09-17_C301,interrupted_2026-09-17,TEMPORAL_OVERLAP,INFO,"overlap_sec=10.000, overlap_ratio=0.083333; within configured expected overlap=10.000s",interrupted_2026-09-17_C302,No automatic action; retain for inventory evidence.
I1e5b29d87c1c445a,interrupted_2026-09-17_C302,interrupted_2026-09-17,TEMPORAL_OVERLAP,INFO,"overlap_sec=10.000, overlap_ratio=0.083333; within configured expected overlap=10.000s",interrupted_2026-09-17_C301,No automatic action; retain for inventory evidence.
Ic292225f64adeaee,interrupted_2026-09-17_C302,interrupted_2026-09-17,TEMPORAL_OVERLAP,INFO,"overlap_sec=10.000, overlap_ratio=0.083333; within configured expected overlap=10.000s",interrupted_2026-09-17_C303,No automatic action; retain for inventory evidence.
I7f8fefcceb285f31,interrupted_2026-09-17_C303,interrupted_2026-09-17,TEMPORAL_OVERLAP,INFO,"overlap_sec=10.000, overlap_ratio=0.083333; within configured expected overlap=10.000s",interrupted_2026-09-17_C302,No automatic action; retain for inventory evidence.
Iefd2a41a317cf078,interrupted_2026-09-17_C303,interrupted_2026-09-17,TEMPORAL_OVERLAP,INFO,"overlap_sec=10.000, overlap_ratio=0.083333; within configured expected overlap=10.000s",interrupted_2026-09-17_C304,No automatic action; retain for inventory evidence.
Ia513a848ad60014c,interrupted_2026-09-17_C304,interrupted_2026-09-17,TEMPORAL_OVERLAP,INFO,"overlap_sec=10.000, overlap_ratio=0.083333; within configured expected overlap=10.000s",interrupted_2026-09-17_C303,No automatic action; retain for inventory evidence.
I0c43c462436d2fff,interrupted_2026-09-17_C304,interrupted_2026-09-17,TEMPORAL_OVERLAP,INFO,"overlap_sec=10.000, overlap_ratio=0.083333; within configured expected overlap=10.000s",interrupted_2026-09-17_C305,No automatic action; retain for inventory evidence.
I92ce86e153a6055f,interrupted_2026-09-17_C305,interrupted_2026-09-17,TEMPORAL_OVERLAP,INFO,"overlap_sec=10.000, overlap_ratio=0.083333; within configured expected overlap=10.000s",interrupted_2026-09-17_C304,No automatic action; retain for inventory evidence.
I468c40e853822d5c,interrupted_2026-09-17_C305,interrupted_2026-09-17,TEMPORAL_OVERLAP,INFO,"overlap_sec=10.000, overlap_ratio=0.083333; within configured expected overlap=10.000s",interrupted_2026-09-17_C306,No automatic action; retain for inventory evidence.
Ibb0a41abd2d39df9,interrupted_2026-09-17_C306,interrupted_2026-09-17,TEMPORAL_OVERLAP,INFO,"overlap_sec=10.000, overlap_ratio=0.083333; within configured expected overlap=10.000s",interrupted_2026-09-17_C305,No automatic action; retain for inventory evidence.
I10acf261811469bc,interrupted_2026-09-17_C306,interrupted_2026-09-17,TEMPORAL_OVERLAP,INFO,"overlap_sec=10.000, overlap_ratio=0.083333; within configured expected overlap=10.000s",interrupted_2026-09-17_C307,No automatic action; retain for inventory evidence.
Ia1b72f94c91f60c2,interrupted_2026-09-17_C307,interrupted_2026-09-17,TEMPORAL_OVERLAP,INFO,"overlap_sec=10.000, overlap_ratio=0.083333; within configured expected overlap=10.000s",interrupted_2026-09-17_C306,No automatic action; retain for inventory evidence.
Ie2d7cb6553e5816f,interrupted_2026-09-17_C307,interrupted_2026-09-17,TEMPORAL_OVERLAP,INFO,"overlap_sec=10.000, overlap_ratio=0.083333; within configured expected overlap=10.000s",interrupted_2026-09-17_C308,No automatic action; retain for inventory evidence.
Id4054c6e394de11e,interrupted_2026-09-17_C308,interrupted_2026-09-17,TEMPORAL_OVERLAP,INFO,"overlap_sec=10.000, overlap_ratio=0.083333; within configured expected overlap=10.000s",interrupted_2026-09-17_C307,No automatic action; retain for inventory evidence.
Icc23dc2ddf52faa4,interrupted_2026-09-17_C308,interrupted_2026-09-17,TEMPORAL_OVERLAP,INFO,"overlap_sec=10.000, overlap_ratio=0.083333; within configured expected overlap=10.000s",interrupted_2026-09-17_C309,No automatic action; retain for inventory evidence.
Iaf2b1354631d5a69,interrupted_2026-09-17_C309,interrupted_2026-09-17,TEMPORAL_OVERLAP,INFO,"overlap_sec=10.000, overlap_ratio=0.083333; within configured expected overlap=10.000s",interrupted_2026-09-17_C308,No automatic action; retain for inventory evidence.
I10a052316ad681ad,interrupted_2026-09-17_C309,interrupted_2026-09-17,TEMPORAL_OVERLAP,INFO,"overlap_sec=10.000, overlap_ratio=0.083333; within configured expected overlap=10.000s",interrupted_2026-09-17_C310,No automatic action; retain for inventory evidence.
I88cff8564d356383,interrupted_2026-09-17_C310,interrupted_2026-09-17,TEMPORAL_OVERLAP,INFO,"overlap_sec=10.000, overlap_ratio=0.083333; within configured expected overlap=10.000s",interrupted_2026-09-17_C309,No automatic action; retain for inventory evidence.
I5983b9a8f80dcd4e,interrupted_2026-09-17_C310,interrupted_2026-09-17,TEMPORAL_OVERLAP,INFO,"overlap_sec=10.000, overlap_ratio=0.083333; within configured expected overlap=10.000s",interrupted_2026-09-17_C311,No automatic action; retain for inventory evidence.
I8a50161f0c9ab613,interrupted_2026-09-17_C311,interrupted_2026-09-17,TEMPORAL_OVERLAP,INFO,"overlap_sec=10.000, overlap_ratio=0.083333; within configured expected overlap=10.000s",interrupted_2026-09-17_C310,No automatic action; retain for inventory evidence.
Ibbacaa07e9276152,interrupted_2026-09-17_C311,interrupted_2026-09-17,TEMPORAL_OVERLAP,INFO,"overlap_sec=10.000, overlap_ratio=0.083333; within configured expected overlap=10.000s",interrupted_2026-09-17_C312,No automatic action; retain for inventory evidence.
I2bd80462f304ee8a,interrupted_2026-09-17_C312,interrupted_2026-09-17,TEMPORAL_OVERLAP,INFO,"overlap_sec=10.000, overlap_ratio=0.083333; within configured expected overlap=10.000s",interrupted_2026-09-17_C311,No automatic action; retain for inventory evidence.
Iec6c0c40ea98e284,interrupted_2026-09-17_C312,interrupted_2026-09-17,TEMPORAL_OVERLAP,INFO,"overlap_sec=10.000, overlap_ratio=0.083333; within configured expected overlap=10.000s",interrupted_2026-09-17_C313,No automatic action; retain for inventory evidence.
I64a2f34d2a30a08e,interrupted_2026-09-17_C313,interrupted_2026-09-17,TEMPORAL_OVERLAP,INFO,"overlap_sec=10.000, overlap_ratio=0.083333; within configured expected overlap=10.000s",interrupted_2026-09-17_C312,No automatic action; retain for inventory evidence.
I378299817c8b51ef,interrupted_2026-09-17_C313,interrupted_2026-09-17,TEMPORAL_OVERLAP,INFO,"overlap_sec=10.000, overlap_ratio=0.083333; within configured expected overlap=10.000s",interrupted_2026-09-17_C314,No automatic action; retain for inventory evidence.
I3d6490205c67833d,interrupted_2026-09-17_C314,interrupted_2026-09-17,TEMPORAL_OVERLAP,INFO,"overlap_sec=10.000, overlap_ratio=0.083333; within configured expected overlap=10.000s",interrupted_2026-09-17_C313,No automatic action; retain for inventory evidence.
Ie5e5a0d7f0ea6193,interrupted_2026-09-17_C314,interrupted_2026-09-17,TEMPORAL_OVERLAP,INFO,"overlap_sec=10.000, overlap_ratio=0.083333; within configured expected overlap=10.000s",interrupted_2026-09-17_C315,No automatic action; retain for inventory evidence.
Ibbd6e29c56e30b24,interrupted_2026-09-17_C315,interrupted_2026-09-17,TEMPORAL_OVERLAP,INFO,"overlap_sec=10.000, overlap_ratio=0.083333; within configured expected overlap=10.000s",interrupted_2026-09-17_C314,No automatic action; retain for inventory evidence.
If719a53099842e35,interrupted_2026-09-17_C315,interrupted_2026-09-17,TEMPORAL_OVERLAP,INFO,"overlap_sec=10.000, overlap_ratio=0.083333; within configured expected overlap=10.000s",interrupted_2026-09-17_C316,No automatic action; retain for inventory evidence.
I7104cb19d24f85c4,interrupted_2026-09-17_C316,interrupted_2026-09-17,TEMPORAL_OVERLAP,INFO,"overlap_sec=10.000, overlap_ratio=0.083333; within configured expected overlap=10.000s",interrupted_2026-09-17_C315,No automatic action; retain for inventory evidence.
Ia8d350ca9a64864a,interrupted_2026-09-17_C316,interrupted_2026-09-17,TEMPORAL_OVERLAP,INFO,"overlap_sec=10.000, overlap_ratio=0.083333; within configured expected overlap=10.000s",interrupted_2026-09-17_C317,No automatic action; retain for inventory evidence.
I60d7d414a70424b8,interrupted_2026-09-17_C317,interrupted_2026-09-17,TEMPORAL_OVERLAP,INFO,"overlap_sec=10.000, overlap_ratio=0.083333; within configured expected overlap=10.000s",interrupted_2026-09-17_C316,No automatic action; retain for inventory evidence.
I73f3ce5895d2d774,interrupted_2026-09-17_C317,interrupted_2026-09-17,TEMPORAL_OVERLAP,INFO,"overlap_sec=10.000, overlap_ratio=0.083333; within configured expected overlap=10.000s",interrupted_2026-09-17_C318,No automatic action; retain for inventory evidence.
Ib23e181d2cdda4b4,interrupted_2026-09-17_C318,interrupted_2026-09-17,TEMPORAL_OVERLAP,INFO,"overlap_sec=10.000, overlap_ratio=0.083333; within configured expected overlap=10.000s",interrupted_2026-09-17_C317,No automatic action; retain for inventory evidence.
Iad0f15cecdcd7757,interrupted_2026-09-17_C318,interrupted_2026-09-17,TEMPORAL_OVERLAP,INFO,"overlap_sec=10.000, overlap_ratio=0.083333; within configured expected overlap=10.000s",interrupted_2026-09-17_C319,No automatic action; retain for inventory evidence.
Ic6420e611d08de94,interrupted_2026-09-17_C319,interrupted_2026-09-17,TEMPORAL_OVERLAP,INFO,"overlap_sec=10.000, overlap_ratio=0.083333; within configured expected overlap=10.000s",interrupted_2026-09-17_C318,No automatic action; retain for inventory evidence.
I52e6e1fb7b2c9b5b,interrupted_2026-09-17_C319,interrupted_2026-09-17,TEMPORAL_OVERLAP,INFO,"overlap_sec=10.000, overlap_ratio=0.083333; within configured expected overlap=10.000s",interrupted_2026-09-17_C320,No automatic action; retain for inventory evidence.
I277fb719b7c665fc,interrupted_2026-09-17_C320,interrupted_2026-09-17,TEMPORAL_OVERLAP,INFO,"overlap_sec=10.000, overlap_ratio=0.083333; within configured expected overlap=10.000s",interrupted_2026-09-17_C319,No automatic action; retain for inventory evidence.
Ie7e81b5e1e98e97c,interrupted_2026-09-17_C320,interrupted_2026-09-17,TEMPORAL_OVERLAP,INFO,"overlap_sec=10.000, overlap_ratio=0.083333; within configured expected overlap=10.000s",interrupted_2026-09-17_C321,No automatic action; retain for inventory evidence.
Ic64ae2933d10d0f7,interrupted_2026-09-17_C321,interrupted_2026-09-17,TEMPORAL_OVERLAP,INFO,"overlap_sec=10.000, overlap_ratio=0.083333; within configured expected overlap=10.000s",interrupted_2026-09-17_C320,No automatic action; retain for inventory evidence.
I0f1195383d3ce2d8,interrupted_2026-09-17_C321,interrupted_2026-09-17,TEMPORAL_OVERLAP,INFO,"overlap_sec=10.000, overlap_ratio=0.083333; within configured expected overlap=10.000s",interrupted_2026-09-17_C322,No automatic action; retain for inventory evidence.
Ifaf763a8cf76d25f,interrupted_2026-09-17_C322,interrupted_2026-09-17,TEMPORAL_OVERLAP,INFO,"overlap_sec=10.000, overlap_ratio=0.083333; within configured expected overlap=10.000s",interrupted_2026-09-17_C321,No automatic action; retain for inventory evidence.
I1863930f42c7985d,interrupted_2026-09-17_C322,interrupted_2026-09-17,TEMPORAL_OVERLAP,INFO,"overlap_sec=10.000, overlap_ratio=0.083333; within configured expected overlap=10.000s",interrupted_2026-09-17_C323,No automatic action; retain for inventory evidence.
I074a1b0107fcebb1,interrupted_2026-09-17_C323,interrupted_2026-09-17,TEMPORAL_OVERLAP,INFO,"overlap_sec=10.000, overlap_ratio=0.083333; within configured expected overlap=10.000s",interrupted_2026-09-17_C322,No automatic action; retain for inventory evidence.
I5f7fcec6e1be17d1,interrupted_2026-09-17_C323,interrupted_2026-09-17,TEMPORAL_OVERLAP,INFO,"overlap_sec=10.000, overlap_ratio=0.083333; within configured expected overlap=10.000s",interrupted_2026-09-17_C324,No automatic action; retain for inventory evidence.
I0ea8390b33157327,interrupted_2026-09-17_C324,interrupted_2026-09-17,TEMPORAL_OVERLAP,INFO,"overlap_sec=10.000, overlap_ratio=0.083333; within configured expected overlap=10.000s",interrupted_2026-09-17_C323,No automatic action; retain for inventory evidence.
Ie1a8b825ba766792,interrupted_2026-09-17_C324,interrupted_2026-09-17,TEMPORAL_OVERLAP,INFO,"overlap_sec=10.000, overlap_ratio=0.083333; within configured expected overlap=10.000s",interrupted_2026-09-17_C325,No automatic action; retain for inventory evidence.
Ib59fc273e51e27ea,interrupted_2026-09-17_C325,interrupted_2026-09-17,TEMPORAL_OVERLAP,INFO,"overlap_sec=10.000, overlap_ratio=0.083333; within configured expected overlap=10.000s",interrupted_2026-09-17_C324,No automatic action; retain for inventory evidence.
I7f7c219a632dbf20,interrupted_2026-09-17_C325,interrupted_2026-09-17,TEMPORAL_OVERLAP,INFO,"overlap_sec=10.000, overlap_ratio=0.083333; within configured expected overlap=10.000s",interrupted_2026-09-17_C326,No automatic action; retain for inventory evidence.
Ic230264fbbb2f144,interrupted_2026-09-17_C326,interrupted_2026-09-17,TEMPORAL_OVERLAP,INFO,"overlap_sec=10.000, overlap_ratio=0.083333; within configured expected overlap=10.000s",interrupted_2026-09-17_C325,No automatic action; retain for inventory evidence.
I5ee1fd38437067bb,interrupted_2026-09-17_C326,interrupted_2026-09-17,TEMPORAL_OVERLAP,INFO,"overlap_sec=10.000, overlap_ratio=0.083333; within configured expected overlap=10.000s",interrupted_2026-09-17_C327,No automatic action; retain for inventory evidence.
Ic03a8107deb59872,interrupted_2026-09-17_C327,interrupted_2026-09-17,TEMPORAL_OVERLAP,INFO,"overlap_sec=10.000, overlap_ratio=0.083333; within configured expected overlap=10.000s",interrupted_2026-09-17_C326,No automatic action; retain for inventory evidence.
Ic88b2be1483f4e6b,interrupted_2026-09-17_C327,interrupted_2026-09-17,TEMPORAL_OVERLAP,INFO,"overlap_sec=10.000, overlap_ratio=0.083333; within configured expected overlap=10.000s",interrupted_2026-09-17_C328,No automatic action; retain for inventory evidence.
Idf562de7cd745d7d,interrupted_2026-09-17_C328,interrupted_2026-09-17,TEMPORAL_OVERLAP,INFO,"overlap_sec=10.000, overlap_ratio=0.083333; within configured expected overlap=10.000s",interrupted_2026-09-17_C327,No automatic action; retain for inventory evidence.
I65fa46e0fb741c6d,interrupted_2026-09-17_C328,interrupted_2026-09-17,TEMPORAL_OVERLAP,INFO,"overlap_sec=10.000, overlap_ratio=0.083333; within configured expected overlap=10.000s",interrupted_2026-09-17_C329,No automatic action; retain for inventory evidence.
I3568fce4a387ca12,interrupted_2026-09-17_C329,interrupted_2026-09-17,TEMPORAL_OVERLAP,INFO,"overlap_sec=10.000, overlap_ratio=0.083333; within configured expected overlap=10.000s",interrupted_2026-09-17_C328,No automatic action; retain for inventory evidence.
Ia2a0ee5b23d58742,interrupted_2026-09-17_C329,interrupted_2026-09-17,TEMPORAL_OVERLAP,INFO,"overlap_sec=10.000, overlap_ratio=0.083333; within configured expected overlap=10.000s",interrupted_2026-09-17_C330,No automatic action; retain for inventory evidence.
I71acb9e71c03f5e2,interrupted_2026-09-17_C330,interrupted_2026-09-17,TEMPORAL_OVERLAP,INFO,"overlap_sec=10.000, overlap_ratio=0.083333; within configured expected overlap=10.000s",interrupted_2026-09-17_C329,No automatic action; retain for inventory evidence.
I1106f5f61bd9aca8,interrupted_2026-09-17_C330,interrupted_2026-09-17,TEMPORAL_OVERLAP,INFO,"overlap_sec=10.000, overlap_ratio=0.083333; within configured expected overlap=10.000s",interrupted_2026-09-17_C331,No automatic action; retain for inventory evidence.
I5e78c0f5b74a0bfd,interrupted_2026-09-17_C331,interrupted_2026-09-17,TEMPORAL_OVERLAP,INFO,"overlap_sec=10.000, overlap_ratio=0.083333; within configured expected overlap=10.000s",interrupted_2026-09-17_C330,No automatic action; retain for inventory evidence.
Iffdaca6dfbe32ea3,interrupted_2026-09-17_C331,interrupted_2026-09-17,TEMPORAL_OVERLAP,INFO,"overlap_sec=10.000, overlap_ratio=0.083333; within configured expected overlap=10.000s",interrupted_2026-09-17_C332,No automatic action; retain for inventory evidence.
I4f9fb053f475205d,interrupted_2026-09-17_C332,interrupted_2026-09-17,TEMPORAL_OVERLAP,INFO,"overlap_sec=10.000, overlap_ratio=0.083333; within configured expected overlap=10.000s",interrupted_2026-09-17_C331,No automatic action; retain for inventory evidence.
I5f800767177dd25a,interrupted_2026-09-17_C332,interrupted_2026-09-17,TEMPORAL_OVERLAP,INFO,"overlap_sec=10.000, overlap_ratio=0.083333; within configured expected overlap=10.000s",interrupted_2026-09-17_C333,No automatic action; retain for inventory evidence.
I5db78b289fdc650c,interrupted_2026-09-17_C333,interrupted_2026-09-17,TEMPORAL_OVERLAP,INFO,"overlap_sec=10.000, overlap_ratio=0.083333; within configured expected overlap=10.000s",interrupted_2026-09-17_C332,No automatic action; retain for inventory evidence.
I7e58f2168ece794b,interrupted_2026-09-17_C333,interrupted_2026-09-17,TEMPORAL_OVERLAP,INFO,"overlap_sec=10.000, overlap_ratio=0.083333; within configured expected overlap=10.000s",interrupted_2026-09-17_C334,No automatic action; retain for inventory evidence.
I66311b8ab0120a2c,interrupted_2026-09-17_C334,interrupted_2026-09-17,TEMPORAL_OVERLAP,INFO,"overlap_sec=10.000, overlap_ratio=0.083333; within configured expected overlap=10.000s",interrupted_2026-09-17_C333,No automatic action; retain for inventory evidence.
If1eb8a853b3bb59a,interrupted_2026-09-17_C334,interrupted_2026-09-17,TEMPORAL_OVERLAP,INFO,"overlap_sec=10.000, overlap_ratio=0.083333; within configured expected overlap=10.000s",interrupted_2026-09-17_C335,No automatic action; retain for inventory evidence.
Ide9f1a3c74fba24d,interrupted_2026-09-17_C335,interrupted_2026-09-17,TEMPORAL_OVERLAP,INFO,"overlap_sec=10.000, overlap_ratio=0.083333; within configured expected overlap=10.000s",interrupted_2026-09-17_C334,No automatic action; retain for inventory evidence.
Iabe7d5c64269cd82,interrupted_2026-09-17_C335,interrupted_2026-09-17,TEMPORAL_OVERLAP,INFO,"overlap_sec=10.000, overlap_ratio=0.083333; within configured expected overlap=10.000s",interrupted_2026-09-17_C336,No automatic action; retain for inventory evidence.
If25668741c42a2c5,interrupted_2026-09-17_C336,interrupted_2026-09-17,TEMPORAL_OVERLAP,INFO,"overlap_sec=10.000, overlap_ratio=0.083333; within configured expected overlap=10.000s",interrupted_2026-09-17_C335,No automatic action; retain for inventory evidence.
I497ee5a84a156fe9,interrupted_2026-09-17_C336,interrupted_2026-09-17,TEMPORAL_OVERLAP,INFO,"overlap_sec=10.000, overlap_ratio=0.083333; within configured expected overlap=10.000s",interrupted_2026-09-17_C337,No automatic action; retain for inventory evidence.
I4cac3866e16c363d,interrupted_2026-09-17_C337,interrupted_2026-09-17,TEMPORAL_OVERLAP,INFO,"overlap_sec=10.000, overlap_ratio=0.083333; within configured expected overlap=10.000s",interrupted_2026-09-17_C336,No automatic action; retain for inventory evidence.
I0fc8c526846f2742,interrupted_2026-09-17_C337,interrupted_2026-09-17,TEMPORAL_OVERLAP,INFO,"overlap_sec=10.000, overlap_ratio=0.083333; within configured expected overlap=10.000s",interrupted_2026-09-17_C338,No automatic action; retain for inventory evidence.
I17d0dc792170e27f,interrupted_2026-09-17_C338,interrupted_2026-09-17,TEMPORAL_OVERLAP,INFO,"overlap_sec=10.000, overlap_ratio=0.083333; within configured expected overlap=10.000s",interrupted_2026-09-17_C337,No automatic action; retain for inventory evidence.
I735454f6358828fa,interrupted_2026-09-17_C338,interrupted_2026-09-17,TEMPORAL_OVERLAP,INFO,"overlap_sec=10.000, overlap_ratio=0.083333; within configured expected overlap=10.000s",interrupted_2026-09-17_C339,No automatic action; retain for inventory evidence.
Ic0eb674a699ea7ed,interrupted_2026-09-17_C339,interrupted_2026-09-17,TEMPORAL_OVERLAP,INFO,"overlap_sec=10.000, overlap_ratio=0.083333; within configured expected overlap=10.000s",interrupted_2026-09-17_C338,No automatic action; retain for inventory evidence.
I6bd8cc579d6fc6e5,interrupted_2026-09-17_C339,interrupted_2026-09-17,TEMPORAL_OVERLAP,INFO,"overlap_sec=10.000, overlap_ratio=0.212766; within configured expected overlap=10.000s",interrupted_2026-09-17_C340,No automatic action; retain for inventory evidence.
I4f7384f58fa4487f,interrupted_2026-09-17_C340,interrupted_2026-09-17,TEMPORAL_OVERLAP,INFO,"overlap_sec=10.000, overlap_ratio=0.212766; within configured expected overlap=10.000s",interrupted_2026-09-17_C339,No automatic action; retain for inventory evidence.
