clip_id,clip_path,source_id,source_video_id,camera_id,source_start_sec,source_end_sec,duration_sec,fps,width,height,codec,sha256,qc_status,metadata_status,sampled_frame_count,vehicle_density_score,object_count_estimate,observed_classes,activity_score,motion_variation_score,brightness_score,low_light_score,visual_variation_score,foreground_occupancy_score,persistence_score,diversity_score,small_far_score,occlusion_score,boundary_edge_score,blur_score,crowded_score,fast_motion_score,hardcase_tags,hardcase_score,event_likelihood_score,event_likelihood_level,candidate_score,source_rank,global_rank,selection_rank,recommended_for_shortlist,selection_status,selection_reason,manual_review_status,manual_review_label,manual_review_notes,signal_status,prediction_status,notes
LF_ZmCAo38w_C001,data/clips/LF_ZmCAo38w_C001.mp4,LF_ZmCAo38w,LF_ZmCAo38w,UNRESOLVED,0.0,120.0,120.0,30.0,1920,1080,h264,46f381b276f73e77cd3270abe1f77e63c4571374b086849fb8814b3f7db7f655,PASS,WARNING,12,0.251768,8.000,NOT_INFERRED_NO_DETECTOR,0.386128,0.423440,0.436243,0.000000,0.144188,0.251768,0.909091,0.427345,0.691840,0.479962,0.273855,0.000000,0.666667,0.554382,SMALL_FAR|CROWDED,0.403258,0.406719,HIGH,0.406992,35,59,59,NO,NOT_SELECTED,,,,,COMPUTED,COMPUTED_SELECTION_SIGNAL_NOT_GROUND_TRUTH,"OpenCV image/motion heuristics only; vehicle_density_score and object_count_estimate are moving-region proxies, not detections; event_likelihood is not ground truth violation."
LF_ZmCAo38w_C002,data/clips/LF_ZmCAo38w_C002.mp4,LF_ZmCAo38w,LF_ZmCAo38w,UNRESOLVED,110.0,230.0,120.0,30.0,1920,1080,h264,4372391d7ad05ecdaaab298c53a3aab34046fa3d51bcfd747c91639145e2e8a7,PASS,WARNING,12,0.194148,8.545,NOT_INFERRED_NO_DETECTOR,0.291040,0.315728,0.441950,0.000000,0.081602,0.194148,0.909091,0.235972,0.701610,0.479033,0.098611,0.000000,0.712121,0.394218,SMALL_FAR|CROWDED,0.368405,0.350189,MEDIUM,0.327633,63,133,133,NO,NOT_SELECTED,,,,,COMPUTED,COMPUTED_SELECTION_SIGNAL_NOT_GROUND_TRUTH,"OpenCV image/motion heuristics only; vehicle_density_score and object_count_estimate are moving-region proxies, not detections; event_likelihood is not ground truth violation."
LF_ZmCAo38w_C003,data/clips/LF_ZmCAo38w_C003.mp4,LF_ZmCAo38w,LF_ZmCAo38w,UNRESOLVED,220.0,340.0,120.0,30.0,1920,1080,h264,f205cf72ec16583bc461d87dcdee4d95e058a26086ed0b668e75e4f8e5261224,PASS,WARNING,12,0.338838,10.909,NOT_INFERRED_NO_DETECTOR,0.475810,0.476558,0.417903,0.000000,0.154394,0.338838,0.909091,0.621773,0.743569,0.652477,0.317994,0.000000,0.909091,0.681774,SMALL_FAR|OCCLUSION|CROWDED|FAST_MOTION,0.496976,0.462374,HIGH,0.502367,6,7,7,YES,SELECTED,source_coverage=LF_ZmCAo38w; event_likelihood=HIGH; hardcase=SMALL_FAR|OCCLUSION|CROWDED|FAST_MOTION; diversity_aware_rank; selection_signal_only_not_ground_truth,PENDING,,,COMPUTED,COMPUTED_SELECTION_SIGNAL_NOT_GROUND_TRUTH,"OpenCV image/motion heuristics only; vehicle_density_score and object_count_estimate are moving-region proxies, not detections; event_likelihood is not ground truth violation."
LF_ZmCAo38w_C004,data/clips/LF_ZmCAo38w_C004.mp4,LF_ZmCAo38w,LF_ZmCAo38w,UNRESOLVED,330.0,450.0,120.0,30.0,1920,1080,h264,d935bfec5d0e6a6e2b0895aa38718bbafce055378c7f64a2d9db5481bd0b5390,PASS,WARNING,12,0.372437,9.273,NOT_INFERRED_NO_DETECTOR,0.481247,0.454531,0.428767,0.000000,0.123712,0.372437,0.909091,0.560816,0.692349,0.592597,0.347746,0.000000,0.772727,0.643238,SMALL_FAR|CROWDED,0.457096,0.469742,HIGH,0.483975,9,12,12,NO,NOT_SELECTED,,,,,COMPUTED,COMPUTED_SELECTION_SIGNAL_NOT_GROUND_TRUTH,"OpenCV image/motion heuristics only; vehicle_density_score and object_count_estimate are moving-region proxies, not detections; event_likelihood is not ground truth violation."
LF_ZmCAo38w_C005,data/clips/LF_ZmCAo38w_C005.mp4,LF_ZmCAo38w,LF_ZmCAo38w,UNRESOLVED,440.0,560.0,120.0,30.0,1920,1080,h264,1adb044245aa0e67e0946a0d6174efbda378a66415ac669262e4b68348520b71,PASS,WARNING,12,0.306117,9.455,NOT_INFERRED_NO_DETECTOR,0.421901,0.460135,0.429927,0.000000,0.120556,0.306117,0.909091,0.497136,0.659349,0.571086,0.330539,0.000000,0.787879,0.556648,SMALL_FAR|CROWDED,0.437769,0.430602,HIGH,0.443541,21,33,33,NO,NOT_SELECTED,,,,,COMPUTED,COMPUTED_SELECTION_SIGNAL_NOT_GROUND_TRUTH,"OpenCV image/motion heuristics only; vehicle_density_score and object_count_estimate are moving-region proxies, not detections; event_likelihood is not ground truth violation."
LF_ZmCAo38w_C006,data/clips/LF_ZmCAo38w_C006.mp4,LF_ZmCAo38w,LF_ZmCAo38w,UNRESOLVED,550.0,670.0,120.0,30.0,1920,1080,h264,094f41dfff61e11d0a19a55de61f1f54b0a2eba32319c053740d08ef35518b70,PASS,WARNING,12,0.303441,9.818,NOT_INFERRED_NO_DETECTOR,0.439559,0.402080,0.422158,0.000000,0.174846,0.303441,0.909091,0.543991,0.661065,0.586548,0.280670,0.000000,0.818182,0.558631,SMALL_FAR|CROWDED,0.438347,0.444232,HIGH,0.459980,19,29,29,NO,NOT_SELECTED,,,,,COMPUTED,COMPUTED_SELECTION_SIGNAL_NOT_GROUND_TRUTH,"OpenCV image/motion heuristics only; vehicle_density_score and object_count_estimate are moving-region proxies, not detections; event_likelihood is not ground truth violation."
LF_ZmCAo38w_C007,data/clips/LF_ZmCAo38w_C007.mp4,LF_ZmCAo38w,LF_ZmCAo38w,UNRESOLVED,660.0,780.0,120.0,30.0,1920,1080,h264,8a84d125da118c18ba8906c7cd1784b09c4042d2327a674e871f3ee677b6da1b,PASS,WARNING,12,0.135581,7.727,NOT_INFERRED_NO_DETECTOR,0.240217,0.266873,0.439434,0.000000,0.095645,0.135581,0.909091,0.115624,0.739570,0.415178,0.160782,0.000000,0.643939,0.352041,SMALL_FAR,0.359032,0.319081,MEDIUM,0.284181,65,169,169,NO,NOT_SELECTED,,,,,COMPUTED,COMPUTED_SELECTION_SIGNAL_NOT_GROUND_TRUTH,"OpenCV image/motion heuristics only; vehicle_density_score and object_count_estimate are moving-region proxies, not detections; event_likelihood is not ground truth violation."
LF_ZmCAo38w_C008,data/clips/LF_ZmCAo38w_C008.mp4,LF_ZmCAo38w,LF_ZmCAo38w,UNRESOLVED,770.0,890.0,120.0,30.0,1920,1080,h264,f7851a7a5900dadcd8074e382cce917c99cdbcf58f1452fe8aeb122285765cab,PASS,WARNING,12,0.283295,8.000,NOT_INFERRED_NO_DETECTOR,0.399258,0.477277,0.437092,0.000000,0.128966,0.283295,0.909091,0.474528,0.684975,0.494150,0.321573,0.000000,0.666667,0.625143,SMALL_FAR|CROWDED,0.419180,0.418243,HIGH,0.426358,28,43,43,NO,NOT_SELECTED,,,,,COMPUTED,COMPUTED_SELECTION_SIGNAL_NOT_GROUND_TRUTH,"OpenCV image/motion heuristics only; vehicle_density_score and object_count_estimate are moving-region proxies, not detections; event_likelihood is not ground truth violation."
LF_ZmCAo38w_C009,data/clips/LF_ZmCAo38w_C009.mp4,LF_ZmCAo38w,LF_ZmCAo38w,UNRESOLVED,880.0,1000.0,120.0,30.0,1920,1080,h264,5c70811116b2148b9df697d5a78b1acff67f71fe42061540d9a001ce15311f99,PASS,WARNING,12,0.226215,8.182,NOT_INFERRED_NO_DETECTOR,0.358624,0.397424,0.431497,0.000000,0.121871,0.226215,0.909091,0.341048,0.683025,0.476797,0.206861,0.000000,0.681818,0.501416,SMALL_FAR|CROWDED,0.387917,0.386588,HIGH,0.375407,44,87,87,NO,NOT_SELECTED,,,,,COMPUTED,COMPUTED_SELECTION_SIGNAL_NOT_GROUND_TRUTH,"OpenCV image/motion heuristics only; vehicle_density_score and object_count_estimate are moving-region proxies, not detections; event_likelihood is not ground truth violation."
LF_ZmCAo38w_C010,data/clips/LF_ZmCAo38w_C010.mp4,LF_ZmCAo38w,LF_ZmCAo38w,UNRESOLVED,990.0,1110.0,120.0,30.0,1920,1080,h264,c0d1a02a479b0d85281581db753c67e51c0f541d1c6b60a0f9cb23c4bb80afbd,PASS,WARNING,12,0.191528,7.818,NOT_INFERRED_NO_DETECTOR,0.300462,0.347200,0.431901,0.000000,0.103650,0.191528,0.909091,0.226930,0.714429,0.444521,0.200037,0.000000,0.651515,0.420573,SMALL_FAR|CROWDED,0.373547,0.355810,MEDIUM,0.330936,62,130,130,NO,NOT_SELECTED,,,,,COMPUTED,COMPUTED_SELECTION_SIGNAL_NOT_GROUND_TRUTH,"OpenCV image/motion heuristics only; vehicle_density_score and object_count_estimate are moving-region proxies, not detections; event_likelihood is not ground truth violation."
LF_ZmCAo38w_C011,data/clips/LF_ZmCAo38w_C011.mp4,LF_ZmCAo38w,LF_ZmCAo38w,UNRESOLVED,1100.0,1220.0,120.0,30.0,1920,1080,h264,68db390b8f3ab89e205b1e7c54f674228ac3ddb641f96a77c5b428d9f6888d90,PASS,WARNING,12,0.217658,8.455,NOT_INFERRED_NO_DETECTOR,0.326911,0.429075,0.428750,0.000000,0.112482,0.217658,0.909091,0.315563,0.629732,0.485446,0.212069,0.000000,0.704545,0.562924,CROWDED,0.391282,0.373425,HIGH,0.362428,49,100,100,NO,NOT_SELECTED,,,,,COMPUTED,COMPUTED_SELECTION_SIGNAL_NOT_GROUND_TRUTH,"OpenCV image/motion heuristics only; vehicle_density_score and object_count_estimate are moving-region proxies, not detections; event_likelihood is not ground truth violation."
LF_ZmCAo38w_C012,data/clips/LF_ZmCAo38w_C012.mp4,LF_ZmCAo38w,LF_ZmCAo38w,UNRESOLVED,1210.0,1330.0,120.0,30.0,1920,1080,h264,733497bae8b13ccfbc54af50bb3825987a3152b773e75a62551e8f9fb45c1a51,PASS,WARNING,12,0.246610,10.364,NOT_INFERRED_NO_DETECTOR,0.364559,0.446176,0.433924,0.000000,0.107981,0.246610,0.909091,0.405731,0.734665,0.585974,0.272142,0.000000,0.863636,0.564654,SMALL_FAR|CROWDED,0.458316,0.392624,HIGH,0.410009,34,57,57,NO,NOT_SELECTED,,,,,COMPUTED,COMPUTED_SELECTION_SIGNAL_NOT_GROUND_TRUTH,"OpenCV image/motion heuristics only; vehicle_density_score and object_count_estimate are moving-region proxies, not detections; event_likelihood is not ground truth violation."
LF_ZmCAo38w_C013,data/clips/LF_ZmCAo38w_C013.mp4,LF_ZmCAo38w,LF_ZmCAo38w,UNRESOLVED,1320.0,1440.0,120.0,30.0,1920,1080,h264,0891fcc99a5b65b7974c7c891ee1d738c430ea7dbfb74a13a9a716b47bbcb05c,PASS,WARNING,12,0.181645,9.273,NOT_INFERRED_NO_DETECTOR,0.313236,0.323313,0.439533,0.000000,0.108070,0.181645,0.909091,0.246144,0.724175,0.506740,0.179632,0.000000,0.772727,0.472269,SMALL_FAR|CROWDED,0.406752,0.356695,MEDIUM,0.345597,57,118,118,NO,NOT_SELECTED,,,,,COMPUTED,COMPUTED_SELECTION_SIGNAL_NOT_GROUND_TRUTH,"OpenCV image/motion heuristics only; vehicle_density_score and object_count_estimate are moving-region proxies, not detections; event_likelihood is not ground truth violation."
LF_ZmCAo38w_C014,data/clips/LF_ZmCAo38w_C014.mp4,LF_ZmCAo38w,LF_ZmCAo38w,UNRESOLVED,1430.0,1550.0,120.0,30.0,1920,1080,h264,25f6651a323bf6766b2db703c42be6e55f8a6671792db3489b2265ea4aec37cc,PASS,WARNING,12,0.303485,10.273,NOT_INFERRED_NO_DETECTOR,0.440969,0.427589,0.437159,0.000000,0.137192,0.303485,0.909091,0.532589,0.678423,0.607402,0.337598,0.000000,0.856061,0.599357,SMALL_FAR|CROWDED,0.463309,0.437850,HIGH,0.462406,15,25,25,NO,NOT_SELECTED,,,,,COMPUTED,COMPUTED_SELECTION_SIGNAL_NOT_GROUND_TRUTH,"OpenCV image/motion heuristics only; vehicle_density_score and object_count_estimate are moving-region proxies, not detections; event_likelihood is not ground truth violation."
LF_ZmCAo38w_C015,data/clips/LF_ZmCAo38w_C015.mp4,LF_ZmCAo38w,LF_ZmCAo38w,UNRESOLVED,1540.0,1660.0,120.0,30.0,1920,1080,h264,9ecfd913b1247ffe6668e24f5ce17cf4f289e454a1ae0d3dcf2ddfa692ac0c3e,PASS,WARNING,12,0.194773,10.727,NOT_INFERRED_NO_DETECTOR,0.309575,0.300509,0.438196,0.000000,0.098496,0.194773,0.909091,0.263561,0.740607,0.579314,0.215996,0.000000,0.893939,0.436668,SMALL_FAR|CROWDED,0.440083,0.358446,MEDIUM,0.358360,52,110,110,NO,NOT_SELECTED,,,,,COMPUTED,COMPUTED_SELECTION_SIGNAL_NOT_GROUND_TRUTH,"OpenCV image/motion heuristics only; vehicle_density_score and object_count_estimate are moving-region proxies, not detections; event_likelihood is not ground truth violation."
LF_ZmCAo38w_C016,data/clips/LF_ZmCAo38w_C016.mp4,LF_ZmCAo38w,LF_ZmCAo38w,UNRESOLVED,1650.0,1770.0,120.0,30.0,1920,1080,h264,b6717fe5ae5fe600691505625a74ba1b35ec0f103746186400246b40418e7c66,PASS,WARNING,12,0.170436,9.727,NOT_INFERRED_NO_DETECTOR,0.280342,0.313124,0.443011,0.000000,0.076742,0.170436,0.909091,0.250417,0.727926,0.522529,0.330170,0.000000,0.810606,0.440218,SMALL_FAR|CROWDED,0.432928,0.338363,MEDIUM,0.342048,59,120,120,NO,NOT_SELECTED,,,,,COMPUTED,COMPUTED_SELECTION_SIGNAL_NOT_GROUND_TRUTH,"OpenCV image/motion heuristics only; vehicle_density_score and object_count_estimate are moving-region proxies, not detections; event_likelihood is not ground truth violation."
LF_ZmCAo38w_C017,data/clips/LF_ZmCAo38w_C017.mp4,LF_ZmCAo38w,LF_ZmCAo38w,UNRESOLVED,1760.0,1880.0,120.0,30.0,1920,1080,h264,d2acb3da7e539bf15e2377f6e81fe5251b1154985896037528c016ffb0227398,PASS,WARNING,12,0.267702,10.455,NOT_INFERRED_NO_DETECTOR,0.374510,0.385751,0.439505,0.000000,0.102695,0.267702,0.909091,0.407160,0.759462,0.599633,0.283855,0.000000,0.871212,0.517624,SMALL_FAR|CROWDED,0.461900,0.401531,HIGH,0.416205,32,53,53,NO,NOT_SELECTED,,,,,COMPUTED,COMPUTED_SELECTION_SIGNAL_NOT_GROUND_TRUTH,"OpenCV image/motion heuristics only; vehicle_density_score and object_count_estimate are moving-region proxies, not detections; event_likelihood is not ground truth violation."
LF_ZmCAo38w_C018,data/clips/LF_ZmCAo38w_C018.mp4,LF_ZmCAo38w,LF_ZmCAo38w,UNRESOLVED,1870.0,1990.0,120.0,30.0,1920,1080,h264,309d0ac5154e39e51a120e08e095334a97e60e406de656970c66923747b484c6,PASS,WARNING,12,0.305735,10.727,NOT_INFERRED_NO_DETECTOR,0.443536,0.422663,0.429659,0.000000,0.188991,0.305735,0.909091,0.584921,0.655718,0.629248,0.253655,0.000000,0.893939,0.583770,SMALL_FAR|CROWDED,0.454718,0.448632,HIGH,0.474257,13,20,20,YES,SELECTED,source_coverage=LF_ZmCAo38w; event_likelihood=HIGH; hardcase=SMALL_FAR|CROWDED; diversity_aware_rank; selection_signal_only_not_ground_truth,PENDING,,,COMPUTED,COMPUTED_SELECTION_SIGNAL_NOT_GROUND_TRUTH,"OpenCV image/motion heuristics only; vehicle_density_score and object_count_estimate are moving-region proxies, not detections; event_likelihood is not ground truth violation."
LF_ZmCAo38w_C019,data/clips/LF_ZmCAo38w_C019.mp4,LF_ZmCAo38w,LF_ZmCAo38w,UNRESOLVED,1980.0,2100.0,120.0,30.0,1920,1080,h264,e232c6fd5107941c006c811b3ff91e2b4fc39e0e7f47b69ed58ab44b1283eda5,PASS,WARNING,12,0.217251,9.364,NOT_INFERRED_NO_DETECTOR,0.343384,0.324715,0.448554,0.000000,0.102366,0.217251,0.909091,0.297476,0.716126,0.526929,0.184127,0.000000,0.780303,0.454117,SMALL_FAR|CROWDED,0.407793,0.375914,HIGH,0.366818,47,95,95,NO,NOT_SELECTED,,,,,COMPUTED,COMPUTED_SELECTION_SIGNAL_NOT_GROUND_TRUTH,"OpenCV image/motion heuristics only; vehicle_density_score and object_count_estimate are moving-region proxies, not detections; event_likelihood is not ground truth violation."
LF_ZmCAo38w_C020,data/clips/LF_ZmCAo38w_C020.mp4,LF_ZmCAo38w,LF_ZmCAo38w,UNRESOLVED,2090.0,2210.0,120.0,30.0,1920,1080,h264,bfa1b3c22568541d4b60dccd25198ae8753ef43f13ac5a67728b4051aba365af,PASS,WARNING,12,0.313068,10.727,NOT_INFERRED_NO_DETECTOR,0.445699,0.418673,0.438704,0.000000,0.141299,0.313068,0.909091,0.538086,0.630093,0.632547,0.225657,0.000000,0.893939,0.609039,CROWDED,0.449680,0.443125,HIGH,0.462362,16,26,26,NO,NOT_SELECTED,,,,,COMPUTED,COMPUTED_SELECTION_SIGNAL_NOT_GROUND_TRUTH,"OpenCV image/motion heuristics only; vehicle_density_score and object_count_estimate are moving-region proxies, not detections; event_likelihood is not ground truth violation."
LF_ZmCAo38w_C021,data/clips/LF_ZmCAo38w_C021.mp4,LF_ZmCAo38w,LF_ZmCAo38w,UNRESOLVED,2200.0,2320.0,120.0,30.0,1920,1080,h264,98cba800e137e63155256bd799f6589b065c68ba99976d6adf25619569ed3e65,PASS,WARNING,12,0.384624,11.545,NOT_INFERRED_NO_DETECTOR,0.519124,0.481224,0.435844,0.000000,0.119240,0.384624,0.909091,0.602535,0.667002,0.702248,0.326043,0.000000,0.962121,0.695236,SMALL_FAR|OCCLUSION|CROWDED|FAST_MOTION,0.501389,0.483308,HIGH,0.514129,4,4,4,YES,SELECTED,source_coverage=LF_ZmCAo38w; event_likelihood=HIGH; hardcase=SMALL_FAR|OCCLUSION|CROWDED|FAST_MOTION; diversity_aware_rank; selection_signal_only_not_ground_truth,PENDING,,,COMPUTED,COMPUTED_SELECTION_SIGNAL_NOT_GROUND_TRUTH,"OpenCV image/motion heuristics only; vehicle_density_score and object_count_estimate are moving-region proxies, not detections; event_likelihood is not ground truth violation."
LF_ZmCAo38w_C022,data/clips/LF_ZmCAo38w_C022.mp4,LF_ZmCAo38w,LF_ZmCAo38w,UNRESOLVED,2310.0,2430.0,120.0,30.0,1920,1080,h264,47c9455d75e7a88800236618b76a623523a93ebdc0717811be7fceb526b44911,PASS,WARNING,12,0.284353,9.545,NOT_INFERRED_NO_DETECTOR,0.410808,0.470744,0.445873,0.000000,0.132140,0.284353,0.909091,0.501909,0.675983,0.565459,0.295038,0.000000,0.795455,0.600182,SMALL_FAR|CROWDED,0.441441,0.422292,HIGH,0.440607,22,34,34,NO,NOT_SELECTED,,,,,COMPUTED,COMPUTED_SELECTION_SIGNAL_NOT_GROUND_TRUTH,"OpenCV image/motion heuristics only; vehicle_density_score and object_count_estimate are moving-region proxies, not detections; event_likelihood is not ground truth violation."
LF_ZmCAo38w_C023,data/clips/LF_ZmCAo38w_C023.mp4,LF_ZmCAo38w,LF_ZmCAo38w,UNRESOLVED,2420.0,2540.0,120.0,30.0,1920,1080,h264,a8aa745852c1042f369ca56f79a015f063ee69cd72cdeedea6f8adc814fd187a,PASS,WARNING,12,0.270006,10.818,NOT_INFERRED_NO_DETECTOR,0.394277,0.390057,0.444900,0.000000,0.114830,0.270006,0.909091,0.447002,0.728568,0.617336,0.364386,0.000000,0.901515,0.530605,SMALL_FAR|CROWDED,0.476498,0.409835,HIGH,0.433324,26,41,41,NO,NOT_SELECTED,,,,,COMPUTED,COMPUTED_SELECTION_SIGNAL_NOT_GROUND_TRUTH,"OpenCV image/motion heuristics only; vehicle_density_score and object_count_estimate are moving-region proxies, not detections; event_likelihood is not ground truth violation."
LF_ZmCAo38w_C024,data/clips/LF_ZmCAo38w_C024.mp4,LF_ZmCAo38w,LF_ZmCAo38w,UNRESOLVED,2530.0,2650.0,120.0,30.0,1920,1080,h264,a247008e4ecb5431289c4890deaf03d9739a60e4b166a57987aa337057e68d46,PASS,WARNING,12,0.312266,10.000,NOT_INFERRED_NO_DETECTOR,0.451687,0.418021,0.441458,0.000000,0.148614,0.312266,0.909091,0.542509,0.635917,0.598853,0.271256,0.000000,0.833333,0.538525,CROWDED,0.434237,0.445786,HIGH,0.460670,18,28,28,NO,NOT_SELECTED,,,,,COMPUTED,COMPUTED_SELECTION_SIGNAL_NOT_GROUND_TRUTH,"OpenCV image/motion heuristics only; vehicle_density_score and object_count_estimate are moving-region proxies, not detections; event_likelihood is not ground truth violation."
LF_ZmCAo38w_C025,data/clips/LF_ZmCAo38w_C025.mp4,LF_ZmCAo38w,LF_ZmCAo38w,UNRESOLVED,2640.0,2760.0,120.0,30.0,1920,1080,h264,27f6dd7c1bd11dc74231c0de2d38979aa8dd615a770c1f3ed0e9a0c8e93e0429,PASS,WARNING,12,0.478706,11.091,NOT_INFERRED_NO_DETECTOR,0.627599,0.716478,0.431527,0.000000,0.218164,0.478706,0.909091,0.808701,0.756657,0.723751,0.263217,0.000000,0.924242,0.950733,SMALL_FAR|OCCLUSION|CROWDED|FAST_MOTION,0.536341,0.562390,HIGH,0.607257,1,1,1,YES,SELECTED,source_coverage=LF_ZmCAo38w; event_likelihood=HIGH; hardcase=SMALL_FAR|OCCLUSION|CROWDED|FAST_MOTION; diversity_aware_rank; selection_signal_only_not_ground_truth,PENDING,,,COMPUTED,COMPUTED_SELECTION_SIGNAL_NOT_GROUND_TRUTH,"OpenCV image/motion heuristics only; vehicle_density_score and object_count_estimate are moving-region proxies, not detections; event_likelihood is not ground truth violation."
LF_ZmCAo38w_C026,data/clips/LF_ZmCAo38w_C026.mp4,LF_ZmCAo38w,LF_ZmCAo38w,UNRESOLVED,2750.0,2870.0,120.0,30.0,1920,1080,h264,77440d7f24fa0603696728b4d4724e101d862aa5353dbabd908f78f14387ed2c,PASS,WARNING,12,0.314315,10.091,NOT_INFERRED_NO_DETECTOR,0.430635,0.473016,0.437540,0.000000,0.139018,0.314315,0.909091,0.549782,0.701568,0.603942,0.198937,0.000000,0.840909,0.671120,SMALL_FAR|CROWDED|FAST_MOTION,0.453765,0.439071,HIGH,0.462101,17,27,27,NO,NOT_SELECTED,,,,,COMPUTED,COMPUTED_SELECTION_SIGNAL_NOT_GROUND_TRUTH,"OpenCV image/motion heuristics only; vehicle_density_score and object_count_estimate are moving-region proxies, not detections; event_likelihood is not ground truth violation."
LF_ZmCAo38w_C027,data/clips/LF_ZmCAo38w_C027.mp4,LF_ZmCAo38w,LF_ZmCAo38w,UNRESOLVED,2860.0,2980.0,120.0,30.0,1920,1080,h264,1b4e822d949b7906c0f0be27be02e2cd4bcd80690a9a9832c20c49bf0a03e97c,PASS,WARNING,12,0.234836,13.455,NOT_INFERRED_NO_DETECTOR,0.356483,0.417452,0.448287,0.000000,0.097861,0.234836,0.909091,0.407247,0.773792,0.655676,0.207868,0.000000,1.000000,0.583113,SMALL_FAR|OCCLUSION|CROWDED,0.490152,0.384619,HIGH,0.414865,33,55,55,NO,NOT_SELECTED,,,,,COMPUTED,COMPUTED_SELECTION_SIGNAL_NOT_GROUND_TRUTH,"OpenCV image/motion heuristics only; vehicle_density_score and object_count_estimate are moving-region proxies, not detections; event_likelihood is not ground truth violation."
LF_ZmCAo38w_C028,data/clips/LF_ZmCAo38w_C028.mp4,LF_ZmCAo38w,LF_ZmCAo38w,UNRESOLVED,2970.0,3090.0,120.0,30.0,1920,1080,h264,16ac4f9cbe1419f91687c61115493bbe32a2188c61627de194aab99ebb8a27d0,PASS,WARNING,12,0.199527,10.273,NOT_INFERRED_NO_DETECTOR,0.311136,0.342802,0.451022,0.000000,0.089501,0.199527,0.909091,0.294959,0.725191,0.560620,0.161022,0.000000,0.856061,0.492183,SMALL_FAR|CROWDED,0.427596,0.358865,MEDIUM,0.360879,50,105,105,NO,NOT_SELECTED,,,,,COMPUTED,COMPUTED_SELECTION_SIGNAL_NOT_GROUND_TRUTH,"OpenCV image/motion heuristics only; vehicle_density_score and object_count_estimate are moving-region proxies, not detections; event_likelihood is not ground truth violation."
LF_ZmCAo38w_C029,data/clips/LF_ZmCAo38w_C029.mp4,LF_ZmCAo38w,LF_ZmCAo38w,UNRESOLVED,3080.0,3200.0,120.0,30.0,1920,1080,h264,bee8c927cd5223a114f83d966751964fb56c9f095944acc467e30fc5e0e6ac3d,PASS,WARNING,12,0.254463,11.818,NOT_INFERRED_NO_DETECTOR,0.394323,0.397977,0.430339,0.000000,0.142482,0.254463,0.909091,0.463809,0.752621,0.656175,0.214006,0.000000,0.984848,0.565015,SMALL_FAR|OCCLUSION|CROWDED,0.482675,0.409541,HIGH,0.437961,23,37,37,NO,NOT_SELECTED,,,,,COMPUTED,COMPUTED_SELECTION_SIGNAL_NOT_GROUND_TRUTH,"OpenCV image/motion heuristics only; vehicle_density_score and object_count_estimate are moving-region proxies, not detections; event_likelihood is not ground truth violation."
LF_ZmCAo38w_C030,data/clips/LF_ZmCAo38w_C030.mp4,LF_ZmCAo38w,LF_ZmCAo38w,UNRESOLVED,3190.0,3310.0,120.0,30.0,1920,1080,h264,9055f5f5b6716253b8d9b1bacea217cab4a320aa2f10024820126cc224940011,PASS,WARNING,12,0.400458,8.364,NOT_INFERRED_NO_DETECTOR,0.527910,0.464575,0.434423,0.000000,0.140415,0.400458,0.909091,0.584251,0.686259,0.563539,0.252308,0.000000,0.696970,0.685454,SMALL_FAR|CROWDED|FAST_MOTION,0.431515,0.494875,HIGH,0.497186,7,9,9,YES,SELECTED,source_coverage=LF_ZmCAo38w; event_likelihood=HIGH; hardcase=SMALL_FAR|CROWDED|FAST_MOTION; diversity_aware_rank; selection_signal_only_not_ground_truth,PENDING,,,COMPUTED,COMPUTED_SELECTION_SIGNAL_NOT_GROUND_TRUTH,"OpenCV image/motion heuristics only; vehicle_density_score and object_count_estimate are moving-region proxies, not detections; event_likelihood is not ground truth violation."
LF_ZmCAo38w_C031,data/clips/LF_ZmCAo38w_C031.mp4,LF_ZmCAo38w,LF_ZmCAo38w,UNRESOLVED,3300.0,3420.0,120.0,30.0,1920,1080,h264,1f7a38d01bedd0e40dcddd469ce4b766c9f8ff9bc8eda9e348e48bc7934f1f2d,PASS,WARNING,12,0.191853,7.727,NOT_INFERRED_NO_DETECTOR,0.309617,0.288805,0.453938,0.000000,0.110115,0.191853,0.909091,0.227732,0.688420,0.440500,0.218434,0.000000,0.643939,0.396567,SMALL_FAR,0.366785,0.359556,MEDIUM,0.331859,61,129,129,NO,NOT_SELECTED,,,,,COMPUTED,COMPUTED_SELECTION_SIGNAL_NOT_GROUND_TRUTH,"OpenCV image/motion heuristics only; vehicle_density_score and object_count_estimate are moving-region proxies, not detections; event_likelihood is not ground truth violation."
LF_ZmCAo38w_C032,data/clips/LF_ZmCAo38w_C032.mp4,LF_ZmCAo38w,LF_ZmCAo38w,UNRESOLVED,3410.0,3530.0,120.0,30.0,1920,1080,h264,e018b38fa00a55df5251f1709059913357185ff7bb7924f52e8ca1a763c5c82a,PASS,WARNING,12,0.305041,12.455,NOT_INFERRED_NO_DETECTOR,0.443914,0.486739,0.439075,0.000000,0.130975,0.305041,0.909091,0.578246,0.727663,0.687268,0.327304,0.000000,1.000000,0.628139,SMALL_FAR|OCCLUSION|CROWDED,0.508396,0.438055,HIGH,0.483688,11,14,14,YES,SELECTED,source_coverage=LF_ZmCAo38w; event_likelihood=HIGH; hardcase=SMALL_FAR|OCCLUSION|CROWDED; diversity_aware_rank; selection_signal_only_not_ground_truth,PENDING,,,COMPUTED,COMPUTED_SELECTION_SIGNAL_NOT_GROUND_TRUTH,"OpenCV image/motion heuristics only; vehicle_density_score and object_count_estimate are moving-region proxies, not detections; event_likelihood is not ground truth violation."
LF_ZmCAo38w_C033,data/clips/LF_ZmCAo38w_C033.mp4,LF_ZmCAo38w,LF_ZmCAo38w,UNRESOLVED,3520.0,3640.0,120.0,30.0,1920,1080,h264,122f5c9d4aeeda52f609f15edb0cfd8349e5d7b3a353790c9d46534c9bf30c1a,PASS,WARNING,12,0.249842,8.818,NOT_INFERRED_NO_DETECTOR,0.374877,0.468727,0.447879,0.000000,0.111710,0.249842,0.909091,0.417729,0.657950,0.516596,0.271566,0.000000,0.734848,0.649725,SMALL_FAR|CROWDED,0.424316,0.397180,HIGH,0.405800,37,62,62,NO,NOT_SELECTED,,,,,COMPUTED,COMPUTED_SELECTION_SIGNAL_NOT_GROUND_TRUTH,"OpenCV image/motion heuristics only; vehicle_density_score and object_count_estimate are moving-region proxies, not detections; event_likelihood is not ground truth violation."
LF_ZmCAo38w_C034,data/clips/LF_ZmCAo38w_C034.mp4,LF_ZmCAo38w,LF_ZmCAo38w,UNRESOLVED,3630.0,3750.0,120.0,30.0,1920,1080,h264,7a410576ca2eee5b09f0b7773cedbec03c0031ec48903c48c5ebab5da1d95efe,PASS,WARNING,12,0.355126,9.364,NOT_INFERRED_NO_DETECTOR,0.479578,0.492954,0.428260,0.000000,0.133320,0.355126,0.909091,0.580564,0.701179,0.588973,0.253067,0.000000,0.780303,0.689550,SMALL_FAR|CROWDED|FAST_MOTION,0.451692,0.465135,HIGH,0.483881,10,13,13,NO,NOT_SELECTED,,,,,COMPUTED,COMPUTED_SELECTION_SIGNAL_NOT_GROUND_TRUTH,"OpenCV image/motion heuristics only; vehicle_density_score and object_count_estimate are moving-region proxies, not detections; event_likelihood is not ground truth violation."
LF_ZmCAo38w_C035,data/clips/LF_ZmCAo38w_C035.mp4,LF_ZmCAo38w,LF_ZmCAo38w,UNRESOLVED,3740.0,3860.0,120.0,30.0,1920,1080,h264,85c809f284ab7748e9a7ce1cf803df222a827e0ce639a089b28282164ea1d8d9,PASS,WARNING,12,0.362203,13.273,NOT_INFERRED_NO_DETECTOR,0.512247,0.428461,0.442592,0.000000,0.149431,0.362203,0.909091,0.611989,0.690881,0.712991,0.256648,0.000000,1.000000,0.608535,SMALL_FAR|OCCLUSION|CROWDED,0.493132,0.479262,HIGH,0.510995,5,5,5,YES,SELECTED,source_coverage=LF_ZmCAo38w; event_likelihood=HIGH; hardcase=SMALL_FAR|OCCLUSION|CROWDED; diversity_aware_rank; selection_signal_only_not_ground_truth,PENDING,,,COMPUTED,COMPUTED_SELECTION_SIGNAL_NOT_GROUND_TRUTH,"OpenCV image/motion heuristics only; vehicle_density_score and object_count_estimate are moving-region proxies, not detections; event_likelihood is not ground truth violation."
LF_ZmCAo38w_C036,data/clips/LF_ZmCAo38w_C036.mp4,LF_ZmCAo38w,LF_ZmCAo38w,UNRESOLVED,3850.0,3970.0,120.0,30.0,1920,1080,h264,3e38daad91e88d50378ec538c2bff09f8789c68afe166f422d8ed616342225fc,PASS,WARNING,12,0.300395,11.909,NOT_INFERRED_NO_DETECTOR,0.440728,0.453321,0.441232,0.000000,0.126791,0.300395,0.909091,0.551110,0.717496,0.681011,0.278481,0.000000,0.992424,0.648348,SMALL_FAR|OCCLUSION|CROWDED,0.500068,0.434862,HIGH,0.474748,12,19,19,NO,NOT_SELECTED,,,,,COMPUTED,COMPUTED_SELECTION_SIGNAL_NOT_GROUND_TRUTH,"OpenCV image/motion heuristics only; vehicle_density_score and object_count_estimate are moving-region proxies, not detections; event_likelihood is not ground truth violation."
LF_ZmCAo38w_C037,data/clips/LF_ZmCAo38w_C037.mp4,LF_ZmCAo38w,LF_ZmCAo38w,UNRESOLVED,3960.0,4080.0,120.0,30.0,1920,1080,h264,faad487bf337118d0cea1af77f874468b05b7c97f58962e7fb20cc440ce79fbc,PASS,WARNING,12,0.311196,9.727,NOT_INFERRED_NO_DETECTOR,0.451567,0.452999,0.442403,0.000000,0.150463,0.311196,0.909091,0.568477,0.726914,0.585872,0.254892,0.000000,0.810606,0.621757,SMALL_FAR|CROWDED,0.452859,0.445722,HIGH,0.470518,14,22,22,NO,NOT_SELECTED,,,,,COMPUTED,COMPUTED_SELECTION_SIGNAL_NOT_GROUND_TRUTH,"OpenCV image/motion heuristics only; vehicle_density_score and object_count_estimate are moving-region proxies, not detections; event_likelihood is not ground truth violation."
LF_ZmCAo38w_C038,data/clips/LF_ZmCAo38w_C038.mp4,LF_ZmCAo38w,LF_ZmCAo38w,UNRESOLVED,4070.0,4190.0,120.0,30.0,1920,1080,h264,cc218447d02455734c10345087c796a4b19caf45c6581cd600f3e7dfc5888047,PASS,WARNING,12,0.185290,10.091,NOT_INFERRED_NO_DETECTOR,0.316810,0.328744,0.454360,0.000000,0.065716,0.185290,0.909091,0.315577,0.762436,0.545881,0.249665,0.000000,0.840909,0.499048,SMALL_FAR|CROWDED,0.443046,0.351276,MEDIUM,0.366410,48,96,96,YES,SELECTED,source_coverage=LF_ZmCAo38w; event_likelihood=MEDIUM; hardcase=SMALL_FAR|CROWDED; diversity_aware_rank; selection_signal_only_not_ground_truth,PENDING,,,COMPUTED,COMPUTED_SELECTION_SIGNAL_NOT_GROUND_TRUTH,"OpenCV image/motion heuristics only; vehicle_density_score and object_count_estimate are moving-region proxies, not detections; event_likelihood is not ground truth violation."
LF_ZmCAo38w_C039,data/clips/LF_ZmCAo38w_C039.mp4,LF_ZmCAo38w,LF_ZmCAo38w,UNRESOLVED,4180.0,4300.0,120.0,30.0,1920,1080,h264,c839804c68535dbd314dc861be58e886787eb0b6bb7406828fb51d6cc0a6851d,PASS,WARNING,12,0.219110,9.909,NOT_INFERRED_NO_DETECTOR,0.360615,0.439359,0.446162,0.000000,0.120641,0.219110,0.909091,0.393185,0.795288,0.552766,0.152383,0.000000,0.825758,0.597300,SMALL_FAR|CROWDED,0.445670,0.384488,HIGH,0.400320,39,68,68,NO,NOT_SELECTED,,,,,COMPUTED,COMPUTED_SELECTION_SIGNAL_NOT_GROUND_TRUTH,"OpenCV image/motion heuristics only; vehicle_density_score and object_count_estimate are moving-region proxies, not detections; event_likelihood is not ground truth violation."
LF_ZmCAo38w_C040,data/clips/LF_ZmCAo38w_C040.mp4,LF_ZmCAo38w,LF_ZmCAo38w,UNRESOLVED,4290.0,4410.0,120.0,30.0,1920,1080,h264,06103371d50af4f257d7a9d2e39d23b5eb5e2f5c35feff5adcea8f6bd0a0b197,PASS,WARNING,12,0.277289,9.909,NOT_INFERRED_NO_DETECTOR,0.396803,0.436635,0.450194,0.000000,0.107053,0.277289,0.909091,0.449738,0.705309,0.578946,0.239000,0.000000,0.825758,0.600406,SMALL_FAR|CROWDED,0.445638,0.411594,HIGH,0.426217,29,44,44,NO,NOT_SELECTED,,,,,COMPUTED,COMPUTED_SELECTION_SIGNAL_NOT_GROUND_TRUTH,"OpenCV image/motion heuristics only; vehicle_density_score and object_count_estimate are moving-region proxies, not detections; event_likelihood is not ground truth violation."
LF_ZmCAo38w_C041,data/clips/LF_ZmCAo38w_C041.mp4,LF_ZmCAo38w,LF_ZmCAo38w,UNRESOLVED,4400.0,4520.0,120.0,30.0,1920,1080,h264,1b5982fe69d9664d1ca0428cfb300bbf6bae963beecf6335ca25f045e39678d8,PASS,WARNING,12,0.240265,9.727,NOT_INFERRED_NO_DETECTOR,0.372694,0.372693,0.442156,0.000000,0.098798,0.240265,0.909091,0.368648,0.729797,0.553953,0.241765,0.000000,0.810606,0.521880,SMALL_FAR|CROWDED,0.435086,0.391010,HIGH,0.397128,40,70,70,NO,NOT_SELECTED,,,,,COMPUTED,COMPUTED_SELECTION_SIGNAL_NOT_GROUND_TRUTH,"OpenCV image/motion heuristics only; vehicle_density_score and object_count_estimate are moving-region proxies, not detections; event_likelihood is not ground truth violation."
LF_ZmCAo38w_C042,data/clips/LF_ZmCAo38w_C042.mp4,LF_ZmCAo38w,LF_ZmCAo38w,UNRESOLVED,4510.0,4630.0,120.0,30.0,1920,1080,h264,4571c1fabc04ad412058c85309fce8aa5219f2acd3180a0f9e92adae804a6daf,PASS,WARNING,12,0.258665,9.727,NOT_INFERRED_NO_DETECTOR,0.378179,0.360734,0.452190,0.000000,0.116083,0.258665,0.909091,0.396998,0.719822,0.562232,0.228325,0.000000,0.810606,0.517479,SMALL_FAR|CROWDED,0.432040,0.401858,HIGH,0.406593,36,60,60,NO,NOT_SELECTED,,,,,COMPUTED,COMPUTED_SELECTION_SIGNAL_NOT_GROUND_TRUTH,"OpenCV image/motion heuristics only; vehicle_density_score and object_count_estimate are moving-region proxies, not detections; event_likelihood is not ground truth violation."
LF_ZmCAo38w_C043,data/clips/LF_ZmCAo38w_C043.mp4,LF_ZmCAo38w,LF_ZmCAo38w,UNRESOLVED,4620.0,4740.0,120.0,30.0,1920,1080,h264,0e926bad96b69bb679488fe6475aeb829cdd1c5e2154c0589563ecac600d0f00,PASS,WARNING,12,0.214744,8.091,NOT_INFERRED_NO_DETECTOR,0.338821,0.304769,0.444982,0.000000,0.114720,0.214744,0.909091,0.269589,0.630441,0.467468,0.187387,0.000000,0.674242,0.426117,CROWDED,0.364172,0.376053,HIGH,0.349095,56,116,116,NO,NOT_SELECTED,,,,,COMPUTED,COMPUTED_SELECTION_SIGNAL_NOT_GROUND_TRUTH,"OpenCV image/motion heuristics only; vehicle_density_score and object_count_estimate are moving-region proxies, not detections; event_likelihood is not ground truth violation."
LF_ZmCAo38w_C044,data/clips/LF_ZmCAo38w_C044.mp4,LF_ZmCAo38w,LF_ZmCAo38w,UNRESOLVED,4730.0,4850.0,120.0,30.0,1920,1080,h264,6df5ff337ff377e72cf8d26bfd31807a4b7c6c12fc139995979b0233936e0ed4,PASS,WARNING,12,0.266149,12.455,NOT_INFERRED_NO_DETECTOR,0.406225,0.458871,0.431515,0.000000,0.120486,0.266149,0.909091,0.481565,0.750882,0.669767,0.156650,0.000000,1.000000,0.622656,SMALL_FAR|OCCLUSION|CROWDED,0.485576,0.412768,HIGH,0.444752,20,32,32,NO,NOT_SELECTED,,,,,COMPUTED,COMPUTED_SELECTION_SIGNAL_NOT_GROUND_TRUTH,"OpenCV image/motion heuristics only; vehicle_density_score and object_count_estimate are moving-region proxies, not detections; event_likelihood is not ground truth violation."
LF_ZmCAo38w_C045,data/clips/LF_ZmCAo38w_C045.mp4,LF_ZmCAo38w,LF_ZmCAo38w,UNRESOLVED,4840.0,4960.0,120.0,30.0,1920,1080,h264,84bbafbbc146021da31731a9983ba00a82800deccfa88b53f3624afef04beeda,PASS,WARNING,12,0.275808,10.636,NOT_INFERRED_NO_DETECTOR,0.401420,0.493286,0.439749,0.000000,0.110753,0.275808,0.909091,0.475698,0.682865,0.611614,0.149361,0.000000,0.886364,0.684303,SMALL_FAR|CROWDED|FAST_MOTION,0.453387,0.413003,HIGH,0.434206,25,40,40,NO,NOT_SELECTED,,,,,COMPUTED,COMPUTED_SELECTION_SIGNAL_NOT_GROUND_TRUTH,"OpenCV image/motion heuristics only; vehicle_density_score and object_count_estimate are moving-region proxies, not detections; event_likelihood is not ground truth violation."
LF_ZmCAo38w_C046,data/clips/LF_ZmCAo38w_C046.mp4,LF_ZmCAo38w,LF_ZmCAo38w,UNRESOLVED,4950.0,5070.0,120.0,30.0,1920,1080,h264,4ff8e10fa073036b6f067a47dcdf1d3ae1dfec67143fca92f5500a8a68b4858b,PASS,WARNING,12,0.358548,9.909,NOT_INFERRED_NO_DETECTOR,0.486173,0.528896,0.438902,0.000000,0.121219,0.358548,0.909091,0.600739,0.731106,0.615513,0.291255,0.000000,0.825758,0.686806,SMALL_FAR|CROWDED|FAST_MOTION,0.473085,0.465902,HIGH,0.494616,8,10,10,YES,SELECTED,source_coverage=LF_ZmCAo38w; event_likelihood=HIGH; hardcase=SMALL_FAR|CROWDED|FAST_MOTION; diversity_aware_rank; selection_signal_only_not_ground_truth,PENDING,,,COMPUTED,COMPUTED_SELECTION_SIGNAL_NOT_GROUND_TRUTH,"OpenCV image/motion heuristics only; vehicle_density_score and object_count_estimate are moving-region proxies, not detections; event_likelihood is not ground truth violation."
LF_ZmCAo38w_C047,data/clips/LF_ZmCAo38w_C047.mp4,LF_ZmCAo38w,LF_ZmCAo38w,UNRESOLVED,5060.0,5180.0,120.0,30.0,1920,1080,h264,8828103a2759487418c528a2b49d84a6f98d7b73cf72eccff639d93d3a631266,PASS,WARNING,12,0.230549,8.909,NOT_INFERRED_NO_DETECTOR,0.352613,0.328955,0.453772,0.000000,0.105499,0.230549,0.909091,0.316776,0.651905,0.512080,0.252935,0.000000,0.742424,0.487475,SMALL_FAR|CROWDED,0.401730,0.383491,HIGH,0.372884,46,90,90,NO,NOT_SELECTED,,,,,COMPUTED,COMPUTED_SELECTION_SIGNAL_NOT_GROUND_TRUTH,"OpenCV image/motion heuristics only; vehicle_density_score and object_count_estimate are moving-region proxies, not detections; event_likelihood is not ground truth violation."
LF_ZmCAo38w_C048,data/clips/LF_ZmCAo38w_C048.mp4,LF_ZmCAo38w,LF_ZmCAo38w,UNRESOLVED,5170.0,5290.0,120.0,30.0,1920,1080,h264,1b57cd574eecea832fd5d3b5c66074241eb2fa7323c067b455014ca5e922144e,PASS,WARNING,12,0.178763,9.455,NOT_INFERRED_NO_DETECTOR,0.309889,0.283474,0.475017,0.000000,0.091196,0.178763,0.909091,0.253470,0.679747,0.513777,0.228731,0.000000,0.787879,0.423228,SMALL_FAR|CROWDED,0.403153,0.351774,MEDIUM,0.343439,58,119,119,NO,NOT_SELECTED,,,,,COMPUTED,COMPUTED_SELECTION_SIGNAL_NOT_GROUND_TRUTH,"OpenCV image/motion heuristics only; vehicle_density_score and object_count_estimate are moving-region proxies, not detections; event_likelihood is not ground truth violation."
LF_ZmCAo38w_C049,data/clips/LF_ZmCAo38w_C049.mp4,LF_ZmCAo38w,LF_ZmCAo38w,UNRESOLVED,5280.0,5400.0,120.0,30.0,1920,1080,h264,596dfbcd396f8c90462edca2e93d9677ca95bb4a68852a6450f035f128485ead,PASS,WARNING,12,0.370436,10.364,NOT_INFERRED_NO_DETECTOR,0.523244,0.616748,0.456021,0.000000,0.162463,0.370436,0.909091,0.702457,0.688853,0.641696,0.302566,0.000000,0.863636,0.816213,SMALL_FAR|CROWDED|FAST_MOTION,0.492318,0.487376,HIGH,0.531778,2,2,2,YES,SELECTED,source_coverage=LF_ZmCAo38w; event_likelihood=HIGH; hardcase=SMALL_FAR|CROWDED|FAST_MOTION; diversity_aware_rank; selection_signal_only_not_ground_truth,PENDING,,,COMPUTED,COMPUTED_SELECTION_SIGNAL_NOT_GROUND_TRUTH,"OpenCV image/motion heuristics only; vehicle_density_score and object_count_estimate are moving-region proxies, not detections; event_likelihood is not ground truth violation."
LF_ZmCAo38w_C050,data/clips/LF_ZmCAo38w_C050.mp4,LF_ZmCAo38w,LF_ZmCAo38w,UNRESOLVED,5390.0,5510.0,120.0,30.0,1920,1080,h264,061b831dc82573f44fc76ac3449f9f15ab682039ada610f3537ffeb7b2b244f9,PASS,WARNING,12,0.179640,10.273,NOT_INFERRED_NO_DETECTOR,0.317074,0.317219,0.453091,0.000000,0.116591,0.179640,0.909091,0.270952,0.736246,0.551671,0.162600,0.000000,0.856061,0.428220,SMALL_FAR|CROWDED,0.420878,0.358583,MEDIUM,0.355271,53,111,111,NO,NOT_SELECTED,,,,,COMPUTED,COMPUTED_SELECTION_SIGNAL_NOT_GROUND_TRUTH,"OpenCV image/motion heuristics only; vehicle_density_score and object_count_estimate are moving-region proxies, not detections; event_likelihood is not ground truth violation."
LF_ZmCAo38w_C051,data/clips/LF_ZmCAo38w_C051.mp4,LF_ZmCAo38w,LF_ZmCAo38w,UNRESOLVED,5500.0,5620.0,120.0,30.0,1920,1080,h264,7142dedcd955ddff41c700cf7b1cbf3d435125027ea7672f643678f99182b843,PASS,WARNING,12,0.243838,9.818,NOT_INFERRED_NO_DETECTOR,0.388705,0.514907,0.445581,0.000000,0.123901,0.243838,0.909091,0.471768,0.719050,0.559727,0.249411,0.000000,0.818182,0.710067,SMALL_FAR|CROWDED|FAST_MOTION,0.458825,0.401067,HIGH,0.428482,27,42,42,NO,NOT_SELECTED,,,,,COMPUTED,COMPUTED_SELECTION_SIGNAL_NOT_GROUND_TRUTH,"OpenCV image/motion heuristics only; vehicle_density_score and object_count_estimate are moving-region proxies, not detections; event_likelihood is not ground truth violation."
LF_ZmCAo38w_C052,data/clips/LF_ZmCAo38w_C052.mp4,LF_ZmCAo38w,LF_ZmCAo38w,UNRESOLVED,5610.0,5730.0,120.0,30.0,1920,1080,h264,728b1f6bc7dfd732ccfbe7e8653ecc46bfb00d6ac5860f9249196883a82dd4d5,PASS,WARNING,12,0.358021,11.818,NOT_INFERRED_NO_DETECTOR,0.501998,0.567496,0.442889,0.000000,0.154926,0.358021,0.909091,0.683805,0.741916,0.702776,0.282883,0.000000,0.984848,0.723941,SMALL_FAR|OCCLUSION|CROWDED|FAST_MOTION,0.515986,0.476062,HIGH,0.527747,3,3,3,YES,SELECTED,source_coverage=LF_ZmCAo38w; event_likelihood=HIGH; hardcase=SMALL_FAR|OCCLUSION|CROWDED|FAST_MOTION; diversity_aware_rank; selection_signal_only_not_ground_truth,PENDING,,,COMPUTED,COMPUTED_SELECTION_SIGNAL_NOT_GROUND_TRUTH,"OpenCV image/motion heuristics only; vehicle_density_score and object_count_estimate are moving-region proxies, not detections; event_likelihood is not ground truth violation."
LF_ZmCAo38w_C053,data/clips/LF_ZmCAo38w_C053.mp4,LF_ZmCAo38w,LF_ZmCAo38w,UNRESOLVED,5720.0,5840.0,120.0,30.0,1920,1080,h264,7666d199b49cd29c21644d6bdd254110c15f570f90d3bfb04c09db1402326008,PASS,WARNING,12,0.222778,11.364,NOT_INFERRED_NO_DETECTOR,0.337396,0.361565,0.449697,0.000000,0.070620,0.222778,0.909091,0.381028,0.768550,0.621083,0.262564,0.000000,0.946970,0.488466,SMALL_FAR|CROWDED,0.472181,0.370462,HIGH,0.396877,41,71,71,NO,NOT_SELECTED,,,,,COMPUTED,COMPUTED_SELECTION_SIGNAL_NOT_GROUND_TRUTH,"OpenCV image/motion heuristics only; vehicle_density_score and object_count_estimate are moving-region proxies, not detections; event_likelihood is not ground truth violation."
LF_ZmCAo38w_C054,data/clips/LF_ZmCAo38w_C054.mp4,LF_ZmCAo38w,LF_ZmCAo38w,UNRESOLVED,5830.0,5950.0,120.0,30.0,1920,1080,h264,baa36135ba52c543bfd830ac8e4cff713c38bdadcfc3415e3c48fc0498686f47,PASS,WARNING,12,0.183854,8.455,NOT_INFERRED_NO_DETECTOR,0.287828,0.305647,0.457639,0.000000,0.072025,0.183854,0.909091,0.243352,0.702075,0.470234,0.140988,0.000000,0.704545,0.401658,SMALL_FAR|CROWDED,0.372871,0.344097,MEDIUM,0.327267,64,135,135,NO,NOT_SELECTED,,,,,COMPUTED,COMPUTED_SELECTION_SIGNAL_NOT_GROUND_TRUTH,"OpenCV image/motion heuristics only; vehicle_density_score and object_count_estimate are moving-region proxies, not detections; event_likelihood is not ground truth violation."
LF_ZmCAo38w_C055,data/clips/LF_ZmCAo38w_C055.mp4,LF_ZmCAo38w,LF_ZmCAo38w,UNRESOLVED,5940.0,6060.0,120.0,30.0,1920,1080,h264,a5fb1f57a8c5691362ca662d53278fcb348e4a520a812974ad285bad3c314560,PASS,WARNING,12,0.191518,9.909,NOT_INFERRED_NO_DETECTOR,0.304051,0.302483,0.463310,0.000000,0.103979,0.191518,0.909091,0.257142,0.758737,0.540350,0.198288,0.000000,0.825758,0.386093,SMALL_FAR|CROWDED,0.418434,0.356835,MEDIUM,0.349804,55,115,115,NO,NOT_SELECTED,,,,,COMPUTED,COMPUTED_SELECTION_SIGNAL_NOT_GROUND_TRUTH,"OpenCV image/motion heuristics only; vehicle_density_score and object_count_estimate are moving-region proxies, not detections; event_likelihood is not ground truth violation."
LF_ZmCAo38w_C056,data/clips/LF_ZmCAo38w_C056.mp4,LF_ZmCAo38w,LF_ZmCAo38w,UNRESOLVED,6050.0,6170.0,120.0,30.0,1920,1080,h264,574fd6585dfdfbcd293c4a1db0637d365a43dd7466eef68523ea96b882375061,PASS,WARNING,12,0.270660,9.909,NOT_INFERRED_NO_DETECTOR,0.396247,0.344455,0.457123,0.000000,0.130677,0.270660,0.909091,0.433988,0.648293,0.575964,0.324724,0.000000,0.825758,0.504621,CROWDED,0.435465,0.413442,HIGH,0.421243,31,49,49,NO,NOT_SELECTED,,,,,COMPUTED,COMPUTED_SELECTION_SIGNAL_NOT_GROUND_TRUTH,"OpenCV image/motion heuristics only; vehicle_density_score and object_count_estimate are moving-region proxies, not detections; event_likelihood is not ground truth violation."
LF_ZmCAo38w_C057,data/clips/LF_ZmCAo38w_C057.mp4,LF_ZmCAo38w,LF_ZmCAo38w,UNRESOLVED,6160.0,6280.0,120.0,30.0,1920,1080,h264,14fa0c324c7b7326f28830801934d3136013f30ee78be48e409afb54a415ab29,PASS,WARNING,12,0.188911,9.182,NOT_INFERRED_NO_DETECTOR,0.320448,0.374908,0.467369,0.000000,0.079547,0.188911,0.909091,0.313319,0.694137,0.505843,0.197298,0.000000,0.765152,0.512209,SMALL_FAR|CROWDED,0.407274,0.355978,MEDIUM,0.358399,51,109,109,NO,NOT_SELECTED,,,,,COMPUTED,COMPUTED_SELECTION_SIGNAL_NOT_GROUND_TRUTH,"OpenCV image/motion heuristics only; vehicle_density_score and object_count_estimate are moving-region proxies, not detections; event_likelihood is not ground truth violation."
LF_ZmCAo38w_C058,data/clips/LF_ZmCAo38w_C058.mp4,LF_ZmCAo38w,LF_ZmCAo38w,UNRESOLVED,6270.0,6390.0,120.0,30.0,1920,1080,h264,8c5422574755a47e211c14341ce7826ca10a7f6d296240e76bf76de12562801e,PASS,WARNING,12,0.257992,11.091,NOT_INFERRED_NO_DETECTOR,0.399541,0.397463,0.460004,0.000000,0.136180,0.257992,0.909091,0.472855,0.699981,0.624430,0.263144,0.000000,0.924242,0.581534,SMALL_FAR|CROWDED,0.467920,0.411015,HIGH,0.436703,24,38,38,NO,NOT_SELECTED,,,,,COMPUTED,COMPUTED_SELECTION_SIGNAL_NOT_GROUND_TRUTH,"OpenCV image/motion heuristics only; vehicle_density_score and object_count_estimate are moving-region proxies, not detections; event_likelihood is not ground truth violation."
LF_ZmCAo38w_C059,data/clips/LF_ZmCAo38w_C059.mp4,LF_ZmCAo38w,LF_ZmCAo38w,UNRESOLVED,6380.0,6500.0,120.0,30.0,1920,1080,h264,c6d51391f4cc7f8079540a93e9c136b455d1b9a919d5d1c51f04688322bc5347,PASS,WARNING,12,0.175953,8.818,NOT_INFERRED_NO_DETECTOR,0.300765,0.292686,0.472372,0.000000,0.083748,0.175953,0.909091,0.243247,0.687101,0.483346,0.186521,0.000000,0.734848,0.398486,SMALL_FAR|CROWDED,0.382853,0.347014,MEDIUM,0.332821,60,127,127,NO,NOT_SELECTED,,,,,COMPUTED,COMPUTED_SELECTION_SIGNAL_NOT_GROUND_TRUTH,"OpenCV image/motion heuristics only; vehicle_density_score and object_count_estimate are moving-region proxies, not detections; event_likelihood is not ground truth violation."
LF_ZmCAo38w_C060,data/clips/LF_ZmCAo38w_C060.mp4,LF_ZmCAo38w,LF_ZmCAo38w,UNRESOLVED,6490.0,6610.0,120.0,30.0,1920,1080,h264,b0fd79ad400c9cb3626441e1687e102355ec7871045b8f5fea4a371c17f42da4,PASS,WARNING,12,0.220789,10.182,NOT_INFERRED_NO_DETECTOR,0.359140,0.401802,0.468547,0.000000,0.102922,0.220789,0.909091,0.374750,0.721589,0.566022,0.264689,0.000000,0.848485,0.543590,SMALL_FAR|CROWDED,0.447174,0.381471,HIGH,0.395978,42,73,73,NO,NOT_SELECTED,,,,,COMPUTED,COMPUTED_SELECTION_SIGNAL_NOT_GROUND_TRUTH,"OpenCV image/motion heuristics only; vehicle_density_score and object_count_estimate are moving-region proxies, not detections; event_likelihood is not ground truth violation."
LF_ZmCAo38w_C061,data/clips/LF_ZmCAo38w_C061.mp4,LF_ZmCAo38w,LF_ZmCAo38w,UNRESOLVED,6600.0,6720.0,120.0,30.0,1920,1080,h264,b8b5e2e5f7ccc3945b9c61db4bc4b3bf5f84404b0c40d9bf39d7a20cf6273165,PASS,WARNING,12,0.268652,9.000,NOT_INFERRED_NO_DETECTOR,0.415488,0.384311,0.454340,0.000000,0.145643,0.268652,0.909091,0.457288,0.619185,0.533393,0.229811,0.000000,0.750000,0.536381,CROWDED,0.402668,0.420648,HIGH,0.421590,30,48,48,NO,NOT_SELECTED,,,,,COMPUTED,COMPUTED_SELECTION_SIGNAL_NOT_GROUND_TRUTH,"OpenCV image/motion heuristics only; vehicle_density_score and object_count_estimate are moving-region proxies, not detections; event_likelihood is not ground truth violation."
LF_ZmCAo38w_C062,data/clips/LF_ZmCAo38w_C062.mp4,LF_ZmCAo38w,LF_ZmCAo38w,UNRESOLVED,6710.0,6830.0,120.0,30.0,1920,1080,h264,cdf8365b84d8fbf66d664d87eece05069548892d4a917990a6e014e18e2a74b8,PASS,WARNING,12,0.200909,10.636,NOT_INFERRED_NO_DETECTOR,0.331927,0.310532,0.472310,0.000000,0.090334,0.200909,0.909091,0.315696,0.719448,0.577909,0.268050,0.000000,0.886364,0.411594,SMALL_FAR|CROWDED,0.439144,0.365098,HIGH,0.372958,45,89,89,NO,NOT_SELECTED,,,,,COMPUTED,COMPUTED_SELECTION_SIGNAL_NOT_GROUND_TRUTH,"OpenCV image/motion heuristics only; vehicle_density_score and object_count_estimate are moving-region proxies, not detections; event_likelihood is not ground truth violation."
LF_ZmCAo38w_C063,data/clips/LF_ZmCAo38w_C063.mp4,LF_ZmCAo38w,LF_ZmCAo38w,UNRESOLVED,6820.0,6940.0,120.0,30.0,1920,1080,h264,d035f0a9f932527d9ca3aaf8c33320a9693f3f96a0899dc7ce37333d05386344,PASS,WARNING,12,0.199757,10.818,NOT_INFERRED_NO_DETECTOR,0.344814,0.344954,0.470239,0.000000,0.137633,0.199757,0.909091,0.363208,0.714344,0.585724,0.213005,0.000000,0.901515,0.478621,SMALL_FAR|CROWDED,0.442081,0.376700,HIGH,0.388752,43,80,80,NO,NOT_SELECTED,,,,,COMPUTED,COMPUTED_SELECTION_SIGNAL_NOT_GROUND_TRUTH,"OpenCV image/motion heuristics only; vehicle_density_score and object_count_estimate are moving-region proxies, not detections; event_likelihood is not ground truth violation."
LF_ZmCAo38w_C064,data/clips/LF_ZmCAo38w_C064.mp4,LF_ZmCAo38w,LF_ZmCAo38w,UNRESOLVED,6930.0,7050.0,120.0,30.0,1920,1080,h264,9e9003a46af4d467895375ec30e37069e46fb5a29002bd2bf3e6edf414b96bb7,PASS,WARNING,12,0.224135,10.818,NOT_INFERRED_NO_DETECTOR,0.356329,0.338908,0.466148,0.000000,0.152711,0.224135,0.909091,0.399095,0.701251,0.596694,0.175643,0.000000,0.901515,0.467650,SMALL_FAR|CROWDED,0.434713,0.390812,HIGH,0.400457,38,67,67,NO,NOT_SELECTED,,,,,COMPUTED,COMPUTED_SELECTION_SIGNAL_NOT_GROUND_TRUTH,"OpenCV image/motion heuristics only; vehicle_density_score and object_count_estimate are moving-region proxies, not detections; event_likelihood is not ground truth violation."
LF_ZmCAo38w_C065,data/clips/LF_ZmCAo38w_C065.mp4,LF_ZmCAo38w,LF_ZmCAo38w,UNRESOLVED,7040.0,7160.0,120.0,30.0,1920,1080,h264,6dec47d5b5592fb8ef21e87d8f9669a8c10cbe7cac1a9fa4054fc30ae0a22cad,PASS,WARNING,12,0.181698,8.636,NOT_INFERRED_NO_DETECTOR,0.335931,0.386326,0.449023,0.000000,0.100235,0.181698,0.909091,0.280207,0.687791,0.477598,0.194916,0.000000,0.719697,0.478890,SMALL_FAR|CROWDED,0.390573,0.361430,HIGH,0.351910,54,112,112,NO,NOT_SELECTED,,,,,COMPUTED,COMPUTED_SELECTION_SIGNAL_NOT_GROUND_TRUTH,"OpenCV image/motion heuristics only; vehicle_density_score and object_count_estimate are moving-region proxies, not detections; event_likelihood is not ground truth violation."
LF_ZmCAo38w_C066,data/clips/LF_ZmCAo38w_C066.mp4,LF_ZmCAo38w,LF_ZmCAo38w,UNRESOLVED,7150.0,7201.668,51.668005,30.0,1920,1080,h264,5fc62d814358165de6705a9404c19279570642acc311a39101e05a550447f03a,PASS,WARNING,12,0.132371,4.818,NOT_INFERRED_NO_DETECTOR,0.211109,0.511330,0.466365,0.000000,0.078435,0.132371,0.545455,0.273415,0.364957,0.280400,0.169464,0.000000,0.401515,0.433274,,0.244909,0.230669,LOW,0.240003,66,284,284,YES,SELECTED,source_coverage=LF_ZmCAo38w; event_likelihood=LOW; hardcase=NORMAL_CASE; diversity_aware_rank; selection_signal_only_not_ground_truth,PENDING,,,COMPUTED,COMPUTED_SELECTION_SIGNAL_NOT_GROUND_TRUTH,"OpenCV image/motion heuristics only; vehicle_density_score and object_count_estimate are moving-region proxies, not detections; event_likelihood is not ground truth violation."
YppQ6BEHAKY_C001,data/clips/YppQ6BEHAKY_C001.mp4,YppQ6BEHAKY,YppQ6BEHAKY,UNRESOLVED,0.0,120.0,120.0,30.0,1920,1080,h264,ebad9a55d436144eec4b709ab123f3f1d85c88ddd63f444c8db65909a4dd6f50,PASS,WARNING,12,0.071026,5.000,NOT_INFERRED_NO_DETECTOR,0.193062,0.205126,0.431107,0.000000,0.071226,0.071026,0.818182,0.111450,0.787013,0.261128,0.076623,0.000000,0.416667,0.294580,SMALL_FAR,0.290964,0.260914,MEDIUM,0.234282,43,314,314,NO,NOT_SELECTED,,,,,COMPUTED,COMPUTED_SELECTION_SIGNAL_NOT_GROUND_TRUTH,"OpenCV image/motion heuristics only; vehicle_density_score and object_count_estimate are moving-region proxies, not detections; event_likelihood is not ground truth violation."
YppQ6BEHAKY_C002,data/clips/YppQ6BEHAKY_C002.mp4,YppQ6BEHAKY,YppQ6BEHAKY,UNRESOLVED,110.0,230.0,120.0,30.0,1920,1080,h264,47a16a3672c3127f2d5488a71de63ac4275c6fa3b266f2d9d001fc84aa1325db,PASS,WARNING,12,0.039807,4.455,NOT_INFERRED_NO_DETECTOR,0.150450,0.162231,0.438130,0.000000,0.048138,0.039807,0.545455,0.235948,0.867965,0.222080,0.015152,0.000000,0.371212,0.242161,SMALL_FAR,0.277899,0.177366,LOW,0.212830,65,392,392,NO,NOT_SELECTED,,,,,COMPUTED,COMPUTED_SELECTION_SIGNAL_NOT_GROUND_TRUTH,"OpenCV image/motion heuristics only; vehicle_density_score and object_count_estimate are moving-region proxies, not detections; event_likelihood is not ground truth violation."
YppQ6BEHAKY_C003,data/clips/YppQ6BEHAKY_C003.mp4,YppQ6BEHAKY,YppQ6BEHAKY,UNRESOLVED,220.0,340.0,120.0,30.0,1920,1080,h264,b7880f360fa5c8c7fedefa663346f50c5ebe3c31584c553d30bfa5541bac3630,PASS,WARNING,12,0.046932,4.000,NOT_INFERRED_NO_DETECTOR,0.149257,0.143379,0.435189,0.000000,0.052070,0.046932,0.636364,0.231798,0.822727,0.204453,0.030303,0.000000,0.333333,0.223812,SMALL_FAR,0.261147,0.199265,LOW,0.216447,60,384,384,NO,NOT_SELECTED,,,,,COMPUTED,COMPUTED_SELECTION_SIGNAL_NOT_GROUND_TRUTH,"OpenCV image/motion heuristics only; vehicle_density_score and object_count_estimate are moving-region proxies, not detections; event_likelihood is not ground truth violation."
YppQ6BEHAKY_C004,data/clips/YppQ6BEHAKY_C004.mp4,YppQ6BEHAKY,YppQ6BEHAKY,UNRESOLVED,330.0,450.0,120.0,30.0,1920,1080,h264,c966dd80f8c0345245e0e24d0d82561f46fff518a4ae0be78c89ce5be5dc580f,PASS,WARNING,12,0.094091,5.091,NOT_INFERRED_NO_DETECTOR,0.225801,0.247966,0.421454,0.000000,0.082962,0.094091,0.909091,0.104351,0.565693,0.275674,0.112338,0.000000,0.424242,0.337328,,0.264505,0.298799,MEDIUM,0.245436,30,262,262,NO,NOT_SELECTED,,,,,COMPUTED,COMPUTED_SELECTION_SIGNAL_NOT_GROUND_TRUTH,"OpenCV image/motion heuristics only; vehicle_density_score and object_count_estimate are moving-region proxies, not detections; event_likelihood is not ground truth violation."
YppQ6BEHAKY_C005,data/clips/YppQ6BEHAKY_C005.mp4,YppQ6BEHAKY,YppQ6BEHAKY,UNRESOLVED,440.0,560.0,120.0,30.0,1920,1080,h264,a66c184cce341ea58252a5c4a9aeb2267f8a42d3928df6708c2b6d7704f8c802,PASS,WARNING,12,0.095843,4.455,NOT_INFERRED_NO_DETECTOR,0.202574,0.213616,0.414715,0.000000,0.083545,0.095843,0.818182,0.082888,0.665801,0.247296,0.236472,0.000000,0.371212,0.290775,SMALL_FAR,0.281859,0.274138,MEDIUM,0.233287,44,319,319,NO,NOT_SELECTED,,,,,COMPUTED,COMPUTED_SELECTION_SIGNAL_NOT_GROUND_TRUTH,"OpenCV image/motion heuristics only; vehicle_density_score and object_count_estimate are moving-region proxies, not detections; event_likelihood is not ground truth violation."
YppQ6BEHAKY_C006,data/clips/YppQ6BEHAKY_C006.mp4,YppQ6BEHAKY,YppQ6BEHAKY,UNRESOLVED,550.0,670.0,120.0,30.0,1920,1080,h264,59f945f53203b8a84f693f180c0140b72807c65de9e8a9233a28bc50268a0cfe,PASS,WARNING,12,0.067049,4.091,NOT_INFERRED_NO_DETECTOR,0.176960,0.171223,0.423459,0.000000,0.073124,0.067049,0.909091,0.136535,0.642424,0.217672,0.096970,0.000000,0.340909,0.249771,,0.244204,0.274647,MEDIUM,0.229540,47,332,332,NO,NOT_SELECTED,,,,,COMPUTED,COMPUTED_SELECTION_SIGNAL_NOT_GROUND_TRUTH,"OpenCV image/motion heuristics only; vehicle_density_score and object_count_estimate are moving-region proxies, not detections; event_likelihood is not ground truth violation."
YppQ6BEHAKY_C007,data/clips/YppQ6BEHAKY_C007.mp4,YppQ6BEHAKY,YppQ6BEHAKY,UNRESOLVED,660.0,780.0,120.0,30.0,1920,1080,h264,1806788d5d3c6d65b376cb2e45ad83d75591eb8b5d3cf026ab04e832a9c6882d,PASS,WARNING,12,0.059943,5.364,NOT_INFERRED_NO_DETECTOR,0.169010,0.199003,0.434364,0.000000,0.064494,0.059943,0.727273,0.156425,0.702627,0.272808,0.024351,0.000000,0.446970,0.268189,SMALL_FAR,0.271773,0.230350,LOW,0.221281,57,373,373,NO,NOT_SELECTED,,,,,COMPUTED,COMPUTED_SELECTION_SIGNAL_NOT_GROUND_TRUTH,"OpenCV image/motion heuristics only; vehicle_density_score and object_count_estimate are moving-region proxies, not detections; event_likelihood is not ground truth violation."
YppQ6BEHAKY_C008,data/clips/YppQ6BEHAKY_C008.mp4,YppQ6BEHAKY,YppQ6BEHAKY,UNRESOLVED,770.0,890.0,120.0,30.0,1920,1080,h264,c5923a212bced2f536d28a7839a09325a1effa709c3cde4882467c8fbcc423c6,PASS,WARNING,12,0.085634,4.364,NOT_INFERRED_NO_DETECTOR,0.198765,0.240707,0.432195,0.000000,0.079386,0.085634,0.545455,0.123116,0.771212,0.238536,0.097727,0.000000,0.363636,0.296819,SMALL_FAR,0.279695,0.211617,LOW,0.213206,64,391,391,NO,NOT_SELECTED,,,,,COMPUTED,COMPUTED_SELECTION_SIGNAL_NOT_GROUND_TRUTH,"OpenCV image/motion heuristics only; vehicle_density_score and object_count_estimate are moving-region proxies, not detections; event_likelihood is not ground truth violation."
YppQ6BEHAKY_C009,data/clips/YppQ6BEHAKY_C009.mp4,YppQ6BEHAKY,YppQ6BEHAKY,UNRESOLVED,880.0,1000.0,120.0,30.0,1920,1080,h264,f2ad25a520647228d811686be9681d3d61a25ef7b4815cbf57878c86e81d120e,PASS,WARNING,12,0.057592,4.273,NOT_INFERRED_NO_DETECTOR,0.175411,0.160626,0.433378,0.000000,0.061140,0.057592,0.818182,0.174750,0.756061,0.221750,0.000000,0.000000,0.356061,0.226866,SMALL_FAR,0.251329,0.249766,MEDIUM,0.227778,49,342,342,NO,NOT_SELECTED,,,,,COMPUTED,COMPUTED_SELECTION_SIGNAL_NOT_GROUND_TRUTH,"OpenCV image/motion heuristics only; vehicle_density_score and object_count_estimate are moving-region proxies, not detections; event_likelihood is not ground truth violation."
YppQ6BEHAKY_C010,data/clips/YppQ6BEHAKY_C010.mp4,YppQ6BEHAKY,YppQ6BEHAKY,UNRESOLVED,990.0,1110.0,120.0,30.0,1920,1080,h264,f83f7bb600c8631b91f457292c0e45e60bc9fb7b418201c01ac741a0f3ba91c0,PASS,WARNING,12,0.066967,5.455,NOT_INFERRED_NO_DETECTOR,0.194237,0.189520,0.430322,0.000000,0.087708,0.066967,0.818182,0.097027,0.710859,0.280135,0.184343,0.000000,0.454545,0.278791,SMALL_FAR,0.299164,0.262818,MEDIUM,0.234923,42,309,309,NO,NOT_SELECTED,,,,,COMPUTED,COMPUTED_SELECTION_SIGNAL_NOT_GROUND_TRUTH,"OpenCV image/motion heuristics only; vehicle_density_score and object_count_estimate are moving-region proxies, not detections; event_likelihood is not ground truth violation."
YppQ6BEHAKY_C011,data/clips/YppQ6BEHAKY_C011.mp4,YppQ6BEHAKY,YppQ6BEHAKY,UNRESOLVED,1100.0,1220.0,120.0,30.0,1920,1080,h264,b63d71e4e4d45219c450eda541342ce00dc15a776d65f717312e9091c7bf3067,PASS,WARNING,12,0.098295,4.818,NOT_INFERRED_NO_DETECTOR,0.222758,0.259644,0.428348,0.000000,0.080060,0.098295,0.909091,0.091510,0.715368,0.265066,0.152597,0.000000,0.401515,0.371707,SMALL_FAR,0.296086,0.298885,MEDIUM,0.251639,26,235,235,NO,NOT_SELECTED,,,,,COMPUTED,COMPUTED_SELECTION_SIGNAL_NOT_GROUND_TRUTH,"OpenCV image/motion heuristics only; vehicle_density_score and object_count_estimate are moving-region proxies, not detections; event_likelihood is not ground truth violation."
YppQ6BEHAKY_C012,data/clips/YppQ6BEHAKY_C012.mp4,YppQ6BEHAKY,YppQ6BEHAKY,UNRESOLVED,1210.0,1330.0,120.0,30.0,1920,1080,h264,d28603c871553414173675ec50e75168d7363b0da5fc38028e7a522bb42c7ccb,PASS,WARNING,12,0.142112,4.909,NOT_INFERRED_NO_DETECTOR,0.293292,0.362365,0.418505,0.000000,0.119823,0.142112,0.909091,0.210664,0.613636,0.288950,0.056277,0.000000,0.409091,0.437677,,0.276762,0.339984,MEDIUM,0.293401,10,162,162,YES,SELECTED,source_coverage=YppQ6BEHAKY; event_likelihood=MEDIUM; hardcase=NORMAL_CASE; diversity_aware_rank; selection_signal_only_not_ground_truth,PENDING,,,COMPUTED,COMPUTED_SELECTION_SIGNAL_NOT_GROUND_TRUTH,"OpenCV image/motion heuristics only; vehicle_density_score and object_count_estimate are moving-region proxies, not detections; event_likelihood is not ground truth violation."
YppQ6BEHAKY_C013,data/clips/YppQ6BEHAKY_C013.mp4,YppQ6BEHAKY,YppQ6BEHAKY,UNRESOLVED,1320.0,1440.0,120.0,30.0,1920,1080,h264,77940663ca1990defefcfb705784fd58f960df08a2825ce7e1747a752c48fc28,PASS,WARNING,12,0.105167,5.636,NOT_INFERRED_NO_DETECTOR,0.227617,0.282242,0.416361,0.000000,0.095809,0.105167,0.818182,0.067720,0.725964,0.305659,0.152135,0.000000,0.469697,0.358423,SMALL_FAR,0.312927,0.286277,MEDIUM,0.247359,28,253,253,NO,NOT_SELECTED,,,,,COMPUTED,COMPUTED_SELECTION_SIGNAL_NOT_GROUND_TRUTH,"OpenCV image/motion heuristics only; vehicle_density_score and object_count_estimate are moving-region proxies, not detections; event_likelihood is not ground truth violation."
YppQ6BEHAKY_C014,data/clips/YppQ6BEHAKY_C014.mp4,YppQ6BEHAKY,YppQ6BEHAKY,UNRESOLVED,1430.0,1550.0,120.0,30.0,1920,1080,h264,7494e86fa19b2ba296ed3bd8becc865350f34998683dd91693d8a475ac924fae,PASS,WARNING,12,0.080432,5.636,NOT_INFERRED_NO_DETECTOR,0.190394,0.261590,0.426676,0.000000,0.075501,0.080432,0.727273,0.091025,0.843074,0.294528,0.075108,0.000000,0.469697,0.360117,SMALL_FAR,0.321868,0.245071,MEDIUM,0.232285,45,322,322,NO,NOT_SELECTED,,,,,COMPUTED,COMPUTED_SELECTION_SIGNAL_NOT_GROUND_TRUTH,"OpenCV image/motion heuristics only; vehicle_density_score and object_count_estimate are moving-region proxies, not detections; event_likelihood is not ground truth violation."
YppQ6BEHAKY_C015,data/clips/YppQ6BEHAKY_C015.mp4,YppQ6BEHAKY,YppQ6BEHAKY,UNRESOLVED,1540.0,1660.0,120.0,30.0,1920,1080,h264,f08732b850b9d08163fc1a7a8fa96949251c1242cae6b7042e349dae2f9e9f26,PASS,WARNING,12,0.118766,5.182,NOT_INFERRED_NO_DETECTOR,0.245874,0.286970,0.421657,0.000000,0.096544,0.118766,0.818182,0.099775,0.689141,0.290945,0.097727,0.000000,0.431818,0.374664,SMALL_FAR,0.292510,0.295962,MEDIUM,0.253671,24,228,228,NO,NOT_SELECTED,,,,,COMPUTED,COMPUTED_SELECTION_SIGNAL_NOT_GROUND_TRUTH,"OpenCV image/motion heuristics only; vehicle_density_score and object_count_estimate are moving-region proxies, not detections; event_likelihood is not ground truth violation."
YppQ6BEHAKY_C016,data/clips/YppQ6BEHAKY_C016.mp4,YppQ6BEHAKY,YppQ6BEHAKY,UNRESOLVED,1650.0,1770.0,120.0,30.0,1920,1080,h264,c69be91b014a562022323afaf63f0e299b3be209786902a2ab4e095600213aeb,PASS,WARNING,12,0.084665,5.364,NOT_INFERRED_NO_DETECTOR,0.213299,0.334649,0.427067,0.000000,0.076433,0.084665,0.636364,0.132282,0.822006,0.283933,0.083838,0.000000,0.446970,0.435680,SMALL_FAR,0.323246,0.233771,LOW,0.238099,39,297,297,NO,NOT_SELECTED,,,,,COMPUTED,COMPUTED_SELECTION_SIGNAL_NOT_GROUND_TRUTH,"OpenCV image/motion heuristics only; vehicle_density_score and object_count_estimate are moving-region proxies, not detections; event_likelihood is not ground truth violation."
YppQ6BEHAKY_C017,data/clips/YppQ6BEHAKY_C017.mp4,YppQ6BEHAKY,YppQ6BEHAKY,UNRESOLVED,1760.0,1880.0,120.0,30.0,1920,1080,h264,37b52a49618dfa835964ace40a6fbbba16373b5f4b3884cfe241a3f5f94772af,PASS,WARNING,12,0.097014,4.000,NOT_INFERRED_NO_DETECTOR,0.198703,0.192969,0.430813,0.000000,0.100795,0.097014,0.818182,0.081541,0.692424,0.226990,0.112121,0.000000,0.333333,0.259356,SMALL_FAR,0.256568,0.276596,MEDIUM,0.226531,51,351,351,NO,NOT_SELECTED,,,,,COMPUTED,COMPUTED_SELECTION_SIGNAL_NOT_GROUND_TRUTH,"OpenCV image/motion heuristics only; vehicle_density_score and object_count_estimate are moving-region proxies, not detections; event_likelihood is not ground truth violation."
YppQ6BEHAKY_C018,data/clips/YppQ6BEHAKY_C018.mp4,YppQ6BEHAKY,YppQ6BEHAKY,UNRESOLVED,1870.0,1990.0,120.0,30.0,1920,1080,h264,c13f84d7eb02f57d5a0fef598c328704855ad4ca3f5bb39c2c49621cb2cec659,PASS,WARNING,12,0.067986,4.545,NOT_INFERRED_NO_DETECTOR,0.166048,0.194579,0.427574,0.000000,0.065545,0.067986,0.636364,0.156232,0.740152,0.238927,0.106061,0.000000,0.378788,0.262472,SMALL_FAR,0.273628,0.213383,LOW,0.214284,63,388,388,NO,NOT_SELECTED,,,,,COMPUTED,COMPUTED_SELECTION_SIGNAL_NOT_GROUND_TRUTH,"OpenCV image/motion heuristics only; vehicle_density_score and object_count_estimate are moving-region proxies, not detections; event_likelihood is not ground truth violation."
YppQ6BEHAKY_C019,data/clips/YppQ6BEHAKY_C019.mp4,YppQ6BEHAKY,YppQ6BEHAKY,UNRESOLVED,1980.0,2100.0,120.0,30.0,1920,1080,h264,de0c8274f933d8870851d1ccb95a8180a448ce54eb76556a71aee2366319b61b,PASS,WARNING,12,0.074688,4.727,NOT_INFERRED_NO_DETECTOR,0.180932,0.228070,0.420749,0.000000,0.075060,0.074688,0.818182,0.094896,0.731494,0.250276,0.093182,0.000000,0.393939,0.299133,SMALL_FAR,0.278679,0.259574,MEDIUM,0.225844,52,353,353,NO,NOT_SELECTED,,,,,COMPUTED,COMPUTED_SELECTION_SIGNAL_NOT_GROUND_TRUTH,"OpenCV image/motion heuristics only; vehicle_density_score and object_count_estimate are moving-region proxies, not detections; event_likelihood is not ground truth violation."
YppQ6BEHAKY_C020,data/clips/YppQ6BEHAKY_C020.mp4,YppQ6BEHAKY,YppQ6BEHAKY,UNRESOLVED,2090.0,2210.0,120.0,30.0,1920,1080,h264,df6ed82381e9adab5c781836e9dc856628ece698783b08855e8714a33fc99ade,PASS,WARNING,12,0.063403,4.727,NOT_INFERRED_NO_DETECTOR,0.163533,0.218415,0.423372,0.000000,0.061179,0.063403,0.636364,0.142540,0.797107,0.245198,0.128650,0.000000,0.393939,0.309668,SMALL_FAR,0.296009,0.210359,LOW,0.216514,59,383,383,NO,NOT_SELECTED,,,,,COMPUTED,COMPUTED_SELECTION_SIGNAL_NOT_GROUND_TRUTH,"OpenCV image/motion heuristics only; vehicle_density_score and object_count_estimate are moving-region proxies, not detections; event_likelihood is not ground truth violation."
YppQ6BEHAKY_C021,data/clips/YppQ6BEHAKY_C021.mp4,YppQ6BEHAKY,YppQ6BEHAKY,UNRESOLVED,2200.0,2320.0,120.0,30.0,1920,1080,h264,0f2ea57acfdb1f9c4102940d2e790750fba142ec19fdd7d44ae63301982f8c7f,PASS,WARNING,12,0.148374,6.091,NOT_INFERRED_NO_DETECTOR,0.272532,0.342603,0.419703,0.000000,0.123246,0.148374,0.909091,0.169531,0.717172,0.345935,0.106749,0.000000,0.507576,0.450194,SMALL_FAR,0.327702,0.337124,MEDIUM,0.296568,7,155,155,YES,SELECTED,source_coverage=YppQ6BEHAKY; event_likelihood=MEDIUM; hardcase=SMALL_FAR; diversity_aware_rank; selection_signal_only_not_ground_truth,PENDING,,,COMPUTED,COMPUTED_SELECTION_SIGNAL_NOT_GROUND_TRUTH,"OpenCV image/motion heuristics only; vehicle_density_score and object_count_estimate are moving-region proxies, not detections; event_likelihood is not ground truth violation."
YppQ6BEHAKY_C022,data/clips/YppQ6BEHAKY_C022.mp4,YppQ6BEHAKY,YppQ6BEHAKY,UNRESOLVED,2310.0,2430.0,120.0,30.0,1920,1080,h264,9dff3cc0a312c3ea43d5ef4c06ddd756ce27e66e1d24e28c8fae7dc72214a6a8,PASS,WARNING,12,0.127765,5.000,NOT_INFERRED_NO_DETECTOR,0.262503,0.327393,0.424781,0.000000,0.081202,0.127765,0.909091,0.165174,0.617460,0.286661,0.093434,0.000000,0.416667,0.398330,,0.278823,0.319841,MEDIUM,0.273635,17,195,195,NO,NOT_SELECTED,,,,,COMPUTED,COMPUTED_SELECTION_SIGNAL_NOT_GROUND_TRUTH,"OpenCV image/motion heuristics only; vehicle_density_score and object_count_estimate are moving-region proxies, not detections; event_likelihood is not ground truth violation."
YppQ6BEHAKY_C023,data/clips/YppQ6BEHAKY_C023.mp4,YppQ6BEHAKY,YppQ6BEHAKY,UNRESOLVED,2420.0,2540.0,120.0,30.0,1920,1080,h264,5189e3fa294cf2db2dc1b59cab4a34d0d36e2942e661730c80b8a943c23b27d6,PASS,WARNING,12,0.085177,3.909,NOT_INFERRED_NO_DETECTOR,0.183699,0.215629,0.421260,0.000000,0.061681,0.085177,0.818182,0.129465,0.674242,0.217496,0.022727,0.000000,0.325758,0.266177,SMALL_FAR,0.239057,0.261480,MEDIUM,0.222105,56,371,371,NO,NOT_SELECTED,,,,,COMPUTED,COMPUTED_SELECTION_SIGNAL_NOT_GROUND_TRUTH,"OpenCV image/motion heuristics only; vehicle_density_score and object_count_estimate are moving-region proxies, not detections; event_likelihood is not ground truth violation."
YppQ6BEHAKY_C024,data/clips/YppQ6BEHAKY_C024.mp4,YppQ6BEHAKY,YppQ6BEHAKY,UNRESOLVED,2530.0,2650.0,120.0,30.0,1920,1080,h264,af91b29d4e315215d83503b3836a5a817af5503dd08a14b1a07fc837bed6a6dc,PASS,WARNING,12,0.066645,4.091,NOT_INFERRED_NO_DETECTOR,0.175122,0.202528,0.427268,0.000000,0.064575,0.066645,0.636364,0.150098,0.796753,0.217490,0.071429,0.000000,0.340909,0.283688,SMALL_FAR,0.272452,0.215202,LOW,0.214704,61,386,386,NO,NOT_SELECTED,,,,,COMPUTED,COMPUTED_SELECTION_SIGNAL_NOT_GROUND_TRUTH,"OpenCV image/motion heuristics only; vehicle_density_score and object_count_estimate are moving-region proxies, not detections; event_likelihood is not ground truth violation."
YppQ6BEHAKY_C025,data/clips/YppQ6BEHAKY_C025.mp4,YppQ6BEHAKY,YppQ6BEHAKY,UNRESOLVED,2640.0,2760.0,120.0,30.0,1920,1080,h264,246236a52ec8e381f1c4b0381178c3f602deffe854c7bf65c65caa9402a640a3,PASS,WARNING,12,0.037882,3.727,NOT_INFERRED_NO_DETECTOR,0.144424,0.142567,0.427774,0.000000,0.046703,0.037882,0.454545,0.263507,0.837662,0.187880,0.066667,0.000000,0.310606,0.201433,SMALL_FAR,0.260285,0.155735,LOW,0.203051,66,411,411,NO,NOT_SELECTED,,,,,COMPUTED,COMPUTED_SELECTION_SIGNAL_NOT_GROUND_TRUTH,"OpenCV image/motion heuristics only; vehicle_density_score and object_count_estimate are moving-region proxies, not detections; event_likelihood is not ground truth violation."
YppQ6BEHAKY_C026,data/clips/YppQ6BEHAKY_C026.mp4,YppQ6BEHAKY,YppQ6BEHAKY,UNRESOLVED,2750.0,2870.0,120.0,30.0,1920,1080,h264,38ae417e021123fede1ad0cb3a9a478c1e273913e07e3c63ef02f3346a0eadcd,PASS,WARNING,12,0.091285,4.273,NOT_INFERRED_NO_DETECTOR,0.201650,0.298041,0.424449,0.000000,0.074344,0.091285,0.818182,0.106358,0.762121,0.236911,0.133333,0.000000,0.356061,0.404978,SMALL_FAR,0.294583,0.270682,MEDIUM,0.239512,35,288,288,NO,NOT_SELECTED,,,,,COMPUTED,COMPUTED_SELECTION_SIGNAL_NOT_GROUND_TRUTH,"OpenCV image/motion heuristics only; vehicle_density_score and object_count_estimate are moving-region proxies, not detections; event_likelihood is not ground truth violation."
YppQ6BEHAKY_C027,data/clips/YppQ6BEHAKY_C027.mp4,YppQ6BEHAKY,YppQ6BEHAKY,UNRESOLVED,2860.0,2980.0,120.0,30.0,1920,1080,h264,52167a317aaf32b7b7e5d75dd61142020fb2674f76fefc94fbeca8d368ed56ca,PASS,WARNING,12,0.039467,5.000,NOT_INFERRED_NO_DETECTOR,0.141885,0.124753,0.417870,0.000000,0.043861,0.039467,0.727273,0.236504,0.856061,0.246927,0.000000,0.000000,0.416667,0.196787,SMALL_FAR,0.278942,0.212350,LOW,0.226888,50,349,349,NO,NOT_SELECTED,,,,,COMPUTED,COMPUTED_SELECTION_SIGNAL_NOT_GROUND_TRUTH,"OpenCV image/motion heuristics only; vehicle_density_score and object_count_estimate are moving-region proxies, not detections; event_likelihood is not ground truth violation."
YppQ6BEHAKY_C028,data/clips/YppQ6BEHAKY_C028.mp4,YppQ6BEHAKY,YppQ6BEHAKY,UNRESOLVED,2970.0,3090.0,120.0,30.0,1920,1080,h264,9f8f47d7e0ff29d572f4933264e00272c62676f7d351f1a70f40707a1fa6b085,PASS,WARNING,12,0.065224,4.182,NOT_INFERRED_NO_DETECTOR,0.188695,0.188966,0.417134,0.000000,0.073568,0.065224,0.909091,0.120748,0.776407,0.221018,0.048701,0.000000,0.348485,0.297060,SMALL_FAR,0.268919,0.277275,MEDIUM,0.236131,40,305,305,NO,NOT_SELECTED,,,,,COMPUTED,COMPUTED_SELECTION_SIGNAL_NOT_GROUND_TRUTH,"OpenCV image/motion heuristics only; vehicle_density_score and object_count_estimate are moving-region proxies, not detections; event_likelihood is not ground truth violation."
YppQ6BEHAKY_C029,data/clips/YppQ6BEHAKY_C029.mp4,YppQ6BEHAKY,YppQ6BEHAKY,UNRESOLVED,3080.0,3200.0,120.0,30.0,1920,1080,h264,9b9c72ffd8eceee55cc54fad5aeafa7dd8405af2fe8c009755c5f6152201167f,PASS,WARNING,12,0.102323,4.000,NOT_INFERRED_NO_DETECTOR,0.221738,0.252997,0.414594,0.000000,0.089203,0.102323,0.909091,0.101964,0.656061,0.229379,0.101515,0.000000,0.333333,0.329000,SMALL_FAR,0.257229,0.301625,MEDIUM,0.243669,33,271,271,NO,NOT_SELECTED,,,,,COMPUTED,COMPUTED_SELECTION_SIGNAL_NOT_GROUND_TRUTH,"OpenCV image/motion heuristics only; vehicle_density_score and object_count_estimate are moving-region proxies, not detections; event_likelihood is not ground truth violation."
YppQ6BEHAKY_C030,data/clips/YppQ6BEHAKY_C030.mp4,YppQ6BEHAKY,YppQ6BEHAKY,UNRESOLVED,3190.0,3310.0,120.0,30.0,1920,1080,h264,7b774353f51771459b3f0dcfdf0fe029ad4d84061025819176a7de95e9da5635,PASS,WARNING,12,0.073788,4.364,NOT_INFERRED_NO_DETECTOR,0.173902,0.186972,0.427347,0.000000,0.056477,0.073788,0.727273,0.151151,0.663853,0.233205,0.211688,0.000000,0.363636,0.270626,SMALL_FAR,0.272435,0.234935,LOW,0.223030,55,366,366,NO,NOT_SELECTED,,,,,COMPUTED,COMPUTED_SELECTION_SIGNAL_NOT_GROUND_TRUTH,"OpenCV image/motion heuristics only; vehicle_density_score and object_count_estimate are moving-region proxies, not detections; event_likelihood is not ground truth violation."
YppQ6BEHAKY_C031,data/clips/YppQ6BEHAKY_C031.mp4,YppQ6BEHAKY,YppQ6BEHAKY,UNRESOLVED,3300.0,3420.0,120.0,30.0,1920,1080,h264,4e5fe70e71abc4744fb88f3f96490b3e8707e848a00fbc37e500f1db2bdda150,PASS,WARNING,12,0.096723,4.727,NOT_INFERRED_NO_DETECTOR,0.235674,0.360464,0.419887,0.000000,0.073246,0.096723,0.909091,0.136545,0.777273,0.260192,0.120563,0.000000,0.393939,0.473661,SMALL_FAR,0.313084,0.300611,MEDIUM,0.266779,19,204,204,NO,NOT_SELECTED,,,,,COMPUTED,COMPUTED_SELECTION_SIGNAL_NOT_GROUND_TRUTH,"OpenCV image/motion heuristics only; vehicle_density_score and object_count_estimate are moving-region proxies, not detections; event_likelihood is not ground truth violation."
YppQ6BEHAKY_C032,data/clips/YppQ6BEHAKY_C032.mp4,YppQ6BEHAKY,YppQ6BEHAKY,UNRESOLVED,3410.0,3530.0,120.0,30.0,1920,1080,h264,0ed5757ee9ca0ef5885e815feb4f90c254152f8981cef2228039447b324ac706,PASS,WARNING,12,0.101992,4.091,NOT_INFERRED_NO_DETECTOR,0.227954,0.226406,0.423577,0.000000,0.070837,0.101992,0.909091,0.108858,0.614935,0.233396,0.159957,0.000000,0.340909,0.316679,,0.258305,0.299885,MEDIUM,0.245226,31,263,263,NO,NOT_SELECTED,,,,,COMPUTED,COMPUTED_SELECTION_SIGNAL_NOT_GROUND_TRUTH,"OpenCV image/motion heuristics only; vehicle_density_score and object_count_estimate are moving-region proxies, not detections; event_likelihood is not ground truth violation."
YppQ6BEHAKY_C033,data/clips/YppQ6BEHAKY_C033.mp4,YppQ6BEHAKY,YppQ6BEHAKY,UNRESOLVED,3520.0,3640.0,120.0,30.0,1920,1080,h264,ffdf640ea130f5a84e8f2ad9b8b1e24a35fe00e046606fe74bd809903f098c93,PASS,WARNING,12,0.069227,5.455,NOT_INFERRED_NO_DETECTOR,0.190306,0.198769,0.419318,0.000000,0.075652,0.069227,0.818182,0.098722,0.830736,0.281152,0.091342,0.000000,0.454545,0.265883,SMALL_FAR,0.306315,0.260355,MEDIUM,0.235724,41,306,306,NO,NOT_SELECTED,,,,,COMPUTED,COMPUTED_SELECTION_SIGNAL_NOT_GROUND_TRUTH,"OpenCV image/motion heuristics only; vehicle_density_score and object_count_estimate are moving-region proxies, not detections; event_likelihood is not ground truth violation."
YppQ6BEHAKY_C034,data/clips/YppQ6BEHAKY_C034.mp4,YppQ6BEHAKY,YppQ6BEHAKY,UNRESOLVED,3630.0,3750.0,120.0,30.0,1920,1080,h264,4d023eedabe6a609904a6b2dea4d18d03f67dcba0a145d973101e6abf02f75b7,PASS,WARNING,12,0.100022,4.091,NOT_INFERRED_NO_DETECTOR,0.221381,0.276985,0.421741,0.000000,0.089441,0.100022,0.818182,0.089294,0.727489,0.232510,0.116883,0.000000,0.340909,0.383260,SMALL_FAR,0.280400,0.281698,MEDIUM,0.239464,37,290,290,NO,NOT_SELECTED,,,,,COMPUTED,COMPUTED_SELECTION_SIGNAL_NOT_GROUND_TRUTH,"OpenCV image/motion heuristics only; vehicle_density_score and object_count_estimate are moving-region proxies, not detections; event_likelihood is not ground truth violation."
YppQ6BEHAKY_C035,data/clips/YppQ6BEHAKY_C035.mp4,YppQ6BEHAKY,YppQ6BEHAKY,UNRESOLVED,3740.0,3860.0,120.0,30.0,1920,1080,h264,2764472de88962a5083ce9f0f1e2381e32bd02f57eb7521b8a813fc043591ad2,PASS,WARNING,12,0.063794,4.727,NOT_INFERRED_NO_DETECTOR,0.180915,0.172801,0.425302,0.000000,0.054501,0.063794,0.818182,0.154497,0.740909,0.245374,0.062879,0.000000,0.393939,0.239197,SMALL_FAR,0.268253,0.252166,MEDIUM,0.230540,46,331,331,NO,NOT_SELECTED,,,,,COMPUTED,COMPUTED_SELECTION_SIGNAL_NOT_GROUND_TRUTH,"OpenCV image/motion heuristics only; vehicle_density_score and object_count_estimate are moving-region proxies, not detections; event_likelihood is not ground truth violation."
YppQ6BEHAKY_C036,data/clips/YppQ6BEHAKY_C036.mp4,YppQ6BEHAKY,YppQ6BEHAKY,UNRESOLVED,3850.0,3970.0,120.0,30.0,1920,1080,h264,8b72cb88d4932483b91a8217c35559814f0b45564de86da86b86f55152150ea5,PASS,WARNING,12,0.092200,4.455,NOT_INFERRED_NO_DETECTOR,0.200839,0.186831,0.425539,0.000000,0.063898,0.092200,0.909091,0.120893,0.632576,0.245657,0.124242,0.000000,0.371212,0.263275,,0.256637,0.287985,MEDIUM,0.238674,38,294,294,NO,NOT_SELECTED,,,,,COMPUTED,COMPUTED_SELECTION_SIGNAL_NOT_GROUND_TRUTH,"OpenCV image/motion heuristics only; vehicle_density_score and object_count_estimate are moving-region proxies, not detections; event_likelihood is not ground truth violation."
YppQ6BEHAKY_C037,data/clips/YppQ6BEHAKY_C037.mp4,YppQ6BEHAKY,YppQ6BEHAKY,UNRESOLVED,3960.0,4080.0,120.0,30.0,1920,1080,h264,46d34408e58815c12684f4a17496bc39b0d8ca8113daed6fed9fba2327be587e,PASS,WARNING,12,0.082456,3.636,NOT_INFERRED_NO_DETECTOR,0.188608,0.288031,0.425555,0.000000,0.072654,0.082456,0.636364,0.140142,0.736364,0.203772,0.086364,0.000000,0.303030,0.404850,SMALL_FAR,0.270231,0.225673,LOW,0.218306,58,377,377,NO,NOT_SELECTED,,,,,COMPUTED,COMPUTED_SELECTION_SIGNAL_NOT_GROUND_TRUTH,"OpenCV image/motion heuristics only; vehicle_density_score and object_count_estimate are moving-region proxies, not detections; event_likelihood is not ground truth violation."
YppQ6BEHAKY_C038,data/clips/YppQ6BEHAKY_C038.mp4,YppQ6BEHAKY,YppQ6BEHAKY,UNRESOLVED,4070.0,4190.0,120.0,30.0,1920,1080,h264,3100860f8f97c3b14531e3f97b917dd5b0b21651eca9562018bc6beced17521d,PASS,WARNING,12,0.064028,3.545,NOT_INFERRED_NO_DETECTOR,0.172319,0.166434,0.422587,0.000000,0.070502,0.064028,0.818182,0.153936,0.690909,0.191313,0.165152,0.000000,0.295455,0.231787,SMALL_FAR,0.249356,0.252804,MEDIUM,0.224384,53,355,355,YES,SELECTED,source_coverage=YppQ6BEHAKY; event_likelihood=MEDIUM; hardcase=SMALL_FAR; diversity_aware_rank; selection_signal_only_not_ground_truth,PENDING,,,COMPUTED,COMPUTED_SELECTION_SIGNAL_NOT_GROUND_TRUTH,"OpenCV image/motion heuristics only; vehicle_density_score and object_count_estimate are moving-region proxies, not detections; event_likelihood is not ground truth violation."
YppQ6BEHAKY_C039,data/clips/YppQ6BEHAKY_C039.mp4,YppQ6BEHAKY,YppQ6BEHAKY,UNRESOLVED,4180.0,4300.0,120.0,30.0,1920,1080,h264,b981e86c8c49846d4de2df86aca22d875bd9db2f401f305331822a3f3bb0cac9,PASS,WARNING,12,0.069239,5.091,NOT_INFERRED_NO_DETECTOR,0.182287,0.195718,0.418574,0.000000,0.059009,0.069239,0.909091,0.115880,0.779978,0.264491,0.119156,0.000000,0.424242,0.244458,SMALL_FAR,0.291320,0.274289,MEDIUM,0.239504,36,289,289,NO,NOT_SELECTED,,,,,COMPUTED,COMPUTED_SELECTION_SIGNAL_NOT_GROUND_TRUTH,"OpenCV image/motion heuristics only; vehicle_density_score and object_count_estimate are moving-region proxies, not detections; event_likelihood is not ground truth violation."
YppQ6BEHAKY_C040,data/clips/YppQ6BEHAKY_C040.mp4,YppQ6BEHAKY,YppQ6BEHAKY,UNRESOLVED,4290.0,4410.0,120.0,30.0,1920,1080,h264,648908614642d7073383f533aa901741e18222f959cea0cf8164912bc752d260,PASS,WARNING,12,0.077604,3.909,NOT_INFERRED_NO_DETECTOR,0.207560,0.256264,0.423847,0.000000,0.065338,0.077604,0.727273,0.137065,0.738636,0.214089,0.085606,0.000000,0.325758,0.354563,SMALL_FAR,0.269581,0.246915,MEDIUM,0.228766,48,335,335,NO,NOT_SELECTED,,,,,COMPUTED,COMPUTED_SELECTION_SIGNAL_NOT_GROUND_TRUTH,"OpenCV image/motion heuristics only; vehicle_density_score and object_count_estimate are moving-region proxies, not detections; event_likelihood is not ground truth violation."
YppQ6BEHAKY_C041,data/clips/YppQ6BEHAKY_C041.mp4,YppQ6BEHAKY,YppQ6BEHAKY,UNRESOLVED,4400.0,4520.0,120.0,30.0,1920,1080,h264,e80a902e27af0e74cbf3fcc67b00813abe892549aa614be59e84ddd0affee6fe,PASS,WARNING,12,0.184236,5.455,NOT_INFERRED_NO_DETECTOR,0.352517,0.508835,0.415288,0.000000,0.125233,0.184236,0.909091,0.319004,0.678571,0.332906,0.203247,0.000000,0.454545,0.518281,SMALL_FAR,0.332125,0.371271,HIGH,0.348651,2,117,117,YES,SELECTED,source_coverage=YppQ6BEHAKY; event_likelihood=HIGH; hardcase=SMALL_FAR; diversity_aware_rank; selection_signal_only_not_ground_truth,PENDING,,,COMPUTED,COMPUTED_SELECTION_SIGNAL_NOT_GROUND_TRUTH,"OpenCV image/motion heuristics only; vehicle_density_score and object_count_estimate are moving-region proxies, not detections; event_likelihood is not ground truth violation."
YppQ6BEHAKY_C042,data/clips/YppQ6BEHAKY_C042.mp4,YppQ6BEHAKY,YppQ6BEHAKY,UNRESOLVED,4510.0,4630.0,120.0,30.0,1920,1080,h264,e7e5f0182a498a1757040f0c5272ea4313c125214d8fbcd7fe0ff4398495ee4c,PASS,WARNING,12,0.150032,5.727,NOT_INFERRED_NO_DETECTOR,0.271479,0.314944,0.419665,0.000000,0.102973,0.150032,0.909091,0.155111,0.543723,0.330014,0.196970,0.000000,0.477273,0.399220,,0.295918,0.333754,MEDIUM,0.283531,11,170,170,NO,NOT_SELECTED,,,,,COMPUTED,COMPUTED_SELECTION_SIGNAL_NOT_GROUND_TRUTH,"OpenCV image/motion heuristics only; vehicle_density_score and object_count_estimate are moving-region proxies, not detections; event_likelihood is not ground truth violation."
YppQ6BEHAKY_C043,data/clips/YppQ6BEHAKY_C043.mp4,YppQ6BEHAKY,YppQ6BEHAKY,UNRESOLVED,4620.0,4740.0,120.0,30.0,1920,1080,h264,4a3f988ae536f538c9961fbfafbe1d0dc7c2de814009907d3c77b70d63acf8be,PASS,WARNING,12,0.058633,5.273,NOT_INFERRED_NO_DETECTOR,0.158235,0.172697,0.428238,0.000000,0.075946,0.058633,0.727273,0.144288,0.803030,0.268052,0.107071,0.000000,0.439394,0.230833,SMALL_FAR,0.295066,0.229056,LOW,0.223782,54,359,359,NO,NOT_SELECTED,,,,,COMPUTED,COMPUTED_SELECTION_SIGNAL_NOT_GROUND_TRUTH,"OpenCV image/motion heuristics only; vehicle_density_score and object_count_estimate are moving-region proxies, not detections; event_likelihood is not ground truth violation."
YppQ6BEHAKY_C044,data/clips/YppQ6BEHAKY_C044.mp4,YppQ6BEHAKY,YppQ6BEHAKY,UNRESOLVED,4730.0,4850.0,120.0,30.0,1920,1080,h264,71b4c382148841e48927ff8b60fb11afb012e7312809bb039d38df78f49a8660,PASS,WARNING,12,0.172895,6.636,NOT_INFERRED_NO_DETECTOR,0.297706,0.356495,0.425147,0.000000,0.089998,0.172895,0.909091,0.201499,0.627742,0.381969,0.184019,0.000000,0.553030,0.461495,,0.336096,0.346274,MEDIUM,0.311537,3,142,142,YES,SELECTED,source_coverage=YppQ6BEHAKY; event_likelihood=MEDIUM; hardcase=NORMAL_CASE; diversity_aware_rank; selection_signal_only_not_ground_truth,PENDING,,,COMPUTED,COMPUTED_SELECTION_SIGNAL_NOT_GROUND_TRUTH,"OpenCV image/motion heuristics only; vehicle_density_score and object_count_estimate are moving-region proxies, not detections; event_likelihood is not ground truth violation."
YppQ6BEHAKY_C045,data/clips/YppQ6BEHAKY_C045.mp4,YppQ6BEHAKY,YppQ6BEHAKY,UNRESOLVED,4840.0,4960.0,120.0,30.0,1920,1080,h264,6ad7baf7e064fef082ca41ca917a153c3fba31aad26d2c1b938523a2407261f1,PASS,WARNING,12,0.118185,4.727,NOT_INFERRED_NO_DETECTOR,0.259016,0.237470,0.422172,0.000000,0.103568,0.118185,0.909091,0.118231,0.482251,0.269850,0.104762,0.000000,0.393939,0.339527,,0.243024,0.319668,MEDIUM,0.254671,23,224,224,NO,NOT_SELECTED,,,,,COMPUTED,COMPUTED_SELECTION_SIGNAL_NOT_GROUND_TRUTH,"OpenCV image/motion heuristics only; vehicle_density_score and object_count_estimate are moving-region proxies, not detections; event_likelihood is not ground truth violation."
YppQ6BEHAKY_C046,data/clips/YppQ6BEHAKY_C046.mp4,YppQ6BEHAKY,YppQ6BEHAKY,UNRESOLVED,4950.0,5070.0,120.0,30.0,1920,1080,h264,2934e0971d90b06b35bd518565d06a50d4d797fe469507cbde912caa3d1bd8c2,PASS,WARNING,12,0.130019,5.364,NOT_INFERRED_NO_DETECTOR,0.261598,0.288493,0.423266,0.000000,0.089902,0.130019,0.909091,0.127549,0.678030,0.304342,0.128030,0.000000,0.446970,0.423633,SMALL_FAR,0.304929,0.321929,MEDIUM,0.274941,15,192,192,YES,SELECTED,source_coverage=YppQ6BEHAKY; event_likelihood=MEDIUM; hardcase=SMALL_FAR; diversity_aware_rank; selection_signal_only_not_ground_truth,PENDING,,,COMPUTED,COMPUTED_SELECTION_SIGNAL_NOT_GROUND_TRUTH,"OpenCV image/motion heuristics only; vehicle_density_score and object_count_estimate are moving-region proxies, not detections; event_likelihood is not ground truth violation."
YppQ6BEHAKY_C047,data/clips/YppQ6BEHAKY_C047.mp4,YppQ6BEHAKY,YppQ6BEHAKY,UNRESOLVED,5060.0,5180.0,120.0,30.0,1920,1080,h264,8971c2741b61e65e82f5c19b8c37c66ff1fecef3a56fb9093d92e287474d78f1,PASS,WARNING,12,0.118160,4.545,NOT_INFERRED_NO_DETECTOR,0.252974,0.364011,0.421620,0.000000,0.085897,0.118160,0.818182,0.135373,0.721861,0.261505,0.220779,0.000000,0.378788,0.421388,SMALL_FAR,0.308628,0.295757,MEDIUM,0.265358,20,207,207,NO,NOT_SELECTED,,,,,COMPUTED,COMPUTED_SELECTION_SIGNAL_NOT_GROUND_TRUTH,"OpenCV image/motion heuristics only; vehicle_density_score and object_count_estimate are moving-region proxies, not detections; event_likelihood is not ground truth violation."
YppQ6BEHAKY_C048,data/clips/YppQ6BEHAKY_C048.mp4,YppQ6BEHAKY,YppQ6BEHAKY,UNRESOLVED,5170.0,5290.0,120.0,30.0,1920,1080,h264,57b9749100b7e4f3f62bdc0ce67e230d23f7b9fb415191df9087598559602677,PASS,WARNING,12,0.273090,7.273,NOT_INFERRED_NO_DETECTOR,0.436314,0.487896,0.420104,0.000000,0.172853,0.273090,0.909091,0.523986,0.664791,0.456224,0.260823,0.000000,0.606061,0.634739,SMALL_FAR,0.393187,0.432678,HIGH,0.438492,1,35,35,YES,SELECTED,source_coverage=YppQ6BEHAKY; event_likelihood=HIGH; hardcase=SMALL_FAR; diversity_aware_rank; selection_signal_only_not_ground_truth,PENDING,,,COMPUTED,COMPUTED_SELECTION_SIGNAL_NOT_GROUND_TRUTH,"OpenCV image/motion heuristics only; vehicle_density_score and object_count_estimate are moving-region proxies, not detections; event_likelihood is not ground truth violation."
YppQ6BEHAKY_C049,data/clips/YppQ6BEHAKY_C049.mp4,YppQ6BEHAKY,YppQ6BEHAKY,UNRESOLVED,5280.0,5400.0,120.0,30.0,1920,1080,h264,204fc8e18a411fa86239d059145c11f206f2fcbf116ef4c06c18d10d6610b37d,PASS,WARNING,12,0.144280,6.636,NOT_INFERRED_NO_DETECTOR,0.275054,0.313130,0.426751,0.000000,0.088856,0.144280,0.909091,0.150130,0.691811,0.369093,0.171320,0.000000,0.553030,0.416159,SMALL_FAR,0.338608,0.330223,MEDIUM,0.293534,9,161,161,NO,NOT_SELECTED,,,,,COMPUTED,COMPUTED_SELECTION_SIGNAL_NOT_GROUND_TRUTH,"OpenCV image/motion heuristics only; vehicle_density_score and object_count_estimate are moving-region proxies, not detections; event_likelihood is not ground truth violation."
YppQ6BEHAKY_C050,data/clips/YppQ6BEHAKY_C050.mp4,YppQ6BEHAKY,YppQ6BEHAKY,UNRESOLVED,5390.0,5510.0,120.0,30.0,1920,1080,h264,086c433f1cda5910c482b487cb3b8a860c7a73725634b024eeda49b8e9f93a39,PASS,WARNING,12,0.115035,6.091,NOT_INFERRED_NO_DETECTOR,0.221740,0.256012,0.424445,0.000000,0.077476,0.115035,0.909091,0.085045,0.643939,0.330932,0.219156,0.000000,0.507576,0.326032,,0.313257,0.303836,MEDIUM,0.257240,21,219,219,YES,SELECTED,source_coverage=YppQ6BEHAKY; event_likelihood=MEDIUM; hardcase=NORMAL_CASE; diversity_aware_rank; selection_signal_only_not_ground_truth,PENDING,,,COMPUTED,COMPUTED_SELECTION_SIGNAL_NOT_GROUND_TRUTH,"OpenCV image/motion heuristics only; vehicle_density_score and object_count_estimate are moving-region proxies, not detections; event_likelihood is not ground truth violation."
YppQ6BEHAKY_C051,data/clips/YppQ6BEHAKY_C051.mp4,YppQ6BEHAKY,YppQ6BEHAKY,UNRESOLVED,5500.0,5620.0,120.0,30.0,1920,1080,h264,aa873fec3adb6fbad11f1d98ef74cbbd7b26f3632c79b3590e84f9adcbc9ef29,PASS,WARNING,12,0.152314,7.727,NOT_INFERRED_NO_DETECTOR,0.269199,0.324197,0.423264,0.000000,0.101658,0.152314,0.909091,0.168823,0.715729,0.422708,0.290043,0.000000,0.643939,0.438204,SMALL_FAR,0.384231,0.333678,MEDIUM,0.310421,4,144,144,NO,NOT_SELECTED,,,,,COMPUTED,COMPUTED_SELECTION_SIGNAL_NOT_GROUND_TRUTH,"OpenCV image/motion heuristics only; vehicle_density_score and object_count_estimate are moving-region proxies, not detections; event_likelihood is not ground truth violation."
YppQ6BEHAKY_C052,data/clips/YppQ6BEHAKY_C052.mp4,YppQ6BEHAKY,YppQ6BEHAKY,UNRESOLVED,5610.0,5730.0,120.0,30.0,1920,1080,h264,bf8f987d020a4d6a4fe504d728b57e8bfb17759de54d4e17593564081a3654ee,PASS,WARNING,12,0.117014,7.545,NOT_INFERRED_NO_DETECTOR,0.235766,0.301281,0.430950,0.000000,0.094940,0.117014,0.909091,0.100203,0.707107,0.398490,0.168434,0.000000,0.628788,0.341420,SMALL_FAR,0.348225,0.311440,MEDIUM,0.274636,16,193,193,NO,NOT_SELECTED,,,,,COMPUTED,COMPUTED_SELECTION_SIGNAL_NOT_GROUND_TRUTH,"OpenCV image/motion heuristics only; vehicle_density_score and object_count_estimate are moving-region proxies, not detections; event_likelihood is not ground truth violation."
YppQ6BEHAKY_C053,data/clips/YppQ6BEHAKY_C053.mp4,YppQ6BEHAKY,YppQ6BEHAKY,UNRESOLVED,5720.0,5840.0,120.0,30.0,1920,1080,h264,7b2c5ea8a031100b2a94e1e64558c7114450a13f1888564d0aaf71b56c32960b,PASS,WARNING,12,0.130306,9.364,NOT_INFERRED_NO_DETECTOR,0.234363,0.268428,0.429360,0.000000,0.073066,0.130306,0.909091,0.143483,0.759302,0.487804,0.151585,0.000000,0.780303,0.352893,SMALL_FAR|CROWDED,0.393385,0.311643,MEDIUM,0.294988,8,157,157,NO,NOT_SELECTED,,,,,COMPUTED,COMPUTED_SELECTION_SIGNAL_NOT_GROUND_TRUTH,"OpenCV image/motion heuristics only; vehicle_density_score and object_count_estimate are moving-region proxies, not detections; event_likelihood is not ground truth violation."
YppQ6BEHAKY_C054,data/clips/YppQ6BEHAKY_C054.mp4,YppQ6BEHAKY,YppQ6BEHAKY,UNRESOLVED,5830.0,5950.0,120.0,30.0,1920,1080,h264,04f59c60b81bf853e34315ae590ad7981036abcd2809437a74a182ead758863b,PASS,WARNING,12,0.148955,7.364,NOT_INFERRED_NO_DETECTOR,0.277420,0.387780,0.427953,0.000000,0.112521,0.148955,0.909091,0.190453,0.737879,0.404530,0.079215,0.000000,0.613636,0.468524,SMALL_FAR,0.354947,0.336711,MEDIUM,0.308376,6,146,146,YES,SELECTED,source_coverage=YppQ6BEHAKY; event_likelihood=MEDIUM; hardcase=SMALL_FAR; diversity_aware_rank; selection_signal_only_not_ground_truth,PENDING,,,COMPUTED,COMPUTED_SELECTION_SIGNAL_NOT_GROUND_TRUTH,"OpenCV image/motion heuristics only; vehicle_density_score and object_count_estimate are moving-region proxies, not detections; event_likelihood is not ground truth violation."
YppQ6BEHAKY_C055,data/clips/YppQ6BEHAKY_C055.mp4,YppQ6BEHAKY,YppQ6BEHAKY,UNRESOLVED,5940.0,6060.0,120.0,30.0,1920,1080,h264,1bae7b25115bf8bd69d53ff392bfd7df93a681f25d9904bbf04a4347f1b9735b,PASS,WARNING,12,0.106392,6.364,NOT_INFERRED_NO_DETECTOR,0.206144,0.179219,0.428336,0.000000,0.063965,0.106392,0.909091,0.099524,0.663843,0.339543,0.121143,0.000000,0.530303,0.259873,SMALL_FAR,0.300021,0.294255,MEDIUM,0.250245,27,242,242,NO,NOT_SELECTED,,,,,COMPUTED,COMPUTED_SELECTION_SIGNAL_NOT_GROUND_TRUTH,"OpenCV image/motion heuristics only; vehicle_density_score and object_count_estimate are moving-region proxies, not detections; event_likelihood is not ground truth violation."
YppQ6BEHAKY_C056,data/clips/YppQ6BEHAKY_C056.mp4,YppQ6BEHAKY,YppQ6BEHAKY,UNRESOLVED,6050.0,6170.0,120.0,30.0,1920,1080,h264,23cf14ee0a94d0c9813d43ca9bb66ae0e1bee5831a211b7ccca68eabcd905b50,PASS,WARNING,12,0.138741,7.182,NOT_INFERRED_NO_DETECTOR,0.261382,0.236529,0.429464,0.000000,0.094007,0.138741,0.909091,0.103529,0.666486,0.391600,0.189542,0.000000,0.598485,0.345580,SMALL_FAR,0.338555,0.325575,MEDIUM,0.281538,13,174,174,YES,SELECTED,source_coverage=YppQ6BEHAKY; event_likelihood=MEDIUM; hardcase=SMALL_FAR; diversity_aware_rank; selection_signal_only_not_ground_truth,PENDING,,,COMPUTED,COMPUTED_SELECTION_SIGNAL_NOT_GROUND_TRUTH,"OpenCV image/motion heuristics only; vehicle_density_score and object_count_estimate are moving-region proxies, not detections; event_likelihood is not ground truth violation."
YppQ6BEHAKY_C057,data/clips/YppQ6BEHAKY_C057.mp4,YppQ6BEHAKY,YppQ6BEHAKY,UNRESOLVED,6160.0,6280.0,120.0,30.0,1920,1080,h264,9187596048b6679b7ed5bf148695cf28869fde3c69e07b3dd4a9a7ad9afdac19,PASS,WARNING,12,0.098797,5.000,NOT_INFERRED_NO_DETECTOR,0.209584,0.238226,0.431964,0.000000,0.069639,0.098797,0.909091,0.091063,0.716667,0.273625,0.162121,0.000000,0.416667,0.270294,SMALL_FAR,0.289106,0.293623,MEDIUM,0.245813,29,259,259,NO,NOT_SELECTED,,,,,COMPUTED,COMPUTED_SELECTION_SIGNAL_NOT_GROUND_TRUTH,"OpenCV image/motion heuristics only; vehicle_density_score and object_count_estimate are moving-region proxies, not detections; event_likelihood is not ground truth violation."
YppQ6BEHAKY_C058,data/clips/YppQ6BEHAKY_C058.mp4,YppQ6BEHAKY,YppQ6BEHAKY,UNRESOLVED,6270.0,6390.0,120.0,30.0,1920,1080,h264,e7d4ffc92ff77f0aab5a1030df0b031e935f2405dcd27105104ea1b7d1d8eb12,PASS,WARNING,12,0.120189,6.909,NOT_INFERRED_NO_DETECTOR,0.237807,0.318083,0.427164,0.000000,0.072775,0.120189,0.909091,0.120750,0.725253,0.370752,0.162049,0.000000,0.575758,0.284900,SMALL_FAR,0.331447,0.309081,MEDIUM,0.272891,18,197,197,NO,NOT_SELECTED,,,,,COMPUTED,COMPUTED_SELECTION_SIGNAL_NOT_GROUND_TRUTH,"OpenCV image/motion heuristics only; vehicle_density_score and object_count_estimate are moving-region proxies, not detections; event_likelihood is not ground truth violation."
YppQ6BEHAKY_C059,data/clips/YppQ6BEHAKY_C059.mp4,YppQ6BEHAKY,YppQ6BEHAKY,UNRESOLVED,6380.0,6500.0,120.0,30.0,1920,1080,h264,c0e0cb3b5f9d7ab5674efb1665603e782b66b1fe133008fab9783bbf889c09b8,PASS,WARNING,12,0.086581,5.818,NOT_INFERRED_NO_DETECTOR,0.198135,0.168959,0.430959,0.000000,0.069310,0.086581,0.909091,0.111266,0.691991,0.305628,0.077020,0.000000,0.484848,0.240715,SMALL_FAR,0.284591,0.286319,MEDIUM,0.243743,32,270,270,NO,NOT_SELECTED,,,,,COMPUTED,COMPUTED_SELECTION_SIGNAL_NOT_GROUND_TRUTH,"OpenCV image/motion heuristics only; vehicle_density_score and object_count_estimate are moving-region proxies, not detections; event_likelihood is not ground truth violation."
YppQ6BEHAKY_C060,data/clips/YppQ6BEHAKY_C060.mp4,YppQ6BEHAKY,YppQ6BEHAKY,UNRESOLVED,6490.0,6610.0,120.0,30.0,1920,1080,h264,882d5f8d4a51f1bd43c1aa789e6a4dca8c30c168f8fc94432a2e40751cd4f464,PASS,WARNING,12,0.089918,6.091,NOT_INFERRED_NO_DETECTOR,0.211666,0.191691,0.428844,0.000000,0.062795,0.089918,0.818182,0.110628,0.760606,0.319630,0.029545,0.000000,0.507576,0.283552,SMALL_FAR,0.301032,0.270843,MEDIUM,0.243356,34,272,272,NO,NOT_SELECTED,,,,,COMPUTED,COMPUTED_SELECTION_SIGNAL_NOT_GROUND_TRUTH,"OpenCV image/motion heuristics only; vehicle_density_score and object_count_estimate are moving-region proxies, not detections; event_likelihood is not ground truth violation."
YppQ6BEHAKY_C061,data/clips/YppQ6BEHAKY_C061.mp4,YppQ6BEHAKY,YppQ6BEHAKY,UNRESOLVED,6600.0,6720.0,120.0,30.0,1920,1080,h264,78c9dfef9b3a2673c9ad692713d3599ca3ec9952a2605cf30e000e23b836845c,PASS,WARNING,12,0.155773,6.818,NOT_INFERRED_NO_DETECTOR,0.287885,0.340888,0.424246,0.000000,0.102430,0.155773,0.909091,0.174967,0.789279,0.382598,0.119353,0.000000,0.568182,0.462670,SMALL_FAR,0.358773,0.340038,MEDIUM,0.309313,5,145,145,YES,SELECTED,source_coverage=YppQ6BEHAKY; event_likelihood=MEDIUM; hardcase=SMALL_FAR; diversity_aware_rank; selection_signal_only_not_ground_truth,PENDING,,,COMPUTED,COMPUTED_SELECTION_SIGNAL_NOT_GROUND_TRUTH,"OpenCV image/motion heuristics only; vehicle_density_score and object_count_estimate are moving-region proxies, not detections; event_likelihood is not ground truth violation."
YppQ6BEHAKY_C062,data/clips/YppQ6BEHAKY_C062.mp4,YppQ6BEHAKY,YppQ6BEHAKY,UNRESOLVED,6710.0,6830.0,120.0,30.0,1920,1080,h264,62481eaca67182b6ca8548974896d2ef36362a363b584340e7379bf48a7e75d3,PASS,WARNING,12,0.132895,7.364,NOT_INFERRED_NO_DETECTOR,0.248512,0.223662,0.429050,0.000000,0.073069,0.132895,0.909091,0.113058,0.747580,0.397303,0.125969,0.000000,0.613636,0.324778,SMALL_FAR,0.344978,0.316344,MEDIUM,0.279630,14,178,178,NO,NOT_SELECTED,,,,,COMPUTED,COMPUTED_SELECTION_SIGNAL_NOT_GROUND_TRUTH,"OpenCV image/motion heuristics only; vehicle_density_score and object_count_estimate are moving-region proxies, not detections; event_likelihood is not ground truth violation."
YppQ6BEHAKY_C063,data/clips/YppQ6BEHAKY_C063.mp4,YppQ6BEHAKY,YppQ6BEHAKY,UNRESOLVED,6820.0,6940.0,120.0,30.0,1920,1080,h264,d14295a64e92a53278a651df115a60bfaebf36f764f32ea050aa70bec0994381,PASS,WARNING,12,0.106275,7.273,NOT_INFERRED_NO_DETECTOR,0.205640,0.190008,0.435631,0.000000,0.057826,0.106275,0.909091,0.089124,0.742063,0.381157,0.094444,0.000000,0.606061,0.267078,SMALL_FAR,0.329175,0.292974,MEDIUM,0.255937,22,223,223,NO,NOT_SELECTED,,,,,COMPUTED,COMPUTED_SELECTION_SIGNAL_NOT_GROUND_TRUTH,"OpenCV image/motion heuristics only; vehicle_density_score and object_count_estimate are moving-region proxies, not detections; event_likelihood is not ground truth violation."
YppQ6BEHAKY_C064,data/clips/YppQ6BEHAKY_C064.mp4,YppQ6BEHAKY,YppQ6BEHAKY,UNRESOLVED,6930.0,7050.0,120.0,30.0,1920,1080,h264,4212e27fd7b2d5cd8157848b495e6afd4808764d39b38e9579b11921f87cc225,PASS,WARNING,12,0.086815,7.091,NOT_INFERRED_NO_DETECTOR,0.202956,0.186997,0.428326,0.000000,0.067058,0.086815,0.909091,0.082640,0.758741,0.364067,0.128885,0.000000,0.590909,0.267428,SMALL_FAR,0.332224,0.287295,MEDIUM,0.252916,25,231,231,NO,NOT_SELECTED,,,,,COMPUTED,COMPUTED_SELECTION_SIGNAL_NOT_GROUND_TRUTH,"OpenCV image/motion heuristics only; vehicle_density_score and object_count_estimate are moving-region proxies, not detections; event_likelihood is not ground truth violation."
YppQ6BEHAKY_C065,data/clips/YppQ6BEHAKY_C065.mp4,YppQ6BEHAKY,YppQ6BEHAKY,UNRESOLVED,7040.0,7160.0,120.0,30.0,1920,1080,h264,9cc03e4fef8a4cf3d9398bdfcec14620ef6d411da8eae9158232bf29e48dd10e,PASS,WARNING,12,0.129306,6.455,NOT_INFERRED_NO_DETECTOR,0.243286,0.324737,0.428891,0.000000,0.089994,0.129306,0.909091,0.127667,0.786905,0.354021,0.144884,0.000000,0.537879,0.419176,SMALL_FAR,0.347851,0.316759,MEDIUM,0.282611,12,172,172,YES,SELECTED,source_coverage=YppQ6BEHAKY; event_likelihood=MEDIUM; hardcase=SMALL_FAR; diversity_aware_rank; selection_signal_only_not_ground_truth,PENDING,,,COMPUTED,COMPUTED_SELECTION_SIGNAL_NOT_GROUND_TRUTH,"OpenCV image/motion heuristics only; vehicle_density_score and object_count_estimate are moving-region proxies, not detections; event_likelihood is not ground truth violation."
YppQ6BEHAKY_C066,data/clips/YppQ6BEHAKY_C066.mp4,YppQ6BEHAKY,YppQ6BEHAKY,UNRESOLVED,7150.0,7205.059,55.059002,30.0,1920,1080,h264,dfba43d5bcf6b3f448cba76de74f276346623743a0c53397c3017b54e566c001,PASS,WARNING,11,0.088809,5.200,NOT_INFERRED_NO_DETECTOR,0.162791,0.351939,0.434361,0.000000,0.062534,0.088809,0.600000,0.201403,0.469338,0.278297,0.131303,0.000000,0.433333,0.321779,,0.249772,0.211405,LOW,0.214514,62,387,387,NO,NOT_SELECTED,,,,,COMPUTED,COMPUTED_SELECTION_SIGNAL_NOT_GROUND_TRUTH,"OpenCV image/motion heuristics only; vehicle_density_score and object_count_estimate are moving-region proxies, not detections; event_likelihood is not ground truth violation."
interrupted_2026-09-17_C001,data/clips/interrupted_2026-09-17_C001.mp4,interrupted_2026-09-17,NUGc3nLuGsI,UNRESOLVED,0.0,120.0,120.0,30.0,1920,1080,h264,0444c9d0ec03d57057ee204486a618a28667a96e274d1e6abef7bac25fedd1ce,PASS,WARNING,12,0.029962,2.273,NOT_INFERRED_NO_DETECTOR,0.071714,0.085147,0.487110,0.000000,0.070298,0.029962,0.181818,0.404219,0.777273,0.117650,0.081818,0.000000,0.189394,0.108332,SMALL_FAR,0.211137,0.080385,LOW,0.174245,328,460,460,NO,NOT_SELECTED,,,,,COMPUTED,COMPUTED_SELECTION_SIGNAL_NOT_GROUND_TRUTH,"OpenCV image/motion heuristics only; vehicle_density_score and object_count_estimate are moving-region proxies, not detections; event_likelihood is not ground truth violation."
interrupted_2026-09-17_C002,data/clips/interrupted_2026-09-17_C002.mp4,interrupted_2026-09-17,NUGc3nLuGsI,UNRESOLVED,110.0,230.0,120.0,30.0,1920,1080,h264,75488cd6e9b92740048669a2068724a2f31990077ac803995c003f030e4c1f73,PASS,WARNING,12,0.044419,4.545,NOT_INFERRED_NO_DETECTOR,0.089897,0.132827,0.481454,0.000000,0.072756,0.044419,0.454545,0.287032,0.874311,0.228322,0.096871,0.000000,0.378788,0.162396,SMALL_FAR,0.282997,0.147925,LOW,0.203821,279,410,410,NO,NOT_SELECTED,,,,,COMPUTED,COMPUTED_SELECTION_SIGNAL_NOT_GROUND_TRUTH,"OpenCV image/motion heuristics only; vehicle_density_score and object_count_estimate are moving-region proxies, not detections; event_likelihood is not ground truth violation."
interrupted_2026-09-17_C003,data/clips/interrupted_2026-09-17_C003.mp4,interrupted_2026-09-17,NUGc3nLuGsI,UNRESOLVED,220.0,340.0,120.0,30.0,1920,1080,h264,058c6f4a22c14aaf61d938ec3dede60cd89bb049e0eaa68506d9cf1752036b23,PASS,WARNING,12,0.043444,4.000,NOT_INFERRED_NO_DETECTOR,0.079895,0.111015,0.485294,0.000000,0.071341,0.043444,0.454545,0.327074,0.788636,0.202883,0.045455,0.000000,0.333333,0.140635,SMALL_FAR,0.246931,0.144639,LOW,0.198350,287,419,419,NO,NOT_SELECTED,,,,,COMPUTED,COMPUTED_SELECTION_SIGNAL_NOT_GROUND_TRUTH,"OpenCV image/motion heuristics only; vehicle_density_score and object_count_estimate are moving-region proxies, not detections; event_likelihood is not ground truth violation."
interrupted_2026-09-17_C004,data/clips/interrupted_2026-09-17_C004.mp4,interrupted_2026-09-17,NUGc3nLuGsI,UNRESOLVED,330.0,450.0,120.0,30.0,1920,1080,h264,cfc8310dd9b1f8f9139de81e7689c0ca7d59ec5c33260545b4f853c38ba7a9d2,PASS,WARNING,12,0.049132,3.818,NOT_INFERRED_NO_DETECTOR,0.088225,0.120264,0.482494,0.000000,0.078843,0.049132,0.545455,0.286905,0.870130,0.197109,0.041126,0.000000,0.318182,0.149323,SMALL_FAR,0.258804,0.169263,LOW,0.205786,275,406,406,NO,NOT_SELECTED,,,,,COMPUTED,COMPUTED_SELECTION_SIGNAL_NOT_GROUND_TRUTH,"OpenCV image/motion heuristics only; vehicle_density_score and object_count_estimate are moving-region proxies, not detections; event_likelihood is not ground truth violation."
interrupted_2026-09-17_C005,data/clips/interrupted_2026-09-17_C005.mp4,interrupted_2026-09-17,NUGc3nLuGsI,UNRESOLVED,440.0,560.0,120.0,30.0,1920,1080,h264,0b0691162e4157c27365581833fa8e5d06e50a75893e92446a9701e54d6a25fb,PASS,WARNING,12,0.057686,2.636,NOT_INFERRED_NO_DETECTOR,0.094703,0.174618,0.486168,0.000000,0.073772,0.057686,0.454545,0.297554,0.681818,0.146792,0.060606,0.000000,0.219697,0.222384,SMALL_FAR,0.213601,0.153916,LOW,0.189377,304,436,436,NO,NOT_SELECTED,,,,,COMPUTED,COMPUTED_SELECTION_SIGNAL_NOT_GROUND_TRUTH,"OpenCV image/motion heuristics only; vehicle_density_score and object_count_estimate are moving-region proxies, not detections; event_likelihood is not ground truth violation."
interrupted_2026-09-17_C006,data/clips/interrupted_2026-09-17_C006.mp4,interrupted_2026-09-17,NUGc3nLuGsI,UNRESOLVED,550.0,670.0,120.0,30.0,1920,1080,h264,06c43ff250ca015be4fe558aa43983751f03cc7f1979f0d9d04688b5efe216d1,PASS,WARNING,12,0.032254,3.364,NOT_INFERRED_NO_DETECTOR,0.074548,0.118634,0.487287,0.000000,0.076040,0.032254,0.363636,0.342706,0.869589,0.168681,0.026515,0.000000,0.280303,0.139907,SMALL_FAR,0.245491,0.121145,LOW,0.190251,302,434,434,NO,NOT_SELECTED,,,,,COMPUTED,COMPUTED_SELECTION_SIGNAL_NOT_GROUND_TRUTH,"OpenCV image/motion heuristics only; vehicle_density_score and object_count_estimate are moving-region proxies, not detections; event_likelihood is not ground truth violation."
interrupted_2026-09-17_C007,data/clips/interrupted_2026-09-17_C007.mp4,interrupted_2026-09-17,NUGc3nLuGsI,UNRESOLVED,660.0,780.0,120.0,30.0,1920,1080,h264,2435f4300b05f3cb645dd00ca2426487840d65a15a0e131af1ad7bd2c1009003,PASS,WARNING,12,0.049063,3.182,NOT_INFERRED_NO_DETECTOR,0.092295,0.110696,0.485941,0.000000,0.118925,0.049063,0.636364,0.296619,0.628788,0.167911,0.070707,0.000000,0.265152,0.145857,,0.206515,0.196644,LOW,0.204882,278,409,409,NO,NOT_SELECTED,,,,,COMPUTED,COMPUTED_SELECTION_SIGNAL_NOT_GROUND_TRUTH,"OpenCV image/motion heuristics only; vehicle_density_score and object_count_estimate are moving-region proxies, not detections; event_likelihood is not ground truth violation."
interrupted_2026-09-17_C008,data/clips/interrupted_2026-09-17_C008.mp4,interrupted_2026-09-17,NUGc3nLuGsI,UNRESOLVED,770.0,890.0,120.0,30.0,1920,1080,h264,7a4ed5dbd685fd5bf31e01f714366a4832dcbe8705dfe2ea26c33caa17edb13d,PASS,WARNING,12,0.052102,3.273,NOT_INFERRED_NO_DETECTOR,0.091783,0.130504,0.480843,0.000000,0.110919,0.052102,0.454545,0.269331,0.850000,0.173446,0.085065,0.000000,0.272727,0.150926,SMALL_FAR,0.250939,0.157916,LOW,0.196081,292,424,424,NO,NOT_SELECTED,,,,,COMPUTED,COMPUTED_SELECTION_SIGNAL_NOT_GROUND_TRUTH,"OpenCV image/motion heuristics only; vehicle_density_score and object_count_estimate are moving-region proxies, not detections; event_likelihood is not ground truth violation."
interrupted_2026-09-17_C009,data/clips/interrupted_2026-09-17_C009.mp4,interrupted_2026-09-17,NUGc3nLuGsI,UNRESOLVED,880.0,1000.0,120.0,30.0,1920,1080,h264,8927fc8018473b548ca0cc901b913a2c2befdd7e5209334f0e9fe0e3dc1350a1,PASS,WARNING,12,0.022866,2.727,NOT_INFERRED_NO_DETECTOR,0.062858,0.062651,0.478406,0.000000,0.082845,0.022866,0.363636,0.377820,0.818182,0.135290,0.090909,0.000000,0.227273,0.080137,SMALL_FAR,0.224921,0.116022,LOW,0.187258,308,440,440,NO,NOT_SELECTED,,,,,COMPUTED,COMPUTED_SELECTION_SIGNAL_NOT_GROUND_TRUTH,"OpenCV image/motion heuristics only; vehicle_density_score and object_count_estimate are moving-region proxies, not detections; event_likelihood is not ground truth violation."
interrupted_2026-09-17_C010,data/clips/interrupted_2026-09-17_C010.mp4,interrupted_2026-09-17,NUGc3nLuGsI,UNRESOLVED,990.0,1110.0,120.0,30.0,1920,1080,h264,65c7ac12948ee8d47b2ee5d4fa489fa2a5798285e59edd8fce311a63cc5ed07e,PASS,WARNING,12,0.045246,2.455,NOT_INFERRED_NO_DETECTOR,0.089215,0.114450,0.477315,0.000000,0.088765,0.045246,0.545455,0.312519,0.625758,0.132861,0.098485,0.000000,0.204545,0.149124,,0.195647,0.169995,LOW,0.193138,299,431,431,NO,NOT_SELECTED,,,,,COMPUTED,COMPUTED_SELECTION_SIGNAL_NOT_GROUND_TRUTH,"OpenCV image/motion heuristics only; vehicle_density_score and object_count_estimate are moving-region proxies, not detections; event_likelihood is not ground truth violation."
interrupted_2026-09-17_C011,data/clips/interrupted_2026-09-17_C011.mp4,interrupted_2026-09-17,NUGc3nLuGsI,UNRESOLVED,1100.0,1220.0,120.0,30.0,1920,1080,h264,16b7c718201695be7e521ca2d50ef148b39128c169f86918439cfd0edc0e3b43,PASS,WARNING,12,0.048270,3.636,NOT_INFERRED_NO_DETECTOR,0.098673,0.119192,0.483878,0.000000,0.086089,0.048270,0.636364,0.275863,0.744589,0.188388,0.081169,0.000000,0.303030,0.152763,SMALL_FAR,0.238580,0.192186,LOW,0.209017,270,401,401,NO,NOT_SELECTED,,,,,COMPUTED,COMPUTED_SELECTION_SIGNAL_NOT_GROUND_TRUTH,"OpenCV image/motion heuristics only; vehicle_density_score and object_count_estimate are moving-region proxies, not detections; event_likelihood is not ground truth violation."
interrupted_2026-09-17_C012,data/clips/interrupted_2026-09-17_C012.mp4,interrupted_2026-09-17,NUGc3nLuGsI,UNRESOLVED,1210.0,1330.0,120.0,30.0,1920,1080,h264,6ccd637b07a11a1874478140da6d36a9cb8686615911adcdf9cd8865339e0682,PASS,WARNING,12,0.066985,4.273,NOT_INFERRED_NO_DETECTOR,0.118789,0.120258,0.490216,0.000000,0.126781,0.066985,0.818182,0.215101,0.771861,0.225977,0.187229,0.000000,0.356061,0.166953,SMALL_FAR,0.273788,0.249487,MEDIUM,0.234418,203,311,311,NO,NOT_SELECTED,,,,,COMPUTED,COMPUTED_SELECTION_SIGNAL_NOT_GROUND_TRUTH,"OpenCV image/motion heuristics only; vehicle_density_score and object_count_estimate are moving-region proxies, not detections; event_likelihood is not ground truth violation."
interrupted_2026-09-17_C013,data/clips/interrupted_2026-09-17_C013.mp4,interrupted_2026-09-17,NUGc3nLuGsI,UNRESOLVED,1320.0,1440.0,120.0,30.0,1920,1080,h264,85406429c13772a35a1be19c808ff76e52090024ad11eec98c71539b63524237,PASS,WARNING,12,0.024842,2.182,NOT_INFERRED_NO_DETECTOR,0.070065,0.078541,0.496846,0.000000,0.074148,0.024842,0.272727,0.409720,0.651515,0.111179,0.196970,0.000000,0.181818,0.100489,SMALL_FAR,0.201563,0.097983,LOW,0.179748,322,454,454,NO,NOT_SELECTED,,,,,COMPUTED,COMPUTED_SELECTION_SIGNAL_NOT_GROUND_TRUTH,"OpenCV image/motion heuristics only; vehicle_density_score and object_count_estimate are moving-region proxies, not detections; event_likelihood is not ground truth violation."
interrupted_2026-09-17_C014,data/clips/interrupted_2026-09-17_C014.mp4,interrupted_2026-09-17,NUGc3nLuGsI,UNRESOLVED,1430.0,1550.0,120.0,30.0,1920,1080,h264,97e76d0988415dc43e6683f4e5244c3003fc3a41113e047c9d0309c1c86db946,PASS,WARNING,12,0.076916,3.000,NOT_INFERRED_NO_DETECTOR,0.127098,0.252899,0.487159,0.000000,0.112835,0.076916,0.454545,0.201678,0.780303,0.172112,0.159091,0.000000,0.250000,0.233745,SMALL_FAR,0.254872,0.176233,LOW,0.196936,290,422,422,NO,NOT_SELECTED,,,,,COMPUTED,COMPUTED_SELECTION_SIGNAL_NOT_GROUND_TRUTH,"OpenCV image/motion heuristics only; vehicle_density_score and object_count_estimate are moving-region proxies, not detections; event_likelihood is not ground truth violation."
interrupted_2026-09-17_C015,data/clips/interrupted_2026-09-17_C015.mp4,interrupted_2026-09-17,NUGc3nLuGsI,UNRESOLVED,1540.0,1660.0,120.0,30.0,1920,1080,h264,73ff81b0752948aec71817ffb3a43eb4de88989a1aa63321c7428ed3b8aa66eb,PASS,WARNING,12,0.039056,3.545,NOT_INFERRED_NO_DETECTOR,0.084203,0.090292,0.489094,0.000000,0.082251,0.039056,0.545455,0.318411,0.803030,0.180075,0.093939,0.000000,0.295455,0.109499,SMALL_FAR,0.243320,0.165365,LOW,0.205001,276,407,407,NO,NOT_SELECTED,,,,,COMPUTED,COMPUTED_SELECTION_SIGNAL_NOT_GROUND_TRUTH,"OpenCV image/motion heuristics only; vehicle_density_score and object_count_estimate are moving-region proxies, not detections; event_likelihood is not ground truth violation."
interrupted_2026-09-17_C016,data/clips/interrupted_2026-09-17_C016.mp4,interrupted_2026-09-17,NUGc3nLuGsI,UNRESOLVED,1650.0,1770.0,120.0,30.0,1920,1080,h264,200a5e0e9b96befd21d44f6257f65720550e7c8dccb76683ebd8b8894e34574c,PASS,WARNING,12,0.087263,5.545,NOT_INFERRED_NO_DETECTOR,0.117795,0.172085,0.485038,0.000000,0.085222,0.087263,0.818182,0.159941,0.764141,0.293435,0.153535,0.000000,0.462121,0.205442,SMALL_FAR,0.298714,0.248632,MEDIUM,0.230990,218,329,329,NO,NOT_SELECTED,,,,,COMPUTED,COMPUTED_SELECTION_SIGNAL_NOT_GROUND_TRUTH,"OpenCV image/motion heuristics only; vehicle_density_score and object_count_estimate are moving-region proxies, not detections; event_likelihood is not ground truth violation."
interrupted_2026-09-17_C017,data/clips/interrupted_2026-09-17_C017.mp4,interrupted_2026-09-17,NUGc3nLuGsI,UNRESOLVED,1760.0,1880.0,120.0,30.0,1920,1080,h264,32050cc9dd5549a35ba4e39ad17e08ef41996a9d4e436631f90c5c9c8f46bfda,PASS,WARNING,12,0.079116,2.818,NOT_INFERRED_NO_DETECTOR,0.106677,0.242282,0.484465,0.000000,0.113181,0.079116,0.454545,0.221337,0.759091,0.164769,0.086364,0.000000,0.234848,0.170737,SMALL_FAR,0.229859,0.171529,LOW,0.189045,306,438,438,NO,NOT_SELECTED,,,,,COMPUTED,COMPUTED_SELECTION_SIGNAL_NOT_GROUND_TRUTH,"OpenCV image/motion heuristics only; vehicle_density_score and object_count_estimate are moving-region proxies, not detections; event_likelihood is not ground truth violation."
interrupted_2026-09-17_C018,data/clips/interrupted_2026-09-17_C018.mp4,interrupted_2026-09-17,NUGc3nLuGsI,UNRESOLVED,1870.0,1990.0,120.0,30.0,1920,1080,h264,ab3738ba61748d329ed3dce6fd2822e3eed15c13c5e1ff6e9751176ca3de8aaf,PASS,WARNING,12,0.042516,3.364,NOT_INFERRED_NO_DETECTOR,0.082069,0.133617,0.487197,0.000000,0.064249,0.042516,0.636364,0.308722,0.803030,0.173299,0.143939,0.000000,0.280303,0.102946,SMALL_FAR,0.246161,0.181815,LOW,0.210706,265,396,396,NO,NOT_SELECTED,,,,,COMPUTED,COMPUTED_SELECTION_SIGNAL_NOT_GROUND_TRUTH,"OpenCV image/motion heuristics only; vehicle_density_score and object_count_estimate are moving-region proxies, not detections; event_likelihood is not ground truth violation."
interrupted_2026-09-17_C019,data/clips/interrupted_2026-09-17_C019.mp4,interrupted_2026-09-17,NUGc3nLuGsI,UNRESOLVED,1980.0,2100.0,120.0,30.0,1920,1080,h264,4726229f3c16c08486a4cffd2301abefec9108b6c55a6fb51c21e48f947fddbe,PASS,WARNING,12,0.044410,3.000,NOT_INFERRED_NO_DETECTOR,0.075001,0.142939,0.486274,0.000000,0.064403,0.044410,0.454545,0.334177,0.829221,0.157484,0.040909,0.000000,0.250000,0.121833,SMALL_FAR,0.231655,0.142397,LOW,0.193822,297,429,429,NO,NOT_SELECTED,,,,,COMPUTED,COMPUTED_SELECTION_SIGNAL_NOT_GROUND_TRUTH,"OpenCV image/motion heuristics only; vehicle_density_score and object_count_estimate are moving-region proxies, not detections; event_likelihood is not ground truth violation."
interrupted_2026-09-17_C020,data/clips/interrupted_2026-09-17_C020.mp4,interrupted_2026-09-17,NUGc3nLuGsI,UNRESOLVED,2090.0,2210.0,120.0,30.0,1920,1080,h264,aa8220877f2d87151a97f4e8ce7e6774dda2a4a918c27f2969cb52c727a13b6f,PASS,WARNING,12,0.057348,4.364,NOT_INFERRED_NO_DETECTOR,0.094127,0.114030,0.482824,0.000000,0.075223,0.057348,0.727273,0.252928,0.815043,0.225807,0.179762,0.000000,0.363636,0.146725,SMALL_FAR,0.279276,0.211180,LOW,0.223715,240,360,360,NO,NOT_SELECTED,,,,,COMPUTED,COMPUTED_SELECTION_SIGNAL_NOT_GROUND_TRUTH,"OpenCV image/motion heuristics only; vehicle_density_score and object_count_estimate are moving-region proxies, not detections; event_likelihood is not ground truth violation."
interrupted_2026-09-17_C021,data/clips/interrupted_2026-09-17_C021.mp4,interrupted_2026-09-17,NUGc3nLuGsI,UNRESOLVED,2200.0,2320.0,120.0,30.0,1920,1080,h264,29cf0f47c03c6c7c32d62a55206ef30507cc2c13c44729dd030ea06e67e43257,PASS,WARNING,12,0.083441,5.000,NOT_INFERRED_NO_DETECTOR,0.117719,0.141776,0.479667,0.000000,0.103588,0.083441,0.727273,0.179843,0.680952,0.266715,0.106061,0.000000,0.416667,0.178311,SMALL_FAR,0.262824,0.231527,LOW,0.217330,257,381,381,NO,NOT_SELECTED,,,,,COMPUTED,COMPUTED_SELECTION_SIGNAL_NOT_GROUND_TRUTH,"OpenCV image/motion heuristics only; vehicle_density_score and object_count_estimate are moving-region proxies, not detections; event_likelihood is not ground truth violation."
interrupted_2026-09-17_C022,data/clips/interrupted_2026-09-17_C022.mp4,interrupted_2026-09-17,NUGc3nLuGsI,UNRESOLVED,2310.0,2430.0,120.0,30.0,1920,1080,h264,16a1e21426a118856f2c18c9f0509fd239f875854038fa63226afeb435d2bd43,PASS,WARNING,12,0.108188,4.364,NOT_INFERRED_NO_DETECTOR,0.144020,0.226856,0.478562,0.000000,0.116165,0.108188,0.636364,0.129105,0.708874,0.248685,0.176118,0.000000,0.363636,0.232562,SMALL_FAR,0.273159,0.230215,LOW,0.213696,261,390,390,NO,NOT_SELECTED,,,,,COMPUTED,COMPUTED_SELECTION_SIGNAL_NOT_GROUND_TRUTH,"OpenCV image/motion heuristics only; vehicle_density_score and object_count_estimate are moving-region proxies, not detections; event_likelihood is not ground truth violation."
interrupted_2026-09-17_C023,data/clips/interrupted_2026-09-17_C023.mp4,interrupted_2026-09-17,NUGc3nLuGsI,UNRESOLVED,2420.0,2540.0,120.0,30.0,1920,1080,h264,32f981abdace8d96508edc9ca969f01df3ba3a4ba24a73bab807570dfe0d3050,PASS,WARNING,12,0.032213,2.545,NOT_INFERRED_NO_DETECTOR,0.067310,0.085024,0.481690,0.000000,0.060125,0.032213,0.363636,0.398694,0.734848,0.131162,0.048701,0.000000,0.212121,0.107374,SMALL_FAR,0.204278,0.116312,LOW,0.185891,310,442,442,NO,NOT_SELECTED,,,,,COMPUTED,COMPUTED_SELECTION_SIGNAL_NOT_GROUND_TRUTH,"OpenCV image/motion heuristics only; vehicle_density_score and object_count_estimate are moving-region proxies, not detections; event_likelihood is not ground truth violation."
interrupted_2026-09-17_C024,data/clips/interrupted_2026-09-17_C024.mp4,interrupted_2026-09-17,NUGc3nLuGsI,UNRESOLVED,2530.0,2650.0,120.0,30.0,1920,1080,h264,cf500bccf60429f66bfa42d2c0617032fd7db7fc123794c2163a76559297a1cf,PASS,WARNING,12,0.016739,1.909,NOT_INFERRED_NO_DETECTOR,0.051374,0.059839,0.484737,0.000000,0.030468,0.016739,0.181818,0.506140,0.636364,0.095033,0.045455,0.000000,0.159091,0.083629,,0.169704,0.063228,LOW,0.171343,333,465,465,NO,NOT_SELECTED,,,,,COMPUTED,COMPUTED_SELECTION_SIGNAL_NOT_GROUND_TRUTH,"OpenCV image/motion heuristics only; vehicle_density_score and object_count_estimate are moving-region proxies, not detections; event_likelihood is not ground truth violation."
interrupted_2026-09-17_C025,data/clips/interrupted_2026-09-17_C025.mp4,interrupted_2026-09-17,NUGc3nLuGsI,UNRESOLVED,2640.0,2760.0,120.0,30.0,1920,1080,h264,c6660833f3102b61d8c09ca33cd51105718b0915f6ca171138892f8c5c931be2,PASS,WARNING,12,0.052364,3.273,NOT_INFERRED_NO_DETECTOR,0.085632,0.118352,0.478965,0.000000,0.061110,0.052364,0.636364,0.324011,0.665584,0.173564,0.012987,0.000000,0.272727,0.157580,SMALL_FAR,0.208468,0.185561,LOW,0.204905,277,408,408,NO,NOT_SELECTED,,,,,COMPUTED,COMPUTED_SELECTION_SIGNAL_NOT_GROUND_TRUTH,"OpenCV image/motion heuristics only; vehicle_density_score and object_count_estimate are moving-region proxies, not detections; event_likelihood is not ground truth violation."
interrupted_2026-09-17_C026,data/clips/interrupted_2026-09-17_C026.mp4,interrupted_2026-09-17,NUGc3nLuGsI,UNRESOLVED,2750.0,2870.0,120.0,30.0,1920,1080,h264,172013d20c094a047742839b7af2d9eaeec9a8ecb4d1dd0a03b87510957c74be,PASS,WARNING,12,0.101140,5.727,NOT_INFERRED_NO_DETECTOR,0.150500,0.282580,0.467323,0.000000,0.107496,0.101140,0.636364,0.110750,0.764463,0.308013,0.161983,0.000000,0.477273,0.253899,SMALL_FAR,0.310234,0.228008,LOW,0.220624,251,374,374,NO,NOT_SELECTED,,,,,COMPUTED,COMPUTED_SELECTION_SIGNAL_NOT_GROUND_TRUTH,"OpenCV image/motion heuristics only; vehicle_density_score and object_count_estimate are moving-region proxies, not detections; event_likelihood is not ground truth violation."
interrupted_2026-09-17_C027,data/clips/interrupted_2026-09-17_C027.mp4,interrupted_2026-09-17,NUGc3nLuGsI,UNRESOLVED,2860.0,2980.0,120.0,30.0,1920,1080,h264,9d1d45074a417cd3a68fef1842615736a82e807697ca9342287a14a6a9993824,PASS,WARNING,12,0.181035,4.364,NOT_INFERRED_NO_DETECTOR,0.229938,0.635992,0.473982,0.000000,0.130198,0.181035,0.636364,0.292940,0.677489,0.281466,0.145022,0.000000,0.363636,0.569070,SMALL_FAR,0.308127,0.280707,MEDIUM,0.284494,94,168,168,NO,NOT_SELECTED,,,,,COMPUTED,COMPUTED_SELECTION_SIGNAL_NOT_GROUND_TRUTH,"OpenCV image/motion heuristics only; vehicle_density_score and object_count_estimate are moving-region proxies, not detections; event_likelihood is not ground truth violation."
interrupted_2026-09-17_C028,data/clips/interrupted_2026-09-17_C028.mp4,interrupted_2026-09-17,NUGc3nLuGsI,UNRESOLVED,2970.0,3090.0,120.0,30.0,1920,1080,h264,356d1e86993a0464399f17c817983370e56685a6041320c17e4872a915add5ed,PASS,WARNING,12,0.032317,2.273,NOT_INFERRED_NO_DETECTOR,0.069517,0.076023,0.475374,0.000000,0.041351,0.032317,0.545455,0.415393,0.590909,0.118709,0.075758,0.000000,0.189394,0.106360,,0.176655,0.151746,LOW,0.196310,291,423,423,NO,NOT_SELECTED,,,,,COMPUTED,COMPUTED_SELECTION_SIGNAL_NOT_GROUND_TRUTH,"OpenCV image/motion heuristics only; vehicle_density_score and object_count_estimate are moving-region proxies, not detections; event_likelihood is not ground truth violation."
interrupted_2026-09-17_C029,data/clips/interrupted_2026-09-17_C029.mp4,interrupted_2026-09-17,NUGc3nLuGsI,UNRESOLVED,3080.0,3200.0,120.0,30.0,1920,1080,h264,81aa103cfa6edbdf8acfa0e0aff9488bf6df55afc181d670bcc861c96e2084a8,PASS,WARNING,12,0.083987,4.091,NOT_INFERRED_NO_DETECTOR,0.134148,0.192725,0.470074,0.000000,0.102172,0.083987,0.727273,0.134083,0.740909,0.225294,0.239610,0.000000,0.340909,0.238680,SMALL_FAR,0.281637,0.235894,LOW,0.218167,254,378,378,NO,NOT_SELECTED,,,,,COMPUTED,COMPUTED_SELECTION_SIGNAL_NOT_GROUND_TRUTH,"OpenCV image/motion heuristics only; vehicle_density_score and object_count_estimate are moving-region proxies, not detections; event_likelihood is not ground truth violation."
interrupted_2026-09-17_C030,data/clips/interrupted_2026-09-17_C030.mp4,interrupted_2026-09-17,NUGc3nLuGsI,UNRESOLVED,3190.0,3310.0,120.0,30.0,1920,1080,h264,6b7b54f8c437d438cef53c8e149471efa0ae3c2448dc00e29439d495d23166e9,PASS,WARNING,12,0.125085,8.091,NOT_INFERRED_NO_DETECTOR,0.175175,0.219536,0.462701,0.000000,0.096162,0.125085,0.818182,0.074073,0.778399,0.427122,0.156017,0.000000,0.674242,0.280050,SMALL_FAR|CROWDED,0.363236,0.278953,MEDIUM,0.253220,140,229,229,NO,NOT_SELECTED,,,,,COMPUTED,COMPUTED_SELECTION_SIGNAL_NOT_GROUND_TRUTH,"OpenCV image/motion heuristics only; vehicle_density_score and object_count_estimate are moving-region proxies, not detections; event_likelihood is not ground truth violation."
interrupted_2026-09-17_C031,data/clips/interrupted_2026-09-17_C031.mp4,interrupted_2026-09-17,NUGc3nLuGsI,UNRESOLVED,3300.0,3420.0,120.0,30.0,1920,1080,h264,4793ccdf9dc2824c863aa55dfa6bb7b5c11d9f268623ece43597aacc5c54b01c,PASS,WARNING,12,0.097374,6.182,NOT_INFERRED_NO_DETECTOR,0.145193,0.144422,0.461771,0.000000,0.082857,0.097374,0.909091,0.129105,0.716017,0.327152,0.050866,0.000000,0.515152,0.208991,SMALL_FAR,0.289309,0.278133,MEDIUM,0.238485,191,295,295,NO,NOT_SELECTED,,,,,COMPUTED,COMPUTED_SELECTION_SIGNAL_NOT_GROUND_TRUTH,"OpenCV image/motion heuristics only; vehicle_density_score and object_count_estimate are moving-region proxies, not detections; event_likelihood is not ground truth violation."
interrupted_2026-09-17_C032,data/clips/interrupted_2026-09-17_C032.mp4,interrupted_2026-09-17,NUGc3nLuGsI,UNRESOLVED,3410.0,3530.0,120.0,30.0,1920,1080,h264,0fb9483ec477b4ebd18c3e2323bac3879fee8334d7e3f4d792c3c2bfb1fd2c97,PASS,WARNING,12,0.134691,6.909,NOT_INFERRED_NO_DETECTOR,0.184457,0.218577,0.456663,0.000000,0.084287,0.134691,0.909091,0.077467,0.651046,0.377277,0.195130,0.000000,0.575758,0.296872,SMALL_FAR,0.325071,0.301679,MEDIUM,0.253804,138,226,226,NO,NOT_SELECTED,,,,,COMPUTED,COMPUTED_SELECTION_SIGNAL_NOT_GROUND_TRUTH,"OpenCV image/motion heuristics only; vehicle_density_score and object_count_estimate are moving-region proxies, not detections; event_likelihood is not ground truth violation."
interrupted_2026-09-17_C033,data/clips/interrupted_2026-09-17_C033.mp4,interrupted_2026-09-17,NUGc3nLuGsI,UNRESOLVED,3520.0,3640.0,120.0,30.0,1920,1080,h264,723248e926883f8e2ec5952ea58fe08e8530ac65224e0b9a9da404603726160b,PASS,WARNING,12,0.152812,8.182,NOT_INFERRED_NO_DETECTOR,0.204997,0.250250,0.458649,0.000000,0.100814,0.152812,0.909091,0.107730,0.759848,0.443766,0.068182,0.000000,0.681818,0.340163,SMALL_FAR|CROWDED,0.358356,0.316361,MEDIUM,0.277202,105,184,184,NO,NOT_SELECTED,,,,,COMPUTED,COMPUTED_SELECTION_SIGNAL_NOT_GROUND_TRUTH,"OpenCV image/motion heuristics only; vehicle_density_score and object_count_estimate are moving-region proxies, not detections; event_likelihood is not ground truth violation."
interrupted_2026-09-17_C034,data/clips/interrupted_2026-09-17_C034.mp4,interrupted_2026-09-17,NUGc3nLuGsI,UNRESOLVED,3630.0,3750.0,120.0,30.0,1920,1080,h264,375d8c040da1663150b1a311970e226d28955174f98299c520de95bc33d5fe13,PASS,WARNING,12,0.102449,5.727,NOT_INFERRED_NO_DETECTOR,0.153050,0.152242,0.455161,0.000000,0.074359,0.102449,0.909091,0.123562,0.714935,0.308602,0.103139,0.000000,0.477273,0.207912,SMALL_FAR,0.287645,0.280450,MEDIUM,0.238937,189,292,292,NO,NOT_SELECTED,,,,,COMPUTED,COMPUTED_SELECTION_SIGNAL_NOT_GROUND_TRUTH,"OpenCV image/motion heuristics only; vehicle_density_score and object_count_estimate are moving-region proxies, not detections; event_likelihood is not ground truth violation."
interrupted_2026-09-17_C035,data/clips/interrupted_2026-09-17_C035.mp4,interrupted_2026-09-17,NUGc3nLuGsI,UNRESOLVED,3740.0,3860.0,120.0,30.0,1920,1080,h264,7033ef62b13b4856fe80a541df21e63a7fcd94c7ccfd8097841544c0519f4476,PASS,WARNING,12,0.136278,7.636,NOT_INFERRED_NO_DETECTOR,0.194771,0.277391,0.456951,0.000000,0.088226,0.136278,0.909091,0.104114,0.729951,0.411325,0.080837,0.000000,0.636364,0.387583,SMALL_FAR,0.348622,0.305713,MEDIUM,0.268127,119,202,202,NO,NOT_SELECTED,,,,,COMPUTED,COMPUTED_SELECTION_SIGNAL_NOT_GROUND_TRUTH,"OpenCV image/motion heuristics only; vehicle_density_score and object_count_estimate are moving-region proxies, not detections; event_likelihood is not ground truth violation."
interrupted_2026-09-17_C036,data/clips/interrupted_2026-09-17_C036.mp4,interrupted_2026-09-17,NUGc3nLuGsI,UNRESOLVED,3850.0,3970.0,120.0,30.0,1920,1080,h264,63f0863c371a8e2035002a6d707679d16f7cd46f7a515193940664ea3bffb247,PASS,WARNING,12,0.120868,7.455,NOT_INFERRED_NO_DETECTOR,0.173065,0.211816,0.454256,0.000000,0.071239,0.120868,0.818182,0.082346,0.756523,0.396057,0.053030,0.000000,0.621212,0.259117,SMALL_FAR,0.329534,0.272464,MEDIUM,0.242294,176,275,275,NO,NOT_SELECTED,,,,,COMPUTED,COMPUTED_SELECTION_SIGNAL_NOT_GROUND_TRUTH,"OpenCV image/motion heuristics only; vehicle_density_score and object_count_estimate are moving-region proxies, not detections; event_likelihood is not ground truth violation."
interrupted_2026-09-17_C037,data/clips/interrupted_2026-09-17_C037.mp4,interrupted_2026-09-17,NUGc3nLuGsI,UNRESOLVED,3960.0,4080.0,120.0,30.0,1920,1080,h264,3894dcacdf1d3a6a92a25666c69ec9a83dc178bf5d851b7e3c47c91133395681,PASS,WARNING,12,0.187131,6.182,NOT_INFERRED_NO_DETECTOR,0.241590,0.298000,0.447318,0.000000,0.129661,0.187131,0.909091,0.202601,0.543001,0.367542,0.135426,0.000000,0.515152,0.373033,,0.295344,0.343102,MEDIUM,0.292258,89,163,163,YES,SELECTED,source_coverage=interrupted_2026-09-17; event_likelihood=MEDIUM; hardcase=NORMAL_CASE; diversity_aware_rank; selection_signal_only_not_ground_truth,PENDING,,,COMPUTED,COMPUTED_SELECTION_SIGNAL_NOT_GROUND_TRUTH,"OpenCV image/motion heuristics only; vehicle_density_score and object_count_estimate are moving-region proxies, not detections; event_likelihood is not ground truth violation."
interrupted_2026-09-17_C038,data/clips/interrupted_2026-09-17_C038.mp4,interrupted_2026-09-17,NUGc3nLuGsI,UNRESOLVED,4070.0,4190.0,120.0,30.0,1920,1080,h264,9e1829b8f21608a82d7db8257669e4587be9650de4a24e7b497e7bb451c130e4,PASS,WARNING,12,0.055196,4.273,NOT_INFERRED_NO_DETECTOR,0.103825,0.131068,0.463889,0.000000,0.055579,0.055196,0.727273,0.269384,0.711147,0.220671,0.109091,0.000000,0.356061,0.156756,SMALL_FAR,0.249954,0.209531,LOW,0.218938,253,376,376,NO,NOT_SELECTED,,,,,COMPUTED,COMPUTED_SELECTION_SIGNAL_NOT_GROUND_TRUTH,"OpenCV image/motion heuristics only; vehicle_density_score and object_count_estimate are moving-region proxies, not detections; event_likelihood is not ground truth violation."
interrupted_2026-09-17_C039,data/clips/interrupted_2026-09-17_C039.mp4,interrupted_2026-09-17,NUGc3nLuGsI,UNRESOLVED,4180.0,4300.0,120.0,30.0,1920,1080,h264,17567d080f409d0f138d89df61edbf1082e310e43884a77fe214cd9032dbe40a,PASS,WARNING,12,0.067642,3.545,NOT_INFERRED_NO_DETECTOR,0.108803,0.135065,0.461780,0.000000,0.070020,0.067642,0.727273,0.251363,0.687879,0.192939,0.022727,0.000000,0.295455,0.181849,SMALL_FAR,0.223106,0.217706,LOW,0.212208,262,393,393,NO,NOT_SELECTED,,,,,COMPUTED,COMPUTED_SELECTION_SIGNAL_NOT_GROUND_TRUTH,"OpenCV image/motion heuristics only; vehicle_density_score and object_count_estimate are moving-region proxies, not detections; event_likelihood is not ground truth violation."
interrupted_2026-09-17_C040,data/clips/interrupted_2026-09-17_C040.mp4,interrupted_2026-09-17,NUGc3nLuGsI,UNRESOLVED,4290.0,4410.0,120.0,30.0,1920,1080,h264,d4bc76ea7695452de8e65597ffc8b5a39d345718f19dc231d99cc13b17ff9461,PASS,WARNING,12,0.096206,5.818,NOT_INFERRED_NO_DETECTOR,0.149362,0.219384,0.461400,0.000000,0.080986,0.096206,0.818182,0.111216,0.714286,0.309959,0.031818,0.000000,0.484848,0.268030,SMALL_FAR,0.286160,0.259433,MEDIUM,0.227029,231,346,346,NO,NOT_SELECTED,,,,,COMPUTED,COMPUTED_SELECTION_SIGNAL_NOT_GROUND_TRUTH,"OpenCV image/motion heuristics only; vehicle_density_score and object_count_estimate are moving-region proxies, not detections; event_likelihood is not ground truth violation."
interrupted_2026-09-17_C041,data/clips/interrupted_2026-09-17_C041.mp4,interrupted_2026-09-17,NUGc3nLuGsI,UNRESOLVED,4400.0,4520.0,120.0,30.0,1920,1080,h264,1230be1827a071694aac68e5b770a500343938eeb425820a1750d421c736a613,PASS,WARNING,12,0.041048,3.182,NOT_INFERRED_NO_DETECTOR,0.085194,0.099014,0.469484,0.000000,0.055707,0.041048,0.636364,0.336869,0.713636,0.164305,0.056061,0.000000,0.265152,0.125083,SMALL_FAR,0.216740,0.180622,LOW,0.207408,273,404,404,NO,NOT_SELECTED,,,,,COMPUTED,COMPUTED_SELECTION_SIGNAL_NOT_GROUND_TRUTH,"OpenCV image/motion heuristics only; vehicle_density_score and object_count_estimate are moving-region proxies, not detections; event_likelihood is not ground truth violation."
interrupted_2026-09-17_C042,data/clips/interrupted_2026-09-17_C042.mp4,interrupted_2026-09-17,NUGc3nLuGsI,UNRESOLVED,4510.0,4630.0,120.0,30.0,1920,1080,h264,8d177de74ed430749fd5cca16e41554091e4c4c87218993b49aa25a0db691274,PASS,WARNING,12,0.076155,4.909,NOT_INFERRED_NO_DETECTOR,0.118770,0.213942,0.465546,0.000000,0.060101,0.076155,0.727273,0.178838,0.800571,0.259270,0.170533,0.000000,0.409091,0.236575,SMALL_FAR,0.298119,0.221506,LOW,0.222949,246,367,367,NO,NOT_SELECTED,,,,,COMPUTED,COMPUTED_SELECTION_SIGNAL_NOT_GROUND_TRUTH,"OpenCV image/motion heuristics only; vehicle_density_score and object_count_estimate are moving-region proxies, not detections; event_likelihood is not ground truth violation."
interrupted_2026-09-17_C043,data/clips/interrupted_2026-09-17_C043.mp4,interrupted_2026-09-17,NUGc3nLuGsI,UNRESOLVED,4620.0,4740.0,120.0,30.0,1920,1080,h264,f22490535205ee0d5a85d6962f475b4a464c422172995c1bdb134141b85dff37,PASS,WARNING,12,0.087879,5.273,NOT_INFERRED_NO_DETECTOR,0.130515,0.176699,0.468884,0.000000,0.084512,0.087879,0.727273,0.151421,0.795310,0.281212,0.123016,0.000000,0.439394,0.212491,SMALL_FAR,0.295550,0.233057,LOW,0.223556,242,362,362,NO,NOT_SELECTED,,,,,COMPUTED,COMPUTED_SELECTION_SIGNAL_NOT_GROUND_TRUTH,"OpenCV image/motion heuristics only; vehicle_density_score and object_count_estimate are moving-region proxies, not detections; event_likelihood is not ground truth violation."
interrupted_2026-09-17_C044,data/clips/interrupted_2026-09-17_C044.mp4,interrupted_2026-09-17,NUGc3nLuGsI,UNRESOLVED,4730.0,4850.0,120.0,30.0,1920,1080,h264,5757a2a7506162df43c463205f0f4aebb1d26eaa87d7b9d2c97ec614eeffcbd1,PASS,WARNING,12,0.063033,5.545,NOT_INFERRED_NO_DETECTOR,0.103851,0.117052,0.465783,0.000000,0.051424,0.063033,0.818182,0.241766,0.787879,0.282532,0.122475,0.000000,0.462121,0.156403,SMALL_FAR,0.291227,0.230546,LOW,0.234353,204,312,312,YES,SELECTED,source_coverage=interrupted_2026-09-17; event_likelihood=LOW; hardcase=SMALL_FAR; diversity_aware_rank; selection_signal_only_not_ground_truth,PENDING,,,COMPUTED,COMPUTED_SELECTION_SIGNAL_NOT_GROUND_TRUTH,"OpenCV image/motion heuristics only; vehicle_density_score and object_count_estimate are moving-region proxies, not detections; event_likelihood is not ground truth violation."
interrupted_2026-09-17_C045,data/clips/interrupted_2026-09-17_C045.mp4,interrupted_2026-09-17,NUGc3nLuGsI,UNRESOLVED,4840.0,4960.0,120.0,30.0,1920,1080,h264,6d75d303cf3956e6b41586918a2e30f2b013b6a8cc7d9faff0e772a61db6cbde,PASS,WARNING,12,0.085530,5.818,NOT_INFERRED_NO_DETECTOR,0.140230,0.160457,0.456129,0.000000,0.087408,0.085530,0.909091,0.121998,0.731818,0.305155,0.139394,0.000000,0.484848,0.220511,SMALL_FAR,0.298001,0.273585,MEDIUM,0.237133,194,299,299,NO,NOT_SELECTED,,,,,COMPUTED,COMPUTED_SELECTION_SIGNAL_NOT_GROUND_TRUTH,"OpenCV image/motion heuristics only; vehicle_density_score and object_count_estimate are moving-region proxies, not detections; event_likelihood is not ground truth violation."
interrupted_2026-09-17_C046,data/clips/interrupted_2026-09-17_C046.mp4,interrupted_2026-09-17,NUGc3nLuGsI,UNRESOLVED,4950.0,5070.0,120.0,30.0,1920,1080,h264,b5a93720be7aa5539a153fed639c3a097b7490ceddcacc158dcdd935ef442234,PASS,WARNING,12,0.091405,5.636,NOT_INFERRED_NO_DETECTOR,0.142361,0.221738,0.454659,0.000000,0.074866,0.091405,0.818182,0.113806,0.770022,0.299465,0.114719,0.000000,0.469697,0.234955,SMALL_FAR,0.299936,0.254809,MEDIUM,0.228570,225,339,339,NO,NOT_SELECTED,,,,,COMPUTED,COMPUTED_SELECTION_SIGNAL_NOT_GROUND_TRUTH,"OpenCV image/motion heuristics only; vehicle_density_score and object_count_estimate are moving-region proxies, not detections; event_likelihood is not ground truth violation."
interrupted_2026-09-17_C047,data/clips/interrupted_2026-09-17_C047.mp4,interrupted_2026-09-17,NUGc3nLuGsI,UNRESOLVED,5060.0,5180.0,120.0,30.0,1920,1080,h264,41664065ac64f9bf479b597ab169c9311079940a727c71f1312b658b15feb9fb,PASS,WARNING,12,0.093289,6.364,NOT_INFERRED_NO_DETECTOR,0.138460,0.208568,0.458718,0.000000,0.079440,0.093289,0.818182,0.101139,0.824019,0.333647,0.163105,0.000000,0.530303,0.212904,SMALL_FAR,0.328266,0.255220,MEDIUM,0.233927,208,317,317,NO,NOT_SELECTED,,,,,COMPUTED,COMPUTED_SELECTION_SIGNAL_NOT_GROUND_TRUTH,"OpenCV image/motion heuristics only; vehicle_density_score and object_count_estimate are moving-region proxies, not detections; event_likelihood is not ground truth violation."
interrupted_2026-09-17_C048,data/clips/interrupted_2026-09-17_C048.mp4,interrupted_2026-09-17,NUGc3nLuGsI,UNRESOLVED,5170.0,5290.0,120.0,30.0,1920,1080,h264,e568c842b48dbc973afd93987e760d9b3afdba483ccb08cd0708825eb1242977,PASS,WARNING,12,0.114770,4.818,NOT_INFERRED_NO_DETECTOR,0.167822,0.277154,0.469235,0.000000,0.107990,0.114770,0.909091,0.098287,0.668792,0.272480,0.100797,0.000000,0.401515,0.363507,SMALL_FAR,0.280504,0.294681,MEDIUM,0.240137,181,280,280,NO,NOT_SELECTED,,,,,COMPUTED,COMPUTED_SELECTION_SIGNAL_NOT_GROUND_TRUTH,"OpenCV image/motion heuristics only; vehicle_density_score and object_count_estimate are moving-region proxies, not detections; event_likelihood is not ground truth violation."
interrupted_2026-09-17_C049,data/clips/interrupted_2026-09-17_C049.mp4,interrupted_2026-09-17,NUGc3nLuGsI,UNRESOLVED,5280.0,5400.0,120.0,30.0,1920,1080,h264,b95f58f57fad66050d7b3301c69637868552cd039867391b3df2a24e16a9707e,PASS,WARNING,12,0.149223,5.636,NOT_INFERRED_NO_DETECTOR,0.183762,0.213666,0.471375,0.000000,0.145392,0.149223,0.909091,0.143437,0.663997,0.325484,0.209163,0.000000,0.469697,0.261087,SMALL_FAR,0.300852,0.317431,MEDIUM,0.265430,121,205,205,NO,NOT_SELECTED,,,,,COMPUTED,COMPUTED_SELECTION_SIGNAL_NOT_GROUND_TRUTH,"OpenCV image/motion heuristics only; vehicle_density_score and object_count_estimate are moving-region proxies, not detections; event_likelihood is not ground truth violation."
interrupted_2026-09-17_C050,data/clips/interrupted_2026-09-17_C050.mp4,interrupted_2026-09-17,NUGc3nLuGsI,UNRESOLVED,5390.0,5510.0,120.0,30.0,1920,1080,h264,68b9bffc8510d70045230516e63a74cdef9c80b63d8284034797de5078480f6d,PASS,WARNING,12,0.060985,5.182,NOT_INFERRED_NO_DETECTOR,0.107108,0.113346,0.486112,0.000000,0.071722,0.060985,0.727273,0.240184,0.870851,0.264943,0.091414,0.000000,0.431818,0.147247,SMALL_FAR,0.293404,0.215291,LOW,0.228661,223,337,337,NO,NOT_SELECTED,,,,,COMPUTED,COMPUTED_SELECTION_SIGNAL_NOT_GROUND_TRUTH,"OpenCV image/motion heuristics only; vehicle_density_score and object_count_estimate are moving-region proxies, not detections; event_likelihood is not ground truth violation."
interrupted_2026-09-17_C051,data/clips/interrupted_2026-09-17_C051.mp4,interrupted_2026-09-17,NUGc3nLuGsI,UNRESOLVED,5500.0,5620.0,120.0,30.0,1920,1080,h264,0a5a7c7d8569f0ae31c53778236fe7e6e6e66fa225ed07a3ac6f0f21118a4b13,PASS,WARNING,12,0.076193,4.455,NOT_INFERRED_NO_DETECTOR,0.122440,0.200823,0.482625,0.000000,0.102251,0.076193,0.727273,0.171524,0.656818,0.238454,0.031818,0.000000,0.371212,0.270982,SMALL_FAR,0.247977,0.230097,LOW,0.211641,264,395,395,NO,NOT_SELECTED,,,,,COMPUTED,COMPUTED_SELECTION_SIGNAL_NOT_GROUND_TRUTH,"OpenCV image/motion heuristics only; vehicle_density_score and object_count_estimate are moving-region proxies, not detections; event_likelihood is not ground truth violation."
interrupted_2026-09-17_C052,data/clips/interrupted_2026-09-17_C052.mp4,interrupted_2026-09-17,NUGc3nLuGsI,UNRESOLVED,5610.0,5730.0,120.0,30.0,1920,1080,h264,2d1eee3ecf031c1c796c263a249a98436a518444fdebc72d6d14fceea44c9c3c,PASS,WARNING,12,0.068056,4.636,NOT_INFERRED_NO_DETECTOR,0.105384,0.107790,0.484443,0.000000,0.097048,0.068056,0.818182,0.213119,0.748232,0.243125,0.119192,0.000000,0.386364,0.156020,SMALL_FAR,0.265947,0.240879,MEDIUM,0.226642,234,350,350,NO,NOT_SELECTED,,,,,COMPUTED,COMPUTED_SELECTION_SIGNAL_NOT_GROUND_TRUTH,"OpenCV image/motion heuristics only; vehicle_density_score and object_count_estimate are moving-region proxies, not detections; event_likelihood is not ground truth violation."
interrupted_2026-09-17_C053,data/clips/interrupted_2026-09-17_C053.mp4,interrupted_2026-09-17,NUGc3nLuGsI,UNRESOLVED,5720.0,5840.0,120.0,30.0,1920,1080,h264,7bfe428ac8186384da49c0d377ab417dde9587ee54e2af713699f2ef78ecd630,PASS,WARNING,12,0.172358,5.818,NOT_INFERRED_NO_DETECTOR,0.207238,0.305838,0.489200,0.000000,0.154418,0.172358,0.818182,0.205072,0.693157,0.344228,0.181194,0.000000,0.484848,0.347295,SMALL_FAR,0.317578,0.314169,MEDIUM,0.282654,95,171,171,NO,NOT_SELECTED,,,,,COMPUTED,COMPUTED_SELECTION_SIGNAL_NOT_GROUND_TRUTH,"OpenCV image/motion heuristics only; vehicle_density_score and object_count_estimate are moving-region proxies, not detections; event_likelihood is not ground truth violation."
interrupted_2026-09-17_C054,data/clips/interrupted_2026-09-17_C054.mp4,interrupted_2026-09-17,NUGc3nLuGsI,UNRESOLVED,5830.0,5950.0,120.0,30.0,1920,1080,h264,d89213e8bd6474852bce3b28e1398dc022d0994ff138c48ea23d9d4d6afe7623,PASS,WARNING,12,0.044482,3.273,NOT_INFERRED_NO_DETECTOR,0.081775,0.111965,0.487659,0.000000,0.087538,0.044482,0.545455,0.307906,0.708225,0.170017,0.138095,0.000000,0.272727,0.124012,SMALL_FAR,0.229134,0.167505,LOW,0.199746,284,416,416,NO,NOT_SELECTED,,,,,COMPUTED,COMPUTED_SELECTION_SIGNAL_NOT_GROUND_TRUTH,"OpenCV image/motion heuristics only; vehicle_density_score and object_count_estimate are moving-region proxies, not detections; event_likelihood is not ground truth violation."
interrupted_2026-09-17_C055,data/clips/interrupted_2026-09-17_C055.mp4,interrupted_2026-09-17,NUGc3nLuGsI,UNRESOLVED,5940.0,6060.0,120.0,30.0,1920,1080,h264,e4de0cddc1a395d499baa97f281c575ce63ecacd09ac118c8653a8f7846d6a35,PASS,WARNING,12,0.140745,6.364,NOT_INFERRED_NO_DETECTOR,0.174449,0.213638,0.474639,0.000000,0.117512,0.140745,0.818182,0.091162,0.706736,0.355002,0.135760,0.000000,0.530303,0.260177,SMALL_FAR,0.311989,0.287925,MEDIUM,0.245628,166,260,260,NO,NOT_SELECTED,,,,,COMPUTED,COMPUTED_SELECTION_SIGNAL_NOT_GROUND_TRUTH,"OpenCV image/motion heuristics only; vehicle_density_score and object_count_estimate are moving-region proxies, not detections; event_likelihood is not ground truth violation."
interrupted_2026-09-17_C056,data/clips/interrupted_2026-09-17_C056.mp4,interrupted_2026-09-17,NUGc3nLuGsI,UNRESOLVED,6050.0,6170.0,120.0,30.0,1920,1080,h264,767092eef4102344531502247044c63fa719de6e974247329e69551c64c09484,PASS,WARNING,12,0.190862,4.727,NOT_INFERRED_NO_DETECTOR,0.221457,0.243599,0.470856,0.000000,0.127591,0.190862,0.909091,0.200164,0.526263,0.302554,0.215152,0.000000,0.393939,0.304817,,0.266814,0.338562,MEDIUM,0.279508,100,179,179,YES,SELECTED,source_coverage=interrupted_2026-09-17; event_likelihood=MEDIUM; hardcase=NORMAL_CASE; diversity_aware_rank; selection_signal_only_not_ground_truth,PENDING,,,COMPUTED,COMPUTED_SELECTION_SIGNAL_NOT_GROUND_TRUTH,"OpenCV image/motion heuristics only; vehicle_density_score and object_count_estimate are moving-region proxies, not detections; event_likelihood is not ground truth violation."
interrupted_2026-09-17_C057,data/clips/interrupted_2026-09-17_C057.mp4,interrupted_2026-09-17,NUGc3nLuGsI,UNRESOLVED,6160.0,6280.0,120.0,30.0,1920,1080,h264,2cfcff3b97e6de729c70d3b6d0ec5d3b4ae863863806b918673f7db33d25737a,PASS,WARNING,12,0.143352,4.909,NOT_INFERRED_NO_DETECTOR,0.184804,0.323383,0.475961,0.000000,0.106109,0.143352,0.909091,0.130679,0.703788,0.289509,0.130303,0.000000,0.409091,0.376592,SMALL_FAR,0.296101,0.308646,MEDIUM,0.258238,132,217,217,NO,NOT_SELECTED,,,,,COMPUTED,COMPUTED_SELECTION_SIGNAL_NOT_GROUND_TRUTH,"OpenCV image/motion heuristics only; vehicle_density_score and object_count_estimate are moving-region proxies, not detections; event_likelihood is not ground truth violation."
interrupted_2026-09-17_C058,data/clips/interrupted_2026-09-17_C058.mp4,interrupted_2026-09-17,NUGc3nLuGsI,UNRESOLVED,6270.0,6390.0,120.0,30.0,1920,1080,h264,68037687286a26853400f6fb44207a0a6a6a6e82cb0af549052f2f96656d9df2,PASS,WARNING,12,0.079953,4.000,NOT_INFERRED_NO_DETECTOR,0.115391,0.143088,0.475629,0.000000,0.080084,0.079953,0.818182,0.206457,0.677706,0.219312,0.152597,0.000000,0.333333,0.186780,SMALL_FAR,0.249801,0.244573,MEDIUM,0.223674,241,361,361,NO,NOT_SELECTED,,,,,COMPUTED,COMPUTED_SELECTION_SIGNAL_NOT_GROUND_TRUTH,"OpenCV image/motion heuristics only; vehicle_density_score and object_count_estimate are moving-region proxies, not detections; event_likelihood is not ground truth violation."
interrupted_2026-09-17_C059,data/clips/interrupted_2026-09-17_C059.mp4,interrupted_2026-09-17,NUGc3nLuGsI,UNRESOLVED,6380.0,6500.0,120.0,30.0,1920,1080,h264,302136d92de43a5a807c16736fad74db370b372b51738f76269f8237fdebe8b5,PASS,WARNING,12,0.115426,6.000,NOT_INFERRED_NO_DETECTOR,0.165864,0.232380,0.477306,0.000000,0.082051,0.115426,0.818182,0.096634,0.675325,0.326942,0.126840,0.000000,0.500000,0.312211,SMALL_FAR,0.302553,0.270616,MEDIUM,0.235671,200,307,307,NO,NOT_SELECTED,,,,,COMPUTED,COMPUTED_SELECTION_SIGNAL_NOT_GROUND_TRUTH,"OpenCV image/motion heuristics only; vehicle_density_score and object_count_estimate are moving-region proxies, not detections; event_likelihood is not ground truth violation."
interrupted_2026-09-17_C060,data/clips/interrupted_2026-09-17_C060.mp4,interrupted_2026-09-17,NUGc3nLuGsI,UNRESOLVED,6490.0,6610.0,120.0,30.0,1920,1080,h264,e66c61a134e2ed6f13d55b600da64e727a9a5197c2c3bc3014bc28c45dea91b9,PASS,WARNING,12,0.115751,6.182,NOT_INFERRED_NO_DETECTOR,0.159280,0.179673,0.475284,0.000000,0.103461,0.115751,0.909091,0.089867,0.752561,0.335421,0.060209,0.000000,0.515152,0.222917,SMALL_FAR,0.300024,0.291893,MEDIUM,0.241891,177,276,276,NO,NOT_SELECTED,,,,,COMPUTED,COMPUTED_SELECTION_SIGNAL_NOT_GROUND_TRUTH,"OpenCV image/motion heuristics only; vehicle_density_score and object_count_estimate are moving-region proxies, not detections; event_likelihood is not ground truth violation."
interrupted_2026-09-17_C061,data/clips/interrupted_2026-09-17_C061.mp4,interrupted_2026-09-17,NUGc3nLuGsI,UNRESOLVED,6600.0,6720.0,120.0,30.0,1920,1080,h264,91666cfedcb7244533226eafee84d929803617efc78bbb039331379b6b8108b8,PASS,WARNING,12,0.089337,5.545,NOT_INFERRED_NO_DETECTOR,0.129077,0.131875,0.479211,0.000000,0.081576,0.089337,0.909091,0.161826,0.677273,0.294368,0.226227,0.000000,0.462121,0.193513,SMALL_FAR,0.291953,0.270818,MEDIUM,0.240108,182,281,281,NO,NOT_SELECTED,,,,,COMPUTED,COMPUTED_SELECTION_SIGNAL_NOT_GROUND_TRUTH,"OpenCV image/motion heuristics only; vehicle_density_score and object_count_estimate are moving-region proxies, not detections; event_likelihood is not ground truth violation."
interrupted_2026-09-17_C062,data/clips/interrupted_2026-09-17_C062.mp4,interrupted_2026-09-17,NUGc3nLuGsI,UNRESOLVED,6710.0,6830.0,120.0,30.0,1920,1080,h264,f564962a2f79bee62ee1e5136be0c3cb92068ed7badd02bc2123980cf23cbcbc,PASS,WARNING,12,0.077749,5.273,NOT_INFERRED_NO_DETECTOR,0.122045,0.182902,0.478515,0.000000,0.081901,0.077749,0.727273,0.176044,0.804329,0.276654,0.043939,0.000000,0.439394,0.234086,SMALL_FAR,0.288056,0.226856,LOW,0.222268,248,369,369,NO,NOT_SELECTED,,,,,COMPUTED,COMPUTED_SELECTION_SIGNAL_NOT_GROUND_TRUTH,"OpenCV image/motion heuristics only; vehicle_density_score and object_count_estimate are moving-region proxies, not detections; event_likelihood is not ground truth violation."
interrupted_2026-09-17_C063,data/clips/interrupted_2026-09-17_C063.mp4,interrupted_2026-09-17,NUGc3nLuGsI,UNRESOLVED,6820.0,6940.0,120.0,30.0,1920,1080,h264,8f33467db0e15fb0512be19d29cf1745fab23e1cda854b2db7be3d571877e962,PASS,WARNING,12,0.169467,8.182,NOT_INFERRED_NO_DETECTOR,0.199588,0.280609,0.478982,0.000000,0.134558,0.169467,0.909091,0.178095,0.694360,0.451260,0.167656,0.000000,0.681818,0.344009,SMALL_FAR|CROWDED,0.362005,0.326637,MEDIUM,0.294557,87,159,159,NO,NOT_SELECTED,,,,,COMPUTED,COMPUTED_SELECTION_SIGNAL_NOT_GROUND_TRUTH,"OpenCV image/motion heuristics only; vehicle_density_score and object_count_estimate are moving-region proxies, not detections; event_likelihood is not ground truth violation."
interrupted_2026-09-17_C064,data/clips/interrupted_2026-09-17_C064.mp4,interrupted_2026-09-17,NUGc3nLuGsI,UNRESOLVED,6930.0,7050.0,120.0,30.0,1920,1080,h264,70ff60b7ea45f912e4ca68b6602648d7fa446eafde15b4926678d0a09007402c,PASS,WARNING,12,0.145110,4.909,NOT_INFERRED_NO_DETECTOR,0.178836,0.202829,0.472838,0.000000,0.103274,0.145110,0.818182,0.092852,0.675108,0.290300,0.221429,0.000000,0.409091,0.260790,SMALL_FAR,0.289911,0.288031,MEDIUM,0.240322,180,279,279,NO,NOT_SELECTED,,,,,COMPUTED,COMPUTED_SELECTION_SIGNAL_NOT_GROUND_TRUTH,"OpenCV image/motion heuristics only; vehicle_density_score and object_count_estimate are moving-region proxies, not detections; event_likelihood is not ground truth violation."
interrupted_2026-09-17_C065,data/clips/interrupted_2026-09-17_C065.mp4,interrupted_2026-09-17,NUGc3nLuGsI,UNRESOLVED,7040.0,7160.0,120.0,30.0,1920,1080,h264,70111421f29b26db0b93f58b10a30d9d69245409c85a934a8a0d5f2b73df497e,PASS,WARNING,12,0.075442,5.000,NOT_INFERRED_NO_DETECTOR,0.108177,0.117223,0.475490,0.000000,0.084846,0.075442,0.727273,0.213561,0.790043,0.263116,0.092188,0.000000,0.416667,0.149411,SMALL_FAR,0.276546,0.222857,LOW,0.222455,247,368,368,NO,NOT_SELECTED,,,,,COMPUTED,COMPUTED_SELECTION_SIGNAL_NOT_GROUND_TRUTH,"OpenCV image/motion heuristics only; vehicle_density_score and object_count_estimate are moving-region proxies, not detections; event_likelihood is not ground truth violation."
interrupted_2026-09-17_C066,data/clips/interrupted_2026-09-17_C066.mp4,interrupted_2026-09-17,NUGc3nLuGsI,UNRESOLVED,7150.0,7270.0,120.0,30.0,1920,1080,h264,5d11ed726e4b86174ab043dfafaf582a7b92ba60ab8ebfea97cbb41c9d156495,PASS,WARNING,12,0.091935,6.545,NOT_INFERRED_NO_DETECTOR,0.141796,0.152768,0.473161,0.000000,0.131394,0.091935,0.909091,0.129322,0.779329,0.341371,0.119264,0.000000,0.545455,0.178142,SMALL_FAR,0.313418,0.284103,MEDIUM,0.247374,160,252,252,NO,NOT_SELECTED,,,,,COMPUTED,COMPUTED_SELECTION_SIGNAL_NOT_GROUND_TRUTH,"OpenCV image/motion heuristics only; vehicle_density_score and object_count_estimate are moving-region proxies, not detections; event_likelihood is not ground truth violation."
interrupted_2026-09-17_C067,data/clips/interrupted_2026-09-17_C067.mp4,interrupted_2026-09-17,NUGc3nLuGsI,UNRESOLVED,7260.0,7380.0,120.0,30.0,1920,1080,h264,f946c24322ccfe64ef328fa46ed82aac54cd8902ea3311005a43d0703cc44138,PASS,WARNING,12,0.079634,5.273,NOT_INFERRED_NO_DETECTOR,0.125279,0.205158,0.481338,0.000000,0.102929,0.079634,0.636364,0.145306,0.835895,0.277502,0.110859,0.000000,0.439394,0.183216,SMALL_FAR,0.297120,0.213064,LOW,0.213869,260,389,389,NO,NOT_SELECTED,,,,,COMPUTED,COMPUTED_SELECTION_SIGNAL_NOT_GROUND_TRUTH,"OpenCV image/motion heuristics only; vehicle_density_score and object_count_estimate are moving-region proxies, not detections; event_likelihood is not ground truth violation."
interrupted_2026-09-17_C068,data/clips/interrupted_2026-09-17_C068.mp4,interrupted_2026-09-17,NUGc3nLuGsI,UNRESOLVED,7370.0,7490.0,120.0,30.0,1920,1080,h264,9fbf5a46c07e4b2bb4806e02ee221a5214ae9d8a3ed9f62c9814d166cb2bf035,PASS,WARNING,12,0.091196,5.636,NOT_INFERRED_NO_DETECTOR,0.131921,0.168499,0.478551,0.000000,0.103115,0.091196,0.818182,0.117148,0.820130,0.299372,0.148052,0.000000,0.469697,0.215774,SMALL_FAR,0.311307,0.257004,MEDIUM,0.232025,214,325,325,NO,NOT_SELECTED,,,,,COMPUTED,COMPUTED_SELECTION_SIGNAL_NOT_GROUND_TRUTH,"OpenCV image/motion heuristics only; vehicle_density_score and object_count_estimate are moving-region proxies, not detections; event_likelihood is not ground truth violation."
interrupted_2026-09-17_C069,data/clips/interrupted_2026-09-17_C069.mp4,interrupted_2026-09-17,NUGc3nLuGsI,UNRESOLVED,7480.0,7600.0,120.0,30.0,1920,1080,h264,df5da5b56b833870952dc45a9622942c33b939053cacf2726acff873dcf8af8c,PASS,WARNING,12,0.085174,7.273,NOT_INFERRED_NO_DETECTOR,0.122968,0.180986,0.477544,0.000000,0.083774,0.085174,0.636364,0.159755,0.837102,0.371661,0.133023,0.000000,0.606061,0.207521,SMALL_FAR,0.343206,0.210876,LOW,0.228178,226,340,340,YES,SELECTED,source_coverage=interrupted_2026-09-17; event_likelihood=LOW; hardcase=SMALL_FAR; diversity_aware_rank; selection_signal_only_not_ground_truth,PENDING,,,COMPUTED,COMPUTED_SELECTION_SIGNAL_NOT_GROUND_TRUTH,"OpenCV image/motion heuristics only; vehicle_density_score and object_count_estimate are moving-region proxies, not detections; event_likelihood is not ground truth violation."
interrupted_2026-09-17_C070,data/clips/interrupted_2026-09-17_C070.mp4,interrupted_2026-09-17,NUGc3nLuGsI,UNRESOLVED,7590.0,7710.0,120.0,30.0,1920,1080,h264,f55858d087c537b5c77ce04331f148670ce4c2fdde4850af4dbeac5c66f409d2,PASS,WARNING,12,0.089340,6.364,NOT_INFERRED_NO_DETECTOR,0.124389,0.126797,0.481662,0.000000,0.083348,0.089340,0.909091,0.165768,0.722222,0.331870,0.066667,0.000000,0.530303,0.184742,SMALL_FAR,0.292813,0.269872,MEDIUM,0.240099,183,282,282,NO,NOT_SELECTED,,,,,COMPUTED,COMPUTED_SELECTION_SIGNAL_NOT_GROUND_TRUTH,"OpenCV image/motion heuristics only; vehicle_density_score and object_count_estimate are moving-region proxies, not detections; event_likelihood is not ground truth violation."
interrupted_2026-09-17_C071,data/clips/interrupted_2026-09-17_C071.mp4,interrupted_2026-09-17,NUGc3nLuGsI,UNRESOLVED,7700.0,7820.0,120.0,30.0,1920,1080,h264,710de1c19da10e673d52dda3f923541ade0f9072e0ab9a107bb299ff7506b9fa,PASS,WARNING,12,0.106253,5.727,NOT_INFERRED_NO_DETECTOR,0.141554,0.184432,0.477941,0.000000,0.109541,0.106253,0.818182,0.120135,0.619517,0.310314,0.131421,0.000000,0.477273,0.202008,,0.273961,0.265881,MEDIUM,0.226990,233,348,348,NO,NOT_SELECTED,,,,,COMPUTED,COMPUTED_SELECTION_SIGNAL_NOT_GROUND_TRUTH,"OpenCV image/motion heuristics only; vehicle_density_score and object_count_estimate are moving-region proxies, not detections; event_likelihood is not ground truth violation."
interrupted_2026-09-17_C072,data/clips/interrupted_2026-09-17_C072.mp4,interrupted_2026-09-17,NUGc3nLuGsI,UNRESOLVED,7810.0,7930.0,120.0,30.0,1920,1080,h264,8cee614e0f7f420914a659246c4c8ca6c5437f0e09a4c2a70becf443a8480d2e,PASS,WARNING,12,0.101963,6.000,NOT_INFERRED_NO_DETECTOR,0.142904,0.200605,0.482910,0.000000,0.104903,0.101963,0.818182,0.094907,0.744399,0.320884,0.119881,0.000000,0.500000,0.256335,SMALL_FAR,0.306459,0.263952,MEDIUM,0.230900,219,330,330,NO,NOT_SELECTED,,,,,COMPUTED,COMPUTED_SELECTION_SIGNAL_NOT_GROUND_TRUTH,"OpenCV image/motion heuristics only; vehicle_density_score and object_count_estimate are moving-region proxies, not detections; event_likelihood is not ground truth violation."
interrupted_2026-09-17_C073,data/clips/interrupted_2026-09-17_C073.mp4,interrupted_2026-09-17,NUGc3nLuGsI,UNRESOLVED,7920.0,8040.0,120.0,30.0,1920,1080,h264,4b8daff83df5f3fa6d24b2bf35903dadc5b881c99513a41d0fe4562455771da2,PASS,WARNING,12,0.129520,4.909,NOT_INFERRED_NO_DETECTOR,0.163512,0.187938,0.478959,0.000000,0.111455,0.129520,0.909091,0.121163,0.644481,0.283284,0.175216,0.000000,0.409091,0.254656,,0.276210,0.299156,MEDIUM,0.244415,170,266,266,NO,NOT_SELECTED,,,,,COMPUTED,COMPUTED_SELECTION_SIGNAL_NOT_GROUND_TRUTH,"OpenCV image/motion heuristics only; vehicle_density_score and object_count_estimate are moving-region proxies, not detections; event_likelihood is not ground truth violation."
interrupted_2026-09-17_C074,data/clips/interrupted_2026-09-17_C074.mp4,interrupted_2026-09-17,NUGc3nLuGsI,UNRESOLVED,8030.0,8150.0,120.0,30.0,1920,1080,h264,1ad7bcfe43be7812115d741fb813eb3c29628a4a75a9e2e99a1386a0ef2b0943,PASS,WARNING,12,0.110208,5.818,NOT_INFERRED_NO_DETECTOR,0.152646,0.259509,0.475906,0.000000,0.098171,0.110208,0.727273,0.108924,0.652681,0.316260,0.133034,0.000000,0.484848,0.280600,SMALL_FAR,0.291631,0.249083,MEDIUM,0.224195,238,357,357,NO,NOT_SELECTED,,,,,COMPUTED,COMPUTED_SELECTION_SIGNAL_NOT_GROUND_TRUTH,"OpenCV image/motion heuristics only; vehicle_density_score and object_count_estimate are moving-region proxies, not detections; event_likelihood is not ground truth violation."
interrupted_2026-09-17_C075,data/clips/interrupted_2026-09-17_C075.mp4,interrupted_2026-09-17,NUGc3nLuGsI,UNRESOLVED,8140.0,8260.0,120.0,30.0,1920,1080,h264,e6cb79a1846afdf3669fcabcf83faf6bf4da0fd85f02e22130f18b75ed0959ca,PASS,WARNING,12,0.122118,6.364,NOT_INFERRED_NO_DETECTOR,0.155556,0.235259,0.482818,0.000000,0.097330,0.122118,0.909091,0.083666,0.675433,0.346620,0.197078,0.000000,0.530303,0.256089,SMALL_FAR,0.313275,0.291949,MEDIUM,0.244062,172,268,268,NO,NOT_SELECTED,,,,,COMPUTED,COMPUTED_SELECTION_SIGNAL_NOT_GROUND_TRUTH,"OpenCV image/motion heuristics only; vehicle_density_score and object_count_estimate are moving-region proxies, not detections; event_likelihood is not ground truth violation."
interrupted_2026-09-17_C076,data/clips/interrupted_2026-09-17_C076.mp4,interrupted_2026-09-17,NUGc3nLuGsI,UNRESOLVED,8250.0,8370.0,120.0,30.0,1920,1080,h264,37d72800585f5a6f49a7f1b2d0305dab20ece3e2c5d5a4f0cfdb9d459b85f3ed,PASS,WARNING,12,0.201768,8.273,NOT_INFERRED_NO_DETECTOR,0.240327,0.301901,0.477159,0.000000,0.150820,0.201768,0.909091,0.265140,0.674367,0.469962,0.227306,0.000000,0.689394,0.398182,SMALL_FAR|CROWDED,0.377089,0.351546,MEDIUM,0.329799,68,132,132,NO,NOT_SELECTED,,,,,COMPUTED,COMPUTED_SELECTION_SIGNAL_NOT_GROUND_TRUTH,"OpenCV image/motion heuristics only; vehicle_density_score and object_count_estimate are moving-region proxies, not detections; event_likelihood is not ground truth violation."
interrupted_2026-09-17_C077,data/clips/interrupted_2026-09-17_C077.mp4,interrupted_2026-09-17,NUGc3nLuGsI,UNRESOLVED,8360.0,8480.0,120.0,30.0,1920,1080,h264,e4a7326d2d696a9c2406cf8f4080e77759f2a5247f90d53ddb7ea40ac070a836,PASS,WARNING,12,0.113526,6.545,NOT_INFERRED_NO_DETECTOR,0.154577,0.180492,0.474904,0.000000,0.103981,0.113526,0.909091,0.073528,0.758297,0.351087,0.206061,0.000000,0.545455,0.221090,SMALL_FAR,0.328298,0.289960,MEDIUM,0.245491,167,261,261,NO,NOT_SELECTED,,,,,COMPUTED,COMPUTED_SELECTION_SIGNAL_NOT_GROUND_TRUTH,"OpenCV image/motion heuristics only; vehicle_density_score and object_count_estimate are moving-region proxies, not detections; event_likelihood is not ground truth violation."
interrupted_2026-09-17_C078,data/clips/interrupted_2026-09-17_C078.mp4,interrupted_2026-09-17,NUGc3nLuGsI,UNRESOLVED,8470.0,8590.0,120.0,30.0,1920,1080,h264,fba97905a52d31277c6ebe98fa094aa1ca47d54429ae4b8a91616169ae84dea3,PASS,WARNING,12,0.090887,6.000,NOT_INFERRED_NO_DETECTOR,0.133746,0.165040,0.471712,0.000000,0.100460,0.090887,0.727273,0.126111,0.745635,0.315899,0.225830,0.000000,0.500000,0.172278,SMALL_FAR,0.310730,0.237823,LOW,0.225639,236,354,354,NO,NOT_SELECTED,,,,,COMPUTED,COMPUTED_SELECTION_SIGNAL_NOT_GROUND_TRUTH,"OpenCV image/motion heuristics only; vehicle_density_score and object_count_estimate are moving-region proxies, not detections; event_likelihood is not ground truth violation."
interrupted_2026-09-17_C079,data/clips/interrupted_2026-09-17_C079.mp4,interrupted_2026-09-17,NUGc3nLuGsI,UNRESOLVED,8580.0,8700.0,120.0,30.0,1920,1080,h264,053ae834dc3da6cfbf260db845c353cc65f507355bba2d16b262f96dd4c5e1bd,PASS,WARNING,12,0.088823,5.273,NOT_INFERRED_NO_DETECTOR,0.131213,0.152674,0.478928,0.000000,0.099167,0.088823,0.818182,0.146306,0.707215,0.281637,0.155772,0.000000,0.439394,0.204674,SMALL_FAR,0.283400,0.255295,MEDIUM,0.228656,224,338,338,NO,NOT_SELECTED,,,,,COMPUTED,COMPUTED_SELECTION_SIGNAL_NOT_GROUND_TRUTH,"OpenCV image/motion heuristics only; vehicle_density_score and object_count_estimate are moving-region proxies, not detections; event_likelihood is not ground truth violation."
interrupted_2026-09-17_C080,data/clips/interrupted_2026-09-17_C080.mp4,interrupted_2026-09-17,NUGc3nLuGsI,UNRESOLVED,8690.0,8810.0,120.0,30.0,1920,1080,h264,f4df7c1c4754aadee256a08a602b3c2085898b38c4e9650a382913047c9f93d0,PASS,WARNING,12,0.098141,5.091,NOT_INFERRED_NO_DETECTOR,0.129495,0.158094,0.477235,0.000000,0.083246,0.098141,0.818182,0.157128,0.750541,0.277497,0.096320,0.000000,0.424242,0.203350,SMALL_FAR,0.279713,0.255134,MEDIUM,0.229298,220,333,333,NO,NOT_SELECTED,,,,,COMPUTED,COMPUTED_SELECTION_SIGNAL_NOT_GROUND_TRUTH,"OpenCV image/motion heuristics only; vehicle_density_score and object_count_estimate are moving-region proxies, not detections; event_likelihood is not ground truth violation."
interrupted_2026-09-17_C081,data/clips/interrupted_2026-09-17_C081.mp4,interrupted_2026-09-17,NUGc3nLuGsI,UNRESOLVED,8800.0,8920.0,120.0,30.0,1920,1080,h264,8f6ad011de795c303170ce36aacd7dc0f0bc9fc01dff31467fecca4ef7e9a353,PASS,WARNING,12,0.067333,5.455,NOT_INFERRED_NO_DETECTOR,0.111073,0.122775,0.476281,0.000000,0.074603,0.067333,0.818182,0.213428,0.811869,0.280300,0.055556,0.000000,0.454545,0.175615,SMALL_FAR,0.286957,0.238130,LOW,0.232108,213,324,324,NO,NOT_SELECTED,,,,,COMPUTED,COMPUTED_SELECTION_SIGNAL_NOT_GROUND_TRUTH,"OpenCV image/motion heuristics only; vehicle_density_score and object_count_estimate are moving-region proxies, not detections; event_likelihood is not ground truth violation."
interrupted_2026-09-17_C082,data/clips/interrupted_2026-09-17_C082.mp4,interrupted_2026-09-17,NUGc3nLuGsI,UNRESOLVED,8910.0,9030.0,120.0,30.0,1920,1080,h264,9cb0a3e5d7bd17b00910c3a2f05cbcbf865357ff6fc2544e9032c601365f3601,PASS,WARNING,12,0.131929,6.364,NOT_INFERRED_NO_DETECTOR,0.169624,0.211589,0.476725,0.000000,0.111432,0.131929,0.909091,0.090807,0.662482,0.351035,0.195094,0.000000,0.530303,0.251095,SMALL_FAR,0.310685,0.301621,MEDIUM,0.250373,150,241,241,NO,NOT_SELECTED,,,,,COMPUTED,COMPUTED_SELECTION_SIGNAL_NOT_GROUND_TRUTH,"OpenCV image/motion heuristics only; vehicle_density_score and object_count_estimate are moving-region proxies, not detections; event_likelihood is not ground truth violation."
interrupted_2026-09-17_C083,data/clips/interrupted_2026-09-17_C083.mp4,interrupted_2026-09-17,NUGc3nLuGsI,UNRESOLVED,9020.0,9140.0,120.0,30.0,1920,1080,h264,e7bd5751d63d04e967878bdfef95f43ed435d1bedc9f52b2396470c6b7662ef7,PASS,WARNING,12,0.083406,4.727,NOT_INFERRED_NO_DETECTOR,0.115441,0.165757,0.482916,0.000000,0.079232,0.083406,0.818182,0.185347,0.729545,0.254199,0.139394,0.000000,0.393939,0.223894,SMALL_FAR,0.276319,0.245607,MEDIUM,0.227740,228,343,343,NO,NOT_SELECTED,,,,,COMPUTED,COMPUTED_SELECTION_SIGNAL_NOT_GROUND_TRUTH,"OpenCV image/motion heuristics only; vehicle_density_score and object_count_estimate are moving-region proxies, not detections; event_likelihood is not ground truth violation."
interrupted_2026-09-17_C084,data/clips/interrupted_2026-09-17_C084.mp4,interrupted_2026-09-17,NUGc3nLuGsI,UNRESOLVED,9130.0,9250.0,120.0,30.0,1920,1080,h264,66ed59340a547e894c5130659593a5a55194f15d3d2f230601d2a3ec581bbc53,PASS,WARNING,12,0.143466,7.000,NOT_INFERRED_NO_DETECTOR,0.185032,0.183188,0.474871,0.000000,0.128801,0.143466,0.909091,0.125180,0.627981,0.385393,0.190988,0.000000,0.583333,0.249614,,0.317017,0.312830,MEDIUM,0.264890,124,209,209,YES,SELECTED,source_coverage=interrupted_2026-09-17; event_likelihood=MEDIUM; hardcase=NORMAL_CASE; diversity_aware_rank; selection_signal_only_not_ground_truth,PENDING,,,COMPUTED,COMPUTED_SELECTION_SIGNAL_NOT_GROUND_TRUTH,"OpenCV image/motion heuristics only; vehicle_density_score and object_count_estimate are moving-region proxies, not detections; event_likelihood is not ground truth violation."
interrupted_2026-09-17_C085,data/clips/interrupted_2026-09-17_C085.mp4,interrupted_2026-09-17,NUGc3nLuGsI,UNRESOLVED,9240.0,9360.0,120.0,30.0,1920,1080,h264,b656aa09ad67e88fa7785b7e884d46ce8a39a8636aadbe01f7d693abd6e60630,PASS,WARNING,12,0.195710,7.727,NOT_INFERRED_NO_DETECTOR,0.246802,0.345335,0.475865,0.000000,0.144316,0.195710,0.909091,0.274259,0.761255,0.442236,0.196591,0.000000,0.643939,0.417770,SMALL_FAR,0.379624,0.350064,MEDIUM,0.332304,66,128,128,NO,NOT_SELECTED,,,,,COMPUTED,COMPUTED_SELECTION_SIGNAL_NOT_GROUND_TRUTH,"OpenCV image/motion heuristics only; vehicle_density_score and object_count_estimate are moving-region proxies, not detections; event_likelihood is not ground truth violation."
interrupted_2026-09-17_C086,data/clips/interrupted_2026-09-17_C086.mp4,interrupted_2026-09-17,NUGc3nLuGsI,UNRESOLVED,9350.0,9470.0,120.0,30.0,1920,1080,h264,7ab880b77581cd002b41e03621b466093d7293b510d9209870c8bd754558992c,PASS,WARNING,12,0.062955,3.818,NOT_INFERRED_NO_DETECTOR,0.107656,0.120392,0.479201,0.000000,0.086730,0.062955,0.727273,0.239217,0.776190,0.203330,0.071429,0.000000,0.318182,0.157185,SMALL_FAR,0.247952,0.218810,LOW,0.217305,258,382,382,NO,NOT_SELECTED,,,,,COMPUTED,COMPUTED_SELECTION_SIGNAL_NOT_GROUND_TRUTH,"OpenCV image/motion heuristics only; vehicle_density_score and object_count_estimate are moving-region proxies, not detections; event_likelihood is not ground truth violation."
interrupted_2026-09-17_C087,data/clips/interrupted_2026-09-17_C087.mp4,interrupted_2026-09-17,NUGc3nLuGsI,UNRESOLVED,9460.0,9580.0,120.0,30.0,1920,1080,h264,e36d86b7841e61342d5cfff3324f2e113755f6d45022b78d28f1fc1ca8a7f0e5,PASS,WARNING,12,0.148674,7.091,NOT_INFERRED_NO_DETECTOR,0.191386,0.267282,0.475283,0.000000,0.139265,0.148674,0.818182,0.135149,0.711183,0.391903,0.190620,0.000000,0.590909,0.347454,SMALL_FAR,0.345806,0.299109,MEDIUM,0.269745,117,200,200,NO,NOT_SELECTED,,,,,COMPUTED,COMPUTED_SELECTION_SIGNAL_NOT_GROUND_TRUTH,"OpenCV image/motion heuristics only; vehicle_density_score and object_count_estimate are moving-region proxies, not detections; event_likelihood is not ground truth violation."
interrupted_2026-09-17_C088,data/clips/interrupted_2026-09-17_C088.mp4,interrupted_2026-09-17,NUGc3nLuGsI,UNRESOLVED,9570.0,9690.0,120.0,30.0,1920,1080,h264,051b73c31157d5584b84bb7994a35d3af3a1e64a52379ed7d4a80ea83e933393,PASS,WARNING,12,0.106098,6.000,NOT_INFERRED_NO_DETECTOR,0.151199,0.137766,0.469419,0.000000,0.101868,0.106098,0.909091,0.109732,0.674423,0.322744,0.074747,0.000000,0.500000,0.201275,SMALL_FAR,0.281198,0.286143,MEDIUM,0.236811,197,302,302,NO,NOT_SELECTED,,,,,COMPUTED,COMPUTED_SELECTION_SIGNAL_NOT_GROUND_TRUTH,"OpenCV image/motion heuristics only; vehicle_density_score and object_count_estimate are moving-region proxies, not detections; event_likelihood is not ground truth violation."
interrupted_2026-09-17_C089,data/clips/interrupted_2026-09-17_C089.mp4,interrupted_2026-09-17,NUGc3nLuGsI,UNRESOLVED,9680.0,9800.0,120.0,30.0,1920,1080,h264,ad6246c9fd051f131a7baf1d7457983cf73e2e2d513ecdb70b9bb9b7db31835d,PASS,WARNING,12,0.128895,6.182,NOT_INFERRED_NO_DETECTOR,0.166568,0.174579,0.472061,0.000000,0.120758,0.128895,0.909091,0.120601,0.681241,0.341336,0.093038,0.000000,0.515152,0.243773,SMALL_FAR,0.295113,0.301443,MEDIUM,0.250934,147,238,238,NO,NOT_SELECTED,,,,,COMPUTED,COMPUTED_SELECTION_SIGNAL_NOT_GROUND_TRUTH,"OpenCV image/motion heuristics only; vehicle_density_score and object_count_estimate are moving-region proxies, not detections; event_likelihood is not ground truth violation."
interrupted_2026-09-17_C090,data/clips/interrupted_2026-09-17_C090.mp4,interrupted_2026-09-17,NUGc3nLuGsI,UNRESOLVED,9790.0,9910.0,120.0,30.0,1920,1080,h264,da23b689796d8967ef33df1024d6ed929e005726226d0aa4e5813ff318eff93e,PASS,WARNING,12,0.086534,4.727,NOT_INFERRED_NO_DETECTOR,0.124475,0.131727,0.471525,0.000000,0.080894,0.086534,0.909091,0.182939,0.633766,0.255607,0.151515,0.000000,0.393939,0.187951,,0.256659,0.268500,MEDIUM,0.232501,211,321,321,NO,NOT_SELECTED,,,,,COMPUTED,COMPUTED_SELECTION_SIGNAL_NOT_GROUND_TRUTH,"OpenCV image/motion heuristics only; vehicle_density_score and object_count_estimate are moving-region proxies, not detections; event_likelihood is not ground truth violation."
interrupted_2026-09-17_C091,data/clips/interrupted_2026-09-17_C091.mp4,interrupted_2026-09-17,NUGc3nLuGsI,UNRESOLVED,9900.0,10020.0,120.0,30.0,1920,1080,h264,99fdd5ab4727b86ac48f0cf908c7fe11f3dc4dceb8ab99a17b4ab29f89446487,PASS,WARNING,12,0.106695,7.727,NOT_INFERRED_NO_DETECTOR,0.147602,0.185747,0.468668,0.000000,0.100812,0.106695,0.909091,0.072227,0.708983,0.402179,0.187229,0.000000,0.643939,0.233949,SMALL_FAR,0.341238,0.285184,MEDIUM,0.246037,165,258,258,NO,NOT_SELECTED,,,,,COMPUTED,COMPUTED_SELECTION_SIGNAL_NOT_GROUND_TRUTH,"OpenCV image/motion heuristics only; vehicle_density_score and object_count_estimate are moving-region proxies, not detections; event_likelihood is not ground truth violation."
interrupted_2026-09-17_C092,data/clips/interrupted_2026-09-17_C092.mp4,interrupted_2026-09-17,NUGc3nLuGsI,UNRESOLVED,10010.0,10130.0,120.0,30.0,1920,1080,h264,ef645f55aeba1a00b4fecffcf74068c13ae7b70f44c3543d3dd2ef617907b12c,PASS,WARNING,12,0.150142,5.909,NOT_INFERRED_NO_DETECTOR,0.183490,0.239083,0.468345,0.000000,0.121310,0.150142,0.818182,0.103628,0.670743,0.338397,0.147691,0.000000,0.492424,0.272496,SMALL_FAR,0.300274,0.294244,MEDIUM,0.248331,158,250,250,NO,NOT_SELECTED,,,,,COMPUTED,COMPUTED_SELECTION_SIGNAL_NOT_GROUND_TRUTH,"OpenCV image/motion heuristics only; vehicle_density_score and object_count_estimate are moving-region proxies, not detections; event_likelihood is not ground truth violation."
interrupted_2026-09-17_C093,data/clips/interrupted_2026-09-17_C093.mp4,interrupted_2026-09-17,NUGc3nLuGsI,UNRESOLVED,10120.0,10240.0,120.0,30.0,1920,1080,h264,3f1813d07d110977da4878f1db34283856863c13f2f581e96f97d9e70db536de,PASS,WARNING,12,0.173488,8.000,NOT_INFERRED_NO_DETECTOR,0.215330,0.262201,0.461658,0.000000,0.133155,0.173488,0.909091,0.168337,0.684114,0.444736,0.147268,0.000000,0.666667,0.362612,SMALL_FAR|CROWDED,0.356201,0.332002,MEDIUM,0.295317,85,156,156,NO,NOT_SELECTED,,,,,COMPUTED,COMPUTED_SELECTION_SIGNAL_NOT_GROUND_TRUTH,"OpenCV image/motion heuristics only; vehicle_density_score and object_count_estimate are moving-region proxies, not detections; event_likelihood is not ground truth violation."
interrupted_2026-09-17_C094,data/clips/interrupted_2026-09-17_C094.mp4,interrupted_2026-09-17,NUGc3nLuGsI,UNRESOLVED,10230.0,10350.0,120.0,30.0,1920,1080,h264,96451df38801508b8e4e4e609be66cf49085d8e0570d16c146cdd21617a5b87f,PASS,WARNING,12,0.094628,6.455,NOT_INFERRED_NO_DETECTOR,0.143582,0.158069,0.468115,0.000000,0.113849,0.094628,0.909091,0.105312,0.744481,0.338416,0.118831,0.000000,0.537879,0.215969,SMALL_FAR,0.309998,0.282342,MEDIUM,0.241569,179,278,278,NO,NOT_SELECTED,,,,,COMPUTED,COMPUTED_SELECTION_SIGNAL_NOT_GROUND_TRUTH,"OpenCV image/motion heuristics only; vehicle_density_score and object_count_estimate are moving-region proxies, not detections; event_likelihood is not ground truth violation."
interrupted_2026-09-17_C095,data/clips/interrupted_2026-09-17_C095.mp4,interrupted_2026-09-17,NUGc3nLuGsI,UNRESOLVED,10340.0,10460.0,120.0,30.0,1920,1080,h264,d964e9540bf6dbc989e814f1dbe13bdf6bae857afe3cc5ee1b3e324511d93338,PASS,WARNING,12,0.092367,4.182,NOT_INFERRED_NO_DETECTOR,0.134122,0.230070,0.470787,0.000000,0.087334,0.092367,0.727273,0.155067,0.585985,0.233232,0.071970,0.000000,0.348485,0.303437,,0.240376,0.236065,LOW,0.210459,267,398,398,NO,NOT_SELECTED,,,,,COMPUTED,COMPUTED_SELECTION_SIGNAL_NOT_GROUND_TRUTH,"OpenCV image/motion heuristics only; vehicle_density_score and object_count_estimate are moving-region proxies, not detections; event_likelihood is not ground truth violation."
interrupted_2026-09-17_C096,data/clips/interrupted_2026-09-17_C096.mp4,interrupted_2026-09-17,NUGc3nLuGsI,UNRESOLVED,10450.0,10570.0,120.0,30.0,1920,1080,h264,f9801b8601a71e0c8128e06743f65c92c8e2aa5a99aac7bc620c37ddeeabf582,PASS,WARNING,12,0.086509,5.364,NOT_INFERRED_NO_DETECTOR,0.135955,0.188418,0.468928,0.000000,0.101862,0.086509,0.818182,0.109210,0.737013,0.284762,0.221871,0.000000,0.446970,0.255270,SMALL_FAR,0.305739,0.256274,MEDIUM,0.229214,221,334,334,NO,NOT_SELECTED,,,,,COMPUTED,COMPUTED_SELECTION_SIGNAL_NOT_GROUND_TRUTH,"OpenCV image/motion heuristics only; vehicle_density_score and object_count_estimate are moving-region proxies, not detections; event_likelihood is not ground truth violation."
interrupted_2026-09-17_C097,data/clips/interrupted_2026-09-17_C097.mp4,interrupted_2026-09-17,NUGc3nLuGsI,UNRESOLVED,10560.0,10680.0,120.0,30.0,1920,1080,h264,995bda5d3de1f43e5632344417745dcf089066f56cb6bb10c6f26beeccb8a3a2,PASS,WARNING,12,0.127153,6.455,NOT_INFERRED_NO_DETECTOR,0.161234,0.200604,0.468340,0.000000,0.119565,0.127153,0.727273,0.105805,0.674351,0.353052,0.155087,0.000000,0.537879,0.243960,SMALL_FAR,0.307858,0.261014,MEDIUM,0.234219,206,315,315,NO,NOT_SELECTED,,,,,COMPUTED,COMPUTED_SELECTION_SIGNAL_NOT_GROUND_TRUTH,"OpenCV image/motion heuristics only; vehicle_density_score and object_count_estimate are moving-region proxies, not detections; event_likelihood is not ground truth violation."
interrupted_2026-09-17_C098,data/clips/interrupted_2026-09-17_C098.mp4,interrupted_2026-09-17,NUGc3nLuGsI,UNRESOLVED,10670.0,10790.0,120.0,30.0,1920,1080,h264,f5408639212706b6bab6fb5352f3bbe71fbc81906483a7e7f0a3667f2935034d,PASS,WARNING,12,0.152478,8.455,NOT_INFERRED_NO_DETECTOR,0.186700,0.188659,0.467090,0.000000,0.146523,0.152478,0.909091,0.148799,0.689105,0.456115,0.114232,0.000000,0.704545,0.253073,SMALL_FAR|CROWDED,0.346984,0.319535,MEDIUM,0.280548,97,175,175,NO,NOT_SELECTED,,,,,COMPUTED,COMPUTED_SELECTION_SIGNAL_NOT_GROUND_TRUTH,"OpenCV image/motion heuristics only; vehicle_density_score and object_count_estimate are moving-region proxies, not detections; event_likelihood is not ground truth violation."
interrupted_2026-09-17_C099,data/clips/interrupted_2026-09-17_C099.mp4,interrupted_2026-09-17,NUGc3nLuGsI,UNRESOLVED,10780.0,10900.0,120.0,30.0,1920,1080,h264,3ba9d92daa5ec1e927db34eebf33e71849cd4eae3fe92c72952a1f7e8ab514a7,PASS,WARNING,12,0.092797,6.000,NOT_INFERRED_NO_DETECTOR,0.128014,0.170233,0.466023,0.000000,0.104565,0.092797,0.909091,0.111465,0.734052,0.316759,0.104959,0.000000,0.500000,0.174790,SMALL_FAR,0.292145,0.275845,MEDIUM,0.233081,210,320,320,NO,NOT_SELECTED,,,,,COMPUTED,COMPUTED_SELECTION_SIGNAL_NOT_GROUND_TRUTH,"OpenCV image/motion heuristics only; vehicle_density_score and object_count_estimate are moving-region proxies, not detections; event_likelihood is not ground truth violation."
interrupted_2026-09-17_C100,data/clips/interrupted_2026-09-17_C100.mp4,interrupted_2026-09-17,NUGc3nLuGsI,UNRESOLVED,10890.0,11010.0,120.0,30.0,1920,1080,h264,795160e80ac068ef5161ad9a8f822b7817b2017d1d851c9c4b49a2e416bdb867,PASS,WARNING,12,0.138728,5.636,NOT_INFERRED_NO_DETECTOR,0.168048,0.165394,0.464150,0.000000,0.130713,0.138728,0.909091,0.150880,0.635173,0.320761,0.062987,0.000000,0.469697,0.247794,,0.272943,0.306978,MEDIUM,0.252679,142,232,232,NO,NOT_SELECTED,,,,,COMPUTED,COMPUTED_SELECTION_SIGNAL_NOT_GROUND_TRUTH,"OpenCV image/motion heuristics only; vehicle_density_score and object_count_estimate are moving-region proxies, not detections; event_likelihood is not ground truth violation."
interrupted_2026-09-17_C101,data/clips/interrupted_2026-09-17_C101.mp4,interrupted_2026-09-17,NUGc3nLuGsI,UNRESOLVED,11000.0,11120.0,120.0,30.0,1920,1080,h264,68fef15de32bb97eb2a2a87b736096cfc1c988ee2abb3a04a196e772d96f0449,PASS,WARNING,12,0.117610,6.727,NOT_INFERRED_NO_DETECTOR,0.152519,0.286591,0.464821,0.000000,0.104149,0.117610,0.909091,0.074431,0.757117,0.361258,0.101928,0.000000,0.560606,0.332066,SMALL_FAR,0.330672,0.290824,MEDIUM,0.246434,163,256,256,NO,NOT_SELECTED,,,,,COMPUTED,COMPUTED_SELECTION_SIGNAL_NOT_GROUND_TRUTH,"OpenCV image/motion heuristics only; vehicle_density_score and object_count_estimate are moving-region proxies, not detections; event_likelihood is not ground truth violation."
interrupted_2026-09-17_C102,data/clips/interrupted_2026-09-17_C102.mp4,interrupted_2026-09-17,NUGc3nLuGsI,UNRESOLVED,11110.0,11230.0,120.0,30.0,1920,1080,h264,6916a65d054248f90d1f06971433e27b76ae0faa54a9e70f24c318393ea369f1,PASS,WARNING,12,0.122352,6.727,NOT_INFERRED_NO_DETECTOR,0.156942,0.155067,0.466457,0.000000,0.102608,0.122352,0.909091,0.092084,0.681469,0.363392,0.191583,0.000000,0.560606,0.216263,SMALL_FAR,0.316009,0.293353,MEDIUM,0.247099,161,254,254,NO,NOT_SELECTED,,,,,COMPUTED,COMPUTED_SELECTION_SIGNAL_NOT_GROUND_TRUTH,"OpenCV image/motion heuristics only; vehicle_density_score and object_count_estimate are moving-region proxies, not detections; event_likelihood is not ground truth violation."
interrupted_2026-09-17_C103,data/clips/interrupted_2026-09-17_C103.mp4,interrupted_2026-09-17,NUGc3nLuGsI,UNRESOLVED,11220.0,11340.0,120.0,30.0,1920,1080,h264,34cf26a694823ec5843a684cdd8fdd00b438e3eced5177029e55c4745fcd7f00,PASS,WARNING,12,0.059419,6.000,NOT_INFERRED_NO_DETECTOR,0.104480,0.116126,0.470772,0.000000,0.073267,0.059419,0.727273,0.229591,0.829185,0.301739,0.030303,0.000000,0.500000,0.161915,SMALL_FAR,0.295169,0.214327,LOW,0.226529,235,352,352,NO,NOT_SELECTED,,,,,COMPUTED,COMPUTED_SELECTION_SIGNAL_NOT_GROUND_TRUTH,"OpenCV image/motion heuristics only; vehicle_density_score and object_count_estimate are moving-region proxies, not detections; event_likelihood is not ground truth violation."
interrupted_2026-09-17_C104,data/clips/interrupted_2026-09-17_C104.mp4,interrupted_2026-09-17,NUGc3nLuGsI,UNRESOLVED,11330.0,11450.0,120.0,30.0,1920,1080,h264,3c04a429beac3c377ffe7b3b302c780158755e64d868b5331fba2b4a3295c0ce,PASS,WARNING,12,0.085647,5.818,NOT_INFERRED_NO_DETECTOR,0.130689,0.136433,0.467591,0.000000,0.104137,0.085647,0.909091,0.124057,0.759524,0.305208,0.156385,0.000000,0.484848,0.190439,SMALL_FAR,0.301766,0.274060,MEDIUM,0.237613,193,298,298,NO,NOT_SELECTED,,,,,COMPUTED,COMPUTED_SELECTION_SIGNAL_NOT_GROUND_TRUTH,"OpenCV image/motion heuristics only; vehicle_density_score and object_count_estimate are moving-region proxies, not detections; event_likelihood is not ground truth violation."
interrupted_2026-09-17_C105,data/clips/interrupted_2026-09-17_C105.mp4,interrupted_2026-09-17,NUGc3nLuGsI,UNRESOLVED,11440.0,11560.0,120.0,30.0,1920,1080,h264,b88ddcbb12fa444f295395e111d27e40f90612f18a964fb55a68497f81a7fedc,PASS,WARNING,12,0.133343,5.909,NOT_INFERRED_NO_DETECTOR,0.175909,0.251734,0.462785,0.000000,0.126594,0.133343,0.909091,0.095009,0.747396,0.330838,0.170432,0.000000,0.492424,0.320153,SMALL_FAR,0.321915,0.306528,MEDIUM,0.257089,135,221,221,NO,NOT_SELECTED,,,,,COMPUTED,COMPUTED_SELECTION_SIGNAL_NOT_GROUND_TRUTH,"OpenCV image/motion heuristics only; vehicle_density_score and object_count_estimate are moving-region proxies, not detections; event_likelihood is not ground truth violation."
interrupted_2026-09-17_C106,data/clips/interrupted_2026-09-17_C106.mp4,interrupted_2026-09-17,NUGc3nLuGsI,UNRESOLVED,11550.0,11670.0,120.0,30.0,1920,1080,h264,80f0e9037acc37ac240984aaa230a27eae4c9d914b602ccc2616aee1e03ce5d1,PASS,WARNING,12,0.121897,7.818,NOT_INFERRED_NO_DETECTOR,0.153715,0.183257,0.471651,0.000000,0.111168,0.121897,0.909091,0.086671,0.718312,0.413187,0.107739,0.000000,0.651515,0.231078,SMALL_FAR|CROWDED,0.334198,0.293868,MEDIUM,0.251047,146,237,237,NO,NOT_SELECTED,,,,,COMPUTED,COMPUTED_SELECTION_SIGNAL_NOT_GROUND_TRUTH,"OpenCV image/motion heuristics only; vehicle_density_score and object_count_estimate are moving-region proxies, not detections; event_likelihood is not ground truth violation."
interrupted_2026-09-17_C107,data/clips/interrupted_2026-09-17_C107.mp4,interrupted_2026-09-17,NUGc3nLuGsI,UNRESOLVED,11660.0,11780.0,120.0,30.0,1920,1080,h264,c8476cc68f96c33fd5736d33b2f3066c9032c117862f3aa6ff6ce2595b24438c,PASS,WARNING,12,0.081203,6.455,NOT_INFERRED_NO_DETECTOR,0.123863,0.131632,0.465069,0.000000,0.083650,0.081203,0.909091,0.143836,0.832468,0.332375,0.132179,0.000000,0.537879,0.173248,SMALL_FAR,0.321732,0.267018,MEDIUM,0.242986,174,273,273,NO,NOT_SELECTED,,,,,COMPUTED,COMPUTED_SELECTION_SIGNAL_NOT_GROUND_TRUTH,"OpenCV image/motion heuristics only; vehicle_density_score and object_count_estimate are moving-region proxies, not detections; event_likelihood is not ground truth violation."
interrupted_2026-09-17_C108,data/clips/interrupted_2026-09-17_C108.mp4,interrupted_2026-09-17,NUGc3nLuGsI,UNRESOLVED,11770.0,11890.0,120.0,30.0,1920,1080,h264,dac293d5f358292c1f89af1a410f72e90df64cea5166841df2d50525f71b3f17,PASS,WARNING,12,0.158333,6.091,NOT_INFERRED_NO_DETECTOR,0.194343,0.253208,0.455725,0.000000,0.109197,0.158333,0.818182,0.102938,0.633514,0.350417,0.098196,0.000000,0.507576,0.319003,,0.296331,0.297780,MEDIUM,0.249890,154,246,246,NO,NOT_SELECTED,,,,,COMPUTED,COMPUTED_SELECTION_SIGNAL_NOT_GROUND_TRUTH,"OpenCV image/motion heuristics only; vehicle_density_score and object_count_estimate are moving-region proxies, not detections; event_likelihood is not ground truth violation."
interrupted_2026-09-17_C109,data/clips/interrupted_2026-09-17_C109.mp4,interrupted_2026-09-17,NUGc3nLuGsI,UNRESOLVED,11880.0,12000.0,120.0,30.0,1920,1080,h264,c365ad6803dfa83d7f89a59b442e9936463f436ad4c932b4035061de1a38baf8,PASS,WARNING,12,0.160758,7.000,NOT_INFERRED_NO_DETECTOR,0.192402,0.231084,0.459886,0.000000,0.123118,0.160758,0.909091,0.117882,0.677227,0.393174,0.356520,0.000000,0.583333,0.293166,SMALL_FAR,0.355371,0.319676,MEDIUM,0.278075,103,182,182,NO,NOT_SELECTED,,,,,COMPUTED,COMPUTED_SELECTION_SIGNAL_NOT_GROUND_TRUTH,"OpenCV image/motion heuristics only; vehicle_density_score and object_count_estimate are moving-region proxies, not detections; event_likelihood is not ground truth violation."
interrupted_2026-09-17_C110,data/clips/interrupted_2026-09-17_C110.mp4,interrupted_2026-09-17,NUGc3nLuGsI,UNRESOLVED,11990.0,12110.0,120.0,30.0,1920,1080,h264,5462c89f2aa619249f69ca6ace22e52a731dabf9cdee41d00fb65dd1d3393a30,PASS,WARNING,12,0.095518,7.273,NOT_INFERRED_NO_DETECTOR,0.129726,0.150921,0.478679,0.000000,0.078893,0.095518,0.818182,0.145679,0.853613,0.376316,0.115718,0.000000,0.606061,0.188120,SMALL_FAR,0.342079,0.253521,MEDIUM,0.244050,173,269,269,NO,NOT_SELECTED,,,,,COMPUTED,COMPUTED_SELECTION_SIGNAL_NOT_GROUND_TRUTH,"OpenCV image/motion heuristics only; vehicle_density_score and object_count_estimate are moving-region proxies, not detections; event_likelihood is not ground truth violation."
interrupted_2026-09-17_C111,data/clips/interrupted_2026-09-17_C111.mp4,interrupted_2026-09-17,NUGc3nLuGsI,UNRESOLVED,12100.0,12220.0,120.0,30.0,1920,1080,h264,10d9a075ca4f63cc20d29c282d39ee1214f2fcef0cf450a87c8a9af8d16544f2,PASS,WARNING,12,0.127055,7.182,NOT_INFERRED_NO_DETECTOR,0.157691,0.158298,0.475892,0.000000,0.121462,0.127055,0.909091,0.120203,0.673712,0.386341,0.136131,0.000000,0.598485,0.214718,SMALL_FAR,0.315938,0.298547,MEDIUM,0.254412,137,225,225,NO,NOT_SELECTED,,,,,COMPUTED,COMPUTED_SELECTION_SIGNAL_NOT_GROUND_TRUTH,"OpenCV image/motion heuristics only; vehicle_density_score and object_count_estimate are moving-region proxies, not detections; event_likelihood is not ground truth violation."
interrupted_2026-09-17_C112,data/clips/interrupted_2026-09-17_C112.mp4,interrupted_2026-09-17,NUGc3nLuGsI,UNRESOLVED,12210.0,12330.0,120.0,30.0,1920,1080,h264,7ffff42ca4fa114a248dacab605dae12c33697acc1a13e8207c245e47602e0be,PASS,WARNING,12,0.182109,7.636,NOT_INFERRED_NO_DETECTOR,0.221075,0.277796,0.471084,0.000000,0.124348,0.182109,0.909091,0.180696,0.688197,0.431949,0.212489,0.000000,0.636364,0.333130,SMALL_FAR,0.355891,0.334899,MEDIUM,0.299361,84,154,154,NO,NOT_SELECTED,,,,,COMPUTED,COMPUTED_SELECTION_SIGNAL_NOT_GROUND_TRUTH,"OpenCV image/motion heuristics only; vehicle_density_score and object_count_estimate are moving-region proxies, not detections; event_likelihood is not ground truth violation."
interrupted_2026-09-17_C113,data/clips/interrupted_2026-09-17_C113.mp4,interrupted_2026-09-17,NUGc3nLuGsI,UNRESOLVED,12320.0,12440.0,120.0,30.0,1920,1080,h264,4e9317fbe5d5c0c4ec54595d976ebefe81b5394c65af3986cb4adecff08f7f54,PASS,WARNING,12,0.136591,8.727,NOT_INFERRED_NO_DETECTOR,0.180394,0.185273,0.470434,0.000000,0.113348,0.136591,0.909091,0.118251,0.742921,0.461466,0.264750,0.000000,0.727273,0.271069,SMALL_FAR|CROWDED,0.384288,0.306459,MEDIUM,0.279246,101,180,180,NO,NOT_SELECTED,,,,,COMPUTED,COMPUTED_SELECTION_SIGNAL_NOT_GROUND_TRUTH,"OpenCV image/motion heuristics only; vehicle_density_score and object_count_estimate are moving-region proxies, not detections; event_likelihood is not ground truth violation."
interrupted_2026-09-17_C114,data/clips/interrupted_2026-09-17_C114.mp4,interrupted_2026-09-17,NUGc3nLuGsI,UNRESOLVED,12430.0,12550.0,120.0,30.0,1920,1080,h264,88ff0966c0d2c1688d278fec32195b76823557b3c066b1b975117943bde7da68,PASS,WARNING,12,0.110218,7.818,NOT_INFERRED_NO_DETECTOR,0.151713,0.191547,0.473406,0.000000,0.123012,0.110218,0.818182,0.116447,0.839610,0.407931,0.248918,0.000000,0.651515,0.231610,SMALL_FAR|CROWDED,0.375124,0.272397,MEDIUM,0.258607,131,216,216,NO,NOT_SELECTED,,,,,COMPUTED,COMPUTED_SELECTION_SIGNAL_NOT_GROUND_TRUTH,"OpenCV image/motion heuristics only; vehicle_density_score and object_count_estimate are moving-region proxies, not detections; event_likelihood is not ground truth violation."
interrupted_2026-09-17_C115,data/clips/interrupted_2026-09-17_C115.mp4,interrupted_2026-09-17,NUGc3nLuGsI,UNRESOLVED,12540.0,12660.0,120.0,30.0,1920,1080,h264,a7ed324d8e969dcc2500a81ed29c9c8ceb5b4196f0772e28140b38c4f6366382,PASS,WARNING,12,0.098838,6.818,NOT_INFERRED_NO_DETECTOR,0.154301,0.198510,0.464681,0.000000,0.156417,0.098838,0.818182,0.121080,0.798521,0.356977,0.148557,0.000000,0.568182,0.272436,SMALL_FAR,0.338110,0.275240,MEDIUM,0.250582,149,240,240,NO,NOT_SELECTED,,,,,COMPUTED,COMPUTED_SELECTION_SIGNAL_NOT_GROUND_TRUTH,"OpenCV image/motion heuristics only; vehicle_density_score and object_count_estimate are moving-region proxies, not detections; event_likelihood is not ground truth violation."
interrupted_2026-09-17_C116,data/clips/interrupted_2026-09-17_C116.mp4,interrupted_2026-09-17,NUGc3nLuGsI,UNRESOLVED,12650.0,12770.0,120.0,30.0,1920,1080,h264,f680be4922ac073672af75f7b60d4b360483f11272933cc73875ff7cb26d4958,PASS,WARNING,12,0.072475,6.455,NOT_INFERRED_NO_DETECTOR,0.117238,0.142756,0.470768,0.000000,0.117494,0.072475,0.727273,0.161410,0.817104,0.328447,0.174998,0.000000,0.537879,0.184862,SMALL_FAR,0.325805,0.230172,LOW,0.231020,217,328,328,NO,NOT_SELECTED,,,,,COMPUTED,COMPUTED_SELECTION_SIGNAL_NOT_GROUND_TRUTH,"OpenCV image/motion heuristics only; vehicle_density_score and object_count_estimate are moving-region proxies, not detections; event_likelihood is not ground truth violation."
interrupted_2026-09-17_C117,data/clips/interrupted_2026-09-17_C117.mp4,interrupted_2026-09-17,NUGc3nLuGsI,UNRESOLVED,12760.0,12880.0,120.0,30.0,1920,1080,h264,8ea7b508e7dfd510ee8da2dd18bc158ae6787ef75d48e896bfbb198f7ac9bd9f,PASS,WARNING,12,0.118605,5.818,NOT_INFERRED_NO_DETECTOR,0.167761,0.248355,0.470334,0.000000,0.152700,0.118605,0.727273,0.123175,0.751220,0.320039,0.176082,0.000000,0.484848,0.293964,SMALL_FAR,0.317528,0.265834,MEDIUM,0.242861,175,274,274,NO,NOT_SELECTED,,,,,COMPUTED,COMPUTED_SELECTION_SIGNAL_NOT_GROUND_TRUTH,"OpenCV image/motion heuristics only; vehicle_density_score and object_count_estimate are moving-region proxies, not detections; event_likelihood is not ground truth violation."
interrupted_2026-09-17_C118,data/clips/interrupted_2026-09-17_C118.mp4,interrupted_2026-09-17,NUGc3nLuGsI,UNRESOLVED,12870.0,12990.0,120.0,30.0,1920,1080,h264,9701c8173b67ac26cc83fb25fca13d3a125bc84c37e53b9276b89b5cf4cdf2a7,PASS,WARNING,12,0.082115,5.091,NOT_INFERRED_NO_DETECTOR,0.127162,0.156021,0.470665,0.000000,0.123571,0.082115,0.727273,0.164676,0.714177,0.270285,0.268182,0.000000,0.424242,0.202064,SMALL_FAR,0.296064,0.237223,LOW,0.227433,230,345,345,NO,NOT_SELECTED,,,,,COMPUTED,COMPUTED_SELECTION_SIGNAL_NOT_GROUND_TRUTH,"OpenCV image/motion heuristics only; vehicle_density_score and object_count_estimate are moving-region proxies, not detections; event_likelihood is not ground truth violation."
interrupted_2026-09-17_C119,data/clips/interrupted_2026-09-17_C119.mp4,interrupted_2026-09-17,NUGc3nLuGsI,UNRESOLVED,12980.0,13100.0,120.0,30.0,1920,1080,h264,1d3ffa4f9bc3db84f14fcfbd65983828b74eb85932d0a0f61c2148a72ecc62a0,PASS,WARNING,12,0.126727,7.091,NOT_INFERRED_NO_DETECTOR,0.157142,0.215182,0.469120,0.000000,0.136052,0.126727,0.818182,0.098335,0.707891,0.382027,0.170389,0.000000,0.590909,0.241702,SMALL_FAR,0.328308,0.281823,MEDIUM,0.246849,162,255,255,NO,NOT_SELECTED,,,,,COMPUTED,COMPUTED_SELECTION_SIGNAL_NOT_GROUND_TRUTH,"OpenCV image/motion heuristics only; vehicle_density_score and object_count_estimate are moving-region proxies, not detections; event_likelihood is not ground truth violation."
interrupted_2026-09-17_C120,data/clips/interrupted_2026-09-17_C120.mp4,interrupted_2026-09-17,NUGc3nLuGsI,UNRESOLVED,13090.0,13210.0,120.0,30.0,1920,1080,h264,e5d0c4e559eccb79c47e19ec53f198251dfef8911d57e3059c2cb2bf5d7874be,PASS,WARNING,12,0.088491,6.000,NOT_INFERRED_NO_DETECTOR,0.146914,0.189850,0.468016,0.000000,0.149561,0.088491,0.818182,0.134790,0.841519,0.314821,0.270641,0.000000,0.500000,0.231882,SMALL_FAR,0.341264,0.268493,MEDIUM,0.250213,152,244,244,NO,NOT_SELECTED,,,,,COMPUTED,COMPUTED_SELECTION_SIGNAL_NOT_GROUND_TRUTH,"OpenCV image/motion heuristics only; vehicle_density_score and object_count_estimate are moving-region proxies, not detections; event_likelihood is not ground truth violation."
interrupted_2026-09-17_C121,data/clips/interrupted_2026-09-17_C121.mp4,interrupted_2026-09-17,NUGc3nLuGsI,UNRESOLVED,13200.0,13320.0,120.0,30.0,1920,1080,h264,abc30851e7e1e11f7d7f08e38b298e5b8a43416817d721befc4cb99c05f8247d,PASS,WARNING,12,0.123756,4.455,NOT_INFERRED_NO_DETECTOR,0.172415,0.248571,0.468466,0.000000,0.168244,0.123756,0.818182,0.143188,0.669697,0.259857,0.309091,0.000000,0.371212,0.321743,SMALL_FAR,0.298201,0.290731,MEDIUM,0.252067,144,234,234,NO,NOT_SELECTED,,,,,COMPUTED,COMPUTED_SELECTION_SIGNAL_NOT_GROUND_TRUTH,"OpenCV image/motion heuristics only; vehicle_density_score and object_count_estimate are moving-region proxies, not detections; event_likelihood is not ground truth violation."
interrupted_2026-09-17_C122,data/clips/interrupted_2026-09-17_C122.mp4,interrupted_2026-09-17,NUGc3nLuGsI,UNRESOLVED,13310.0,13430.0,120.0,30.0,1920,1080,h264,e7846ff0c904174eb165a145c98b925ce50bc381e2f32043a9b7742709bfefaa,PASS,WARNING,12,0.132711,7.000,NOT_INFERRED_NO_DETECTOR,0.174715,0.175764,0.463045,0.000000,0.180506,0.132711,0.909091,0.167277,0.691444,0.380554,0.258051,0.000000,0.583333,0.240771,SMALL_FAR,0.336090,0.315695,MEDIUM,0.277773,104,183,183,NO,NOT_SELECTED,,,,,COMPUTED,COMPUTED_SELECTION_SIGNAL_NOT_GROUND_TRUTH,"OpenCV image/motion heuristics only; vehicle_density_score and object_count_estimate are moving-region proxies, not detections; event_likelihood is not ground truth violation."
interrupted_2026-09-17_C123,data/clips/interrupted_2026-09-17_C123.mp4,interrupted_2026-09-17,NUGc3nLuGsI,UNRESOLVED,13420.0,13540.0,120.0,30.0,1920,1080,h264,4d032dda3db4855ec58301efa8280b7628a7b1d5d512c4bfa86e16b73b93009e,PASS,WARNING,12,0.089574,6.455,NOT_INFERRED_NO_DETECTOR,0.158863,0.168438,0.464775,0.000000,0.169923,0.089574,0.909091,0.146433,0.758369,0.336142,0.241991,0.000000,0.537879,0.230505,SMALL_FAR,0.331166,0.294843,MEDIUM,0.261982,127,212,212,NO,NOT_SELECTED,,,,,COMPUTED,COMPUTED_SELECTION_SIGNAL_NOT_GROUND_TRUTH,"OpenCV image/motion heuristics only; vehicle_density_score and object_count_estimate are moving-region proxies, not detections; event_likelihood is not ground truth violation."
interrupted_2026-09-17_C124,data/clips/interrupted_2026-09-17_C124.mp4,interrupted_2026-09-17,NUGc3nLuGsI,UNRESOLVED,13530.0,13650.0,120.0,30.0,1920,1080,h264,4ee3a4c8c54df11bb607d65cdff5d44fc05cbe0788ac7ce16e86c4baff15ed30,PASS,WARNING,12,0.049201,5.091,NOT_INFERRED_NO_DETECTOR,0.116090,0.156773,0.473435,0.000000,0.115980,0.049201,0.727273,0.181701,0.874852,0.255474,0.222058,0.000000,0.424242,0.196587,SMALL_FAR,0.315797,0.221677,LOW,0.228165,227,341,341,NO,NOT_SELECTED,,,,,COMPUTED,COMPUTED_SELECTION_SIGNAL_NOT_GROUND_TRUTH,"OpenCV image/motion heuristics only; vehicle_density_score and object_count_estimate are moving-region proxies, not detections; event_likelihood is not ground truth violation."
interrupted_2026-09-17_C125,data/clips/interrupted_2026-09-17_C125.mp4,interrupted_2026-09-17,NUGc3nLuGsI,UNRESOLVED,13640.0,13760.0,120.0,30.0,1920,1080,h264,0e9adeef03338299aebcc745136e4d61dcbe767648306af4c038470a7e0ea510,PASS,WARNING,12,0.075069,5.818,NOT_INFERRED_NO_DETECTOR,0.129522,0.120132,0.472194,0.000000,0.123645,0.075069,0.818182,0.174291,0.802670,0.300448,0.085065,0.000000,0.484848,0.172901,SMALL_FAR,0.296776,0.254569,MEDIUM,0.236931,195,300,300,NO,NOT_SELECTED,,,,,COMPUTED,COMPUTED_SELECTION_SIGNAL_NOT_GROUND_TRUTH,"OpenCV image/motion heuristics only; vehicle_density_score and object_count_estimate are moving-region proxies, not detections; event_likelihood is not ground truth violation."
interrupted_2026-09-17_C126,data/clips/interrupted_2026-09-17_C126.mp4,interrupted_2026-09-17,NUGc3nLuGsI,UNRESOLVED,13750.0,13870.0,120.0,30.0,1920,1080,h264,88b811b8a631bc066b04a645bb2f61249fdfd9a24b5429bc626ac0a39930a5bb,PASS,WARNING,12,0.098179,6.727,NOT_INFERRED_NO_DETECTOR,0.149464,0.137663,0.464963,0.000000,0.140775,0.098179,0.909091,0.133040,0.745346,0.352514,0.126587,0.000000,0.560606,0.190763,SMALL_FAR,0.313825,0.289985,MEDIUM,0.251547,145,236,236,NO,NOT_SELECTED,,,,,COMPUTED,COMPUTED_SELECTION_SIGNAL_NOT_GROUND_TRUTH,"OpenCV image/motion heuristics only; vehicle_density_score and object_count_estimate are moving-region proxies, not detections; event_likelihood is not ground truth violation."
interrupted_2026-09-17_C127,data/clips/interrupted_2026-09-17_C127.mp4,interrupted_2026-09-17,NUGc3nLuGsI,UNRESOLVED,13860.0,13980.0,120.0,30.0,1920,1080,h264,11695143749d9f4d132144af6abca86c1854773eb333f1f716728506702c2c5a,PASS,WARNING,12,0.147670,8.091,NOT_INFERRED_NO_DETECTOR,0.189485,0.215441,0.462212,0.000000,0.140714,0.147670,0.909091,0.139825,0.758644,0.437285,0.218648,0.000000,0.674242,0.289957,SMALL_FAR|CROWDED,0.371060,0.317607,MEDIUM,0.285198,93,167,167,NO,NOT_SELECTED,,,,,COMPUTED,COMPUTED_SELECTION_SIGNAL_NOT_GROUND_TRUTH,"OpenCV image/motion heuristics only; vehicle_density_score and object_count_estimate are moving-region proxies, not detections; event_likelihood is not ground truth violation."
interrupted_2026-09-17_C128,data/clips/interrupted_2026-09-17_C128.mp4,interrupted_2026-09-17,NUGc3nLuGsI,UNRESOLVED,13970.0,14090.0,120.0,30.0,1920,1080,h264,d2e0d80ace252f676ffa177ce1cf6f3919ef18761229387c0f259238d48027b1,PASS,WARNING,12,0.131847,7.182,NOT_INFERRED_NO_DETECTOR,0.173278,0.219432,0.456809,0.000000,0.147610,0.131847,0.727273,0.118094,0.751584,0.388498,0.303719,0.000000,0.598485,0.279357,SMALL_FAR,0.361476,0.270910,MEDIUM,0.257046,136,222,222,NO,NOT_SELECTED,,,,,COMPUTED,COMPUTED_SELECTION_SIGNAL_NOT_GROUND_TRUTH,"OpenCV image/motion heuristics only; vehicle_density_score and object_count_estimate are moving-region proxies, not detections; event_likelihood is not ground truth violation."
interrupted_2026-09-17_C129,data/clips/interrupted_2026-09-17_C129.mp4,interrupted_2026-09-17,NUGc3nLuGsI,UNRESOLVED,14080.0,14200.0,120.0,30.0,1920,1080,h264,8f0fbcf41d3589a02caa06d9b696c2c435487ae48205e566f1d846b641d0e1b5,PASS,WARNING,12,0.133504,9.545,NOT_INFERRED_NO_DETECTOR,0.174056,0.180621,0.448996,0.000000,0.118930,0.133504,0.909091,0.118231,0.730217,0.497577,0.255173,0.000000,0.795455,0.248078,SMALL_FAR|CROWDED,0.393866,0.304703,MEDIUM,0.280426,99,177,177,NO,NOT_SELECTED,,,,,COMPUTED,COMPUTED_SELECTION_SIGNAL_NOT_GROUND_TRUTH,"OpenCV image/motion heuristics only; vehicle_density_score and object_count_estimate are moving-region proxies, not detections; event_likelihood is not ground truth violation."
interrupted_2026-09-17_C130,data/clips/interrupted_2026-09-17_C130.mp4,interrupted_2026-09-17,NUGc3nLuGsI,UNRESOLVED,14190.0,14310.0,120.0,30.0,1920,1080,h264,319b68920f9309c8ccc86e1798d12ac07119401ae5e6298f4a1124bed4641b63,PASS,WARNING,12,0.061225,5.364,NOT_INFERRED_NO_DETECTOR,0.114245,0.110519,0.450105,0.000000,0.117760,0.061225,0.818182,0.170750,0.867424,0.273384,0.194913,0.000000,0.446970,0.157842,SMALL_FAR,0.312154,0.244678,MEDIUM,0.234612,202,310,310,NO,NOT_SELECTED,,,,,COMPUTED,COMPUTED_SELECTION_SIGNAL_NOT_GROUND_TRUTH,"OpenCV image/motion heuristics only; vehicle_density_score and object_count_estimate are moving-region proxies, not detections; event_likelihood is not ground truth violation."
interrupted_2026-09-17_C131,data/clips/interrupted_2026-09-17_C131.mp4,interrupted_2026-09-17,NUGc3nLuGsI,UNRESOLVED,14300.0,14420.0,120.0,30.0,1920,1080,h264,59a67439af1dbc80b64cdc86b88330b452de44c61107abb3676c169d9248b2af,PASS,WARNING,12,0.048927,5.000,NOT_INFERRED_NO_DETECTOR,0.093252,0.115888,0.441350,0.000000,0.080702,0.048927,0.454545,0.247312,0.811364,0.251184,0.202273,0.000000,0.416667,0.145189,SMALL_FAR,0.293619,0.151794,LOW,0.201673,281,413,413,NO,NOT_SELECTED,,,,,COMPUTED,COMPUTED_SELECTION_SIGNAL_NOT_GROUND_TRUTH,"OpenCV image/motion heuristics only; vehicle_density_score and object_count_estimate are moving-region proxies, not detections; event_likelihood is not ground truth violation."
interrupted_2026-09-17_C132,data/clips/interrupted_2026-09-17_C132.mp4,interrupted_2026-09-17,NUGc3nLuGsI,UNRESOLVED,14410.0,14530.0,120.0,30.0,1920,1080,h264,d9af26de20efb082643fac455034b45b06dca26c617c430719221d2888029cdc,PASS,WARNING,12,0.098217,5.909,NOT_INFERRED_NO_DETECTOR,0.146437,0.182438,0.430108,0.000000,0.127882,0.098217,0.818182,0.086481,0.733537,0.315031,0.255788,0.000000,0.492424,0.217262,SMALL_FAR,0.316811,0.267769,MEDIUM,0.234309,205,313,313,NO,NOT_SELECTED,,,,,COMPUTED,COMPUTED_SELECTION_SIGNAL_NOT_GROUND_TRUTH,"OpenCV image/motion heuristics only; vehicle_density_score and object_count_estimate are moving-region proxies, not detections; event_likelihood is not ground truth violation."
interrupted_2026-09-17_C133,data/clips/interrupted_2026-09-17_C133.mp4,interrupted_2026-09-17,NUGc3nLuGsI,UNRESOLVED,14520.0,14640.0,120.0,30.0,1920,1080,h264,b291ad716ee13c33302c925e51db80a7ea83c21dd13f9a5536eedaf078032532,PASS,WARNING,12,0.132134,8.818,NOT_INFERRED_NO_DETECTOR,0.186954,0.233091,0.408125,0.000000,0.173179,0.132134,0.818182,0.145441,0.755361,0.463627,0.227156,0.000000,0.734848,0.307680,SMALL_FAR|CROWDED,0.387172,0.298394,MEDIUM,0.282347,96,173,173,NO,NOT_SELECTED,,,,,COMPUTED,COMPUTED_SELECTION_SIGNAL_NOT_GROUND_TRUTH,"OpenCV image/motion heuristics only; vehicle_density_score and object_count_estimate are moving-region proxies, not detections; event_likelihood is not ground truth violation."
interrupted_2026-09-17_C134,data/clips/interrupted_2026-09-17_C134.mp4,interrupted_2026-09-17,NUGc3nLuGsI,UNRESOLVED,14630.0,14750.0,120.0,30.0,1920,1080,h264,f63e170f66eebc79aa3ad8082c7aab625fca6bfa38c529145a8ad37f3414111c,PASS,WARNING,12,0.150729,7.545,NOT_INFERRED_NO_DETECTOR,0.214926,0.330769,0.402652,0.000000,0.168282,0.150729,0.818182,0.208483,0.749084,0.413661,0.291009,0.000000,0.628788,0.354103,SMALL_FAR,0.376587,0.311387,MEDIUM,0.299545,82,152,152,NO,NOT_SELECTED,,,,,COMPUTED,COMPUTED_SELECTION_SIGNAL_NOT_GROUND_TRUTH,"OpenCV image/motion heuristics only; vehicle_density_score and object_count_estimate are moving-region proxies, not detections; event_likelihood is not ground truth violation."
interrupted_2026-09-17_C135,data/clips/interrupted_2026-09-17_C135.mp4,interrupted_2026-09-17,NUGc3nLuGsI,UNRESOLVED,14740.0,14860.0,120.0,30.0,1920,1080,h264,5fa1a81a59d2cf644e7f6fa275ad2427805f3024e1417407fd248384829b5038,PASS,WARNING,12,0.235470,8.545,NOT_INFERRED_NO_DETECTOR,0.278766,0.292970,0.380766,0.000000,0.182658,0.235470,0.909091,0.359485,0.753778,0.497628,0.252643,0.000000,0.712121,0.412428,SMALL_FAR|CROWDED,0.404149,0.379114,HIGH,0.370549,44,91,91,NO,NOT_SELECTED,,,,,COMPUTED,COMPUTED_SELECTION_SIGNAL_NOT_GROUND_TRUTH,"OpenCV image/motion heuristics only; vehicle_density_score and object_count_estimate are moving-region proxies, not detections; event_likelihood is not ground truth violation."
interrupted_2026-09-17_C136,data/clips/interrupted_2026-09-17_C136.mp4,interrupted_2026-09-17,NUGc3nLuGsI,UNRESOLVED,14850.0,14970.0,120.0,30.0,1920,1080,h264,74da6486b5174094d4b19803c50afe71f69e295d0fc68af734a0ebe46ad8aa6b,PASS,WARNING,12,0.255982,8.727,NOT_INFERRED_NO_DETECTOR,0.304812,0.358334,0.374978,0.016739,0.231413,0.255982,0.909091,0.474881,0.604230,0.515192,0.282661,0.000000,0.727273,0.487487,CROWDED,0.396997,0.401896,HIGH,0.402012,28,66,66,NO,NOT_SELECTED,,,,,COMPUTED,COMPUTED_SELECTION_SIGNAL_NOT_GROUND_TRUTH,"OpenCV image/motion heuristics only; vehicle_density_score and object_count_estimate are moving-region proxies, not detections; event_likelihood is not ground truth violation."
interrupted_2026-09-17_C137,data/clips/interrupted_2026-09-17_C137.mp4,interrupted_2026-09-17,NUGc3nLuGsI,UNRESOLVED,14960.0,15080.0,120.0,30.0,1920,1080,h264,b14e0653201a2b0f999e3911b44a9eb5ae1e56b6ff84d2aa8b2c21196f97ba1c,PASS,WARNING,12,0.241518,9.182,NOT_INFERRED_NO_DETECTOR,0.262996,0.304272,0.372839,0.023872,0.198616,0.241518,0.909091,0.387205,0.675598,0.529517,0.290698,0.000000,0.765152,0.426654,SMALL_FAR|CROWDED,0.412448,0.379785,HIGH,0.376251,42,86,86,NO,NOT_SELECTED,,,,,COMPUTED,COMPUTED_SELECTION_SIGNAL_NOT_GROUND_TRUTH,"OpenCV image/motion heuristics only; vehicle_density_score and object_count_estimate are moving-region proxies, not detections; event_likelihood is not ground truth violation."
interrupted_2026-09-17_C138,data/clips/interrupted_2026-09-17_C138.mp4,interrupted_2026-09-17,NUGc3nLuGsI,UNRESOLVED,15070.0,15190.0,120.0,30.0,1920,1080,h264,018f2d542aa16a7f1908499e531410746275459583799369f88df54d6b0c6793,PASS,WARNING,12,0.258090,9.636,NOT_INFERRED_NO_DETECTOR,0.288327,0.305107,0.367580,0.041398,0.219919,0.258090,0.909091,0.458996,0.710973,0.557807,0.327365,0.000000,0.803030,0.434538,SMALL_FAR|CROWDED,0.436669,0.396093,HIGH,0.405845,24,61,61,NO,NOT_SELECTED,,,,,COMPUTED,COMPUTED_SELECTION_SIGNAL_NOT_GROUND_TRUTH,"OpenCV image/motion heuristics only; vehicle_density_score and object_count_estimate are moving-region proxies, not detections; event_likelihood is not ground truth violation."
interrupted_2026-09-17_C139,data/clips/interrupted_2026-09-17_C139.mp4,interrupted_2026-09-17,NUGc3nLuGsI,UNRESOLVED,15180.0,15300.0,120.0,30.0,1920,1080,h264,d66c3e93ef3e8b5798fc3951aeaf52160d2126bfd31a32a19ad9acb41c4524a4,PASS,WARNING,12,0.118883,7.182,NOT_INFERRED_NO_DETECTOR,0.174599,0.204342,0.359183,0.069389,0.143886,0.118883,0.909091,0.134337,0.754942,0.382664,0.289971,0.000000,0.598485,0.270650,SMALL_FAR,0.365233,0.304370,MEDIUM,0.275233,112,191,191,NO,NOT_SELECTED,,,,,COMPUTED,COMPUTED_SELECTION_SIGNAL_NOT_GROUND_TRUTH,"OpenCV image/motion heuristics only; vehicle_density_score and object_count_estimate are moving-region proxies, not detections; event_likelihood is not ground truth violation."
interrupted_2026-09-17_C140,data/clips/interrupted_2026-09-17_C140.mp4,interrupted_2026-09-17,NUGc3nLuGsI,UNRESOLVED,15290.0,15410.0,120.0,30.0,1920,1080,h264,a360f6d004ceaa81af8c13e6bf91a17f0bc7bcae6014566bb38f7f206a141a22,PASS,WARNING,12,0.265088,8.545,NOT_INFERRED_NO_DETECTOR,0.295826,0.350093,0.347196,0.109348,0.242199,0.265088,0.909091,0.514515,0.737800,0.510956,0.317159,0.000000,0.712121,0.450011,SMALL_FAR|CROWDED,0.427616,0.404508,HIGH,0.417738,19,51,51,NO,NOT_SELECTED,,,,,COMPUTED,COMPUTED_SELECTION_SIGNAL_NOT_GROUND_TRUTH,"OpenCV image/motion heuristics only; vehicle_density_score and object_count_estimate are moving-region proxies, not detections; event_likelihood is not ground truth violation."
interrupted_2026-09-17_C141,data/clips/interrupted_2026-09-17_C141.mp4,interrupted_2026-09-17,NUGc3nLuGsI,UNRESOLVED,15400.0,15520.0,120.0,30.0,1920,1080,h264,807e82ddd6525dc927558e5b64f883e028da887de583be5dccb3cc6461c645c6,PASS,WARNING,12,0.158163,7.273,NOT_INFERRED_NO_DETECTOR,0.236732,0.336266,0.350620,0.097935,0.183896,0.158163,0.909091,0.297922,0.771037,0.404507,0.340389,0.000000,0.606061,0.326569,SMALL_FAR,0.389024,0.341703,MEDIUM,0.334476,63,124,124,NO,NOT_SELECTED,,,,,COMPUTED,COMPUTED_SELECTION_SIGNAL_NOT_GROUND_TRUTH,"OpenCV image/motion heuristics only; vehicle_density_score and object_count_estimate are moving-region proxies, not detections; event_likelihood is not ground truth violation."
interrupted_2026-09-17_C142,data/clips/interrupted_2026-09-17_C142.mp4,interrupted_2026-09-17,NUGc3nLuGsI,UNRESOLVED,15510.0,15630.0,120.0,30.0,1920,1080,h264,c0e41b57828a2218ad1029967c59ac1a69e588fa097e4e98704aeaa271264fe2,PASS,WARNING,12,0.330533,9.455,NOT_INFERRED_NO_DETECTOR,0.393376,0.399259,0.331980,0.160066,0.284737,0.330533,0.909091,0.685475,0.739032,0.582073,0.376078,0.000000,0.787879,0.574971,SMALL_FAR|CROWDED,0.478231,0.460755,HIGH,0.498012,2,8,8,YES,SELECTED,source_coverage=interrupted_2026-09-17; event_likelihood=HIGH; hardcase=SMALL_FAR|CROWDED; diversity_aware_rank; selection_signal_only_not_ground_truth,PENDING,,,COMPUTED,COMPUTED_SELECTION_SIGNAL_NOT_GROUND_TRUTH,"OpenCV image/motion heuristics only; vehicle_density_score and object_count_estimate are moving-region proxies, not detections; event_likelihood is not ground truth violation."
interrupted_2026-09-17_C143,data/clips/interrupted_2026-09-17_C143.mp4,interrupted_2026-09-17,NUGc3nLuGsI,UNRESOLVED,15620.0,15740.0,120.0,30.0,1920,1080,h264,a6705a6351b988bdd883d8a54656dfe7e12de8e670da1e60a1ee1527efc42d5c,PASS,WARNING,12,0.214072,8.818,NOT_INFERRED_NO_DETECTOR,0.279257,0.437766,0.336346,0.145513,0.206559,0.214072,0.909091,0.477865,0.800144,0.500499,0.229401,0.000000,0.734848,0.559059,SMALL_FAR|CROWDED,0.445426,0.376273,HIGH,0.402281,27,65,65,NO,NOT_SELECTED,,,,,COMPUTED,COMPUTED_SELECTION_SIGNAL_NOT_GROUND_TRUTH,"OpenCV image/motion heuristics only; vehicle_density_score and object_count_estimate are moving-region proxies, not detections; event_likelihood is not ground truth violation."
interrupted_2026-09-17_C144,data/clips/interrupted_2026-09-17_C144.mp4,interrupted_2026-09-17,NUGc3nLuGsI,UNRESOLVED,15730.0,15850.0,120.0,30.0,1920,1080,h264,804700bcb2016db7088ca5484f3557c99d258d967b873c58180ee727ebf250c7,PASS,WARNING,12,0.336897,11.455,NOT_INFERRED_NO_DETECTOR,0.382813,0.466912,0.321754,0.194152,0.215249,0.336897,0.909091,0.703671,0.757666,0.676604,0.337482,0.000000,0.954545,0.523217,SMALL_FAR|OCCLUSION|CROWDED,0.513280,0.447558,HIGH,0.504291,1,6,6,YES,SELECTED,source_coverage=interrupted_2026-09-17; event_likelihood=HIGH; hardcase=SMALL_FAR|OCCLUSION|CROWDED; diversity_aware_rank; selection_signal_only_not_ground_truth,PENDING,,,COMPUTED,COMPUTED_SELECTION_SIGNAL_NOT_GROUND_TRUTH,"OpenCV image/motion heuristics only; vehicle_density_score and object_count_estimate are moving-region proxies, not detections; event_likelihood is not ground truth violation."
interrupted_2026-09-17_C145,data/clips/interrupted_2026-09-17_C145.mp4,interrupted_2026-09-17,NUGc3nLuGsI,UNRESOLVED,15840.0,15960.0,120.0,30.0,1920,1080,h264,57b37a1c1309fab92b7375d6638793114186dc2313bc642e4cc44703655febe3,PASS,WARNING,12,0.269637,11.636,NOT_INFERRED_NO_DETECTOR,0.344084,0.477070,0.316053,0.213156,0.196003,0.269637,0.909091,0.616064,0.734234,0.654670,0.306763,0.000000,0.969697,0.543099,SMALL_FAR|OCCLUSION|CROWDED,0.508402,0.410769,HIGH,0.467057,10,24,24,NO,NOT_SELECTED,,,,,COMPUTED,COMPUTED_SELECTION_SIGNAL_NOT_GROUND_TRUTH,"OpenCV image/motion heuristics only; vehicle_density_score and object_count_estimate are moving-region proxies, not detections; event_likelihood is not ground truth violation."
interrupted_2026-09-17_C146,data/clips/interrupted_2026-09-17_C146.mp4,interrupted_2026-09-17,NUGc3nLuGsI,UNRESOLVED,15950.0,16070.0,120.0,30.0,1920,1080,h264,e456df3ac2f2199fa771a39c20e50787af6f8e54abf77eebd4c9e2cd6c6334df,PASS,WARNING,12,0.163434,9.000,NOT_INFERRED_NO_DETECTOR,0.260599,0.296994,0.329693,0.167690,0.189187,0.163434,0.909091,0.347787,0.753698,0.486045,0.350379,0.000000,0.750000,0.387163,SMALL_FAR|CROWDED,0.435994,0.350892,MEDIUM,0.363326,49,98,98,YES,SELECTED,source_coverage=interrupted_2026-09-17; event_likelihood=MEDIUM; hardcase=SMALL_FAR|CROWDED; diversity_aware_rank; selection_signal_only_not_ground_truth,PENDING,,,COMPUTED,COMPUTED_SELECTION_SIGNAL_NOT_GROUND_TRUTH,"OpenCV image/motion heuristics only; vehicle_density_score and object_count_estimate are moving-region proxies, not detections; event_likelihood is not ground truth violation."
interrupted_2026-09-17_C147,data/clips/interrupted_2026-09-17_C147.mp4,interrupted_2026-09-17,NUGc3nLuGsI,UNRESOLVED,16060.0,16180.0,120.0,30.0,1920,1080,h264,5af0eb32952849d766af16d40a9ee87a307e7bf189385474dfca5a95cb67aa87,PASS,WARNING,12,0.306900,10.545,NOT_INFERRED_NO_DETECTOR,0.367083,0.438211,0.316742,0.210861,0.225854,0.306900,0.909091,0.668181,0.698868,0.621438,0.319597,0.000000,0.878788,0.560666,SMALL_FAR|CROWDED,0.486513,0.435021,HIGH,0.483255,4,15,15,NO,NOT_SELECTED,,,,,COMPUTED,COMPUTED_SELECTION_SIGNAL_NOT_GROUND_TRUTH,"OpenCV image/motion heuristics only; vehicle_density_score and object_count_estimate are moving-region proxies, not detections; event_likelihood is not ground truth violation."
interrupted_2026-09-17_C148,data/clips/interrupted_2026-09-17_C148.mp4,interrupted_2026-09-17,NUGc3nLuGsI,UNRESOLVED,16170.0,16290.0,120.0,30.0,1920,1080,h264,c53accf81d369e3bdd4b05d661f3d39463ab4505c0af0641270572627549a7ac,PASS,WARNING,12,0.246218,8.455,NOT_INFERRED_NO_DETECTOR,0.307094,0.340715,0.326589,0.178037,0.180813,0.246218,0.909091,0.453275,0.698708,0.498298,0.374670,0.000000,0.704545,0.455487,SMALL_FAR|CROWDED,0.433172,0.390085,HIGH,0.403565,25,63,63,NO,NOT_SELECTED,,,,,COMPUTED,COMPUTED_SELECTION_SIGNAL_NOT_GROUND_TRUTH,"OpenCV image/motion heuristics only; vehicle_density_score and object_count_estimate are moving-region proxies, not detections; event_likelihood is not ground truth violation."
interrupted_2026-09-17_C149,data/clips/interrupted_2026-09-17_C149.mp4,interrupted_2026-09-17,NUGc3nLuGsI,UNRESOLVED,16280.0,16400.0,120.0,30.0,1920,1080,h264,24e341f79eee1a73c8fb824193bf3a1a49b6f410754c75ad6ac42a25c1cc7c31,PASS,WARNING,12,0.218144,8.545,NOT_INFERRED_NO_DETECTOR,0.318171,0.468823,0.318633,0.204558,0.172321,0.218144,0.909091,0.489316,0.733586,0.489831,0.341162,0.000000,0.712121,0.523228,SMALL_FAR|CROWDED,0.445567,0.382002,HIGH,0.411457,22,56,56,NO,NOT_SELECTED,,,,,COMPUTED,COMPUTED_SELECTION_SIGNAL_NOT_GROUND_TRUTH,"OpenCV image/motion heuristics only; vehicle_density_score and object_count_estimate are moving-region proxies, not detections; event_likelihood is not ground truth violation."
interrupted_2026-09-17_C150,data/clips/interrupted_2026-09-17_C150.mp4,interrupted_2026-09-17,NUGc3nLuGsI,UNRESOLVED,16390.0,16510.0,120.0,30.0,1920,1080,h264,581c46807ba4b3db710437ce5e106b3dae5cb78dd0d6ab061beb5fe373d78f2c,PASS,WARNING,12,0.293864,10.182,NOT_INFERRED_NO_DETECTOR,0.368067,0.502622,0.309746,0.234180,0.219535,0.293864,0.909091,0.686554,0.774424,0.598905,0.328772,0.000000,0.848485,0.576603,SMALL_FAR|CROWDED,0.497639,0.429717,HIGH,0.487568,3,11,11,YES,SELECTED,source_coverage=interrupted_2026-09-17; event_likelihood=HIGH; hardcase=SMALL_FAR|CROWDED; diversity_aware_rank; selection_signal_only_not_ground_truth,PENDING,,,COMPUTED,COMPUTED_SELECTION_SIGNAL_NOT_GROUND_TRUTH,"OpenCV image/motion heuristics only; vehicle_density_score and object_count_estimate are moving-region proxies, not detections; event_likelihood is not ground truth violation."
interrupted_2026-09-17_C151,data/clips/interrupted_2026-09-17_C151.mp4,interrupted_2026-09-17,NUGc3nLuGsI,UNRESOLVED,16500.0,16620.0,120.0,30.0,1920,1080,h264,06647d765f83977d7b10d133259a126eff83b72a125b74bec80fcf71a51caa19,PASS,WARNING,12,0.202049,8.909,NOT_INFERRED_NO_DETECTOR,0.280813,0.368679,0.318369,0.205438,0.160888,0.202049,0.909091,0.388083,0.727735,0.499255,0.281582,0.000000,0.742424,0.371970,SMALL_FAR|CROWDED,0.424278,0.364385,HIGH,0.375392,43,88,88,NO,NOT_SELECTED,,,,,COMPUTED,COMPUTED_SELECTION_SIGNAL_NOT_GROUND_TRUTH,"OpenCV image/motion heuristics only; vehicle_density_score and object_count_estimate are moving-region proxies, not detections; event_likelihood is not ground truth violation."
interrupted_2026-09-17_C152,data/clips/interrupted_2026-09-17_C152.mp4,interrupted_2026-09-17,NUGc3nLuGsI,UNRESOLVED,16610.0,16730.0,120.0,30.0,1920,1080,h264,057ea7529bc33577e3ae637fadc1028037a75e8b4df7acee2f2fe001451cc197,PASS,WARNING,12,0.170704,9.909,NOT_INFERRED_NO_DETECTOR,0.257288,0.250616,0.317597,0.208010,0.177330,0.170704,0.909091,0.335619,0.791744,0.530983,0.262547,0.000000,0.825758,0.367736,SMALL_FAR|CROWDED,0.450659,0.350336,MEDIUM,0.364612,48,97,97,NO,NOT_SELECTED,,,,,COMPUTED,COMPUTED_SELECTION_SIGNAL_NOT_GROUND_TRUTH,"OpenCV image/motion heuristics only; vehicle_density_score and object_count_estimate are moving-region proxies, not detections; event_likelihood is not ground truth violation."
interrupted_2026-09-17_C153,data/clips/interrupted_2026-09-17_C153.mp4,interrupted_2026-09-17,NUGc3nLuGsI,UNRESOLVED,16720.0,16840.0,120.0,30.0,1920,1080,h264,6b4cbc492b70340a73c6594ed66e493046a1c5d59c8a505aa5387eb042e01561,PASS,WARNING,12,0.284252,11.455,NOT_INFERRED_NO_DETECTOR,0.340330,0.363439,0.320510,0.198300,0.231018,0.284252,0.909091,0.620886,0.765682,0.652913,0.351662,0.000000,0.954545,0.501971,SMALL_FAR|OCCLUSION|CROWDED,0.511257,0.421027,HIGH,0.472582,8,21,21,NO,NOT_SELECTED,,,,,COMPUTED,COMPUTED_SELECTION_SIGNAL_NOT_GROUND_TRUTH,"OpenCV image/motion heuristics only; vehicle_density_score and object_count_estimate are moving-region proxies, not detections; event_likelihood is not ground truth violation."
interrupted_2026-09-17_C154,data/clips/interrupted_2026-09-17_C154.mp4,interrupted_2026-09-17,NUGc3nLuGsI,UNRESOLVED,16830.0,16950.0,120.0,30.0,1920,1080,h264,d025411ad7b1a56ccd92d9de4f6e421e50af0eeaf515ac238860522fe4294b69,PASS,WARNING,12,0.175751,7.091,NOT_INFERRED_NO_DETECTOR,0.263298,0.292147,0.324278,0.185739,0.155389,0.175751,0.909091,0.284045,0.633943,0.404088,0.263140,0.000000,0.590909,0.402587,,0.368951,0.349725,MEDIUM,0.332915,65,126,126,YES,SELECTED,source_coverage=interrupted_2026-09-17; event_likelihood=MEDIUM; hardcase=NORMAL_CASE; diversity_aware_rank; selection_signal_only_not_ground_truth,PENDING,,,COMPUTED,COMPUTED_SELECTION_SIGNAL_NOT_GROUND_TRUTH,"OpenCV image/motion heuristics only; vehicle_density_score and object_count_estimate are moving-region proxies, not detections; event_likelihood is not ground truth violation."
interrupted_2026-09-17_C155,data/clips/interrupted_2026-09-17_C155.mp4,interrupted_2026-09-17,NUGc3nLuGsI,UNRESOLVED,16940.0,17060.0,120.0,30.0,1920,1080,h264,e25497bbd39a4c8ef4419d267e542ced5ebdb34644381fdca01819fe51ac7961,PASS,WARNING,12,0.290527,8.455,NOT_INFERRED_NO_DETECTOR,0.373420,0.499960,0.320932,0.196892,0.253070,0.290527,0.909091,0.678177,0.672028,0.518237,0.408829,0.000000,0.704545,0.628820,SMALL_FAR|CROWDED,0.458629,0.436064,HIGH,0.478445,7,18,18,NO,NOT_SELECTED,,,,,COMPUTED,COMPUTED_SELECTION_SIGNAL_NOT_GROUND_TRUTH,"OpenCV image/motion heuristics only; vehicle_density_score and object_count_estimate are moving-region proxies, not detections; event_likelihood is not ground truth violation."
interrupted_2026-09-17_C156,data/clips/interrupted_2026-09-17_C156.mp4,interrupted_2026-09-17,NUGc3nLuGsI,UNRESOLVED,17050.0,17170.0,120.0,30.0,1920,1080,h264,85c9bc9ce3a424ddf634873b391b6268ad96f8f654fa509fd1f9510be5f1841e,PASS,WARNING,12,0.182907,7.545,NOT_INFERRED_NO_DETECTOR,0.253556,0.424624,0.311192,0.229361,0.162056,0.182907,0.909091,0.373545,0.734307,0.428142,0.280808,0.000000,0.628788,0.440200,SMALL_FAR,0.407794,0.350728,MEDIUM,0.359153,57,108,108,NO,NOT_SELECTED,,,,,COMPUTED,COMPUTED_SELECTION_SIGNAL_NOT_GROUND_TRUTH,"OpenCV image/motion heuristics only; vehicle_density_score and object_count_estimate are moving-region proxies, not detections; event_likelihood is not ground truth violation."
interrupted_2026-09-17_C157,data/clips/interrupted_2026-09-17_C157.mp4,interrupted_2026-09-17,NUGc3nLuGsI,UNRESOLVED,17160.0,17280.0,120.0,30.0,1920,1080,h264,ce3d2b4d29aa7daf3ab1fd139df90f9dd1aa8c51147310f3939a424a101635ba,PASS,WARNING,12,0.190066,8.727,NOT_INFERRED_NO_DETECTOR,0.287022,0.465935,0.330686,0.164380,0.177382,0.190066,0.909091,0.441954,0.767460,0.485530,0.332035,0.000000,0.727273,0.476798,SMALL_FAR|CROWDED,0.442619,0.364956,HIGH,0.391209,34,77,77,NO,NOT_SELECTED,,,,,COMPUTED,COMPUTED_SELECTION_SIGNAL_NOT_GROUND_TRUTH,"OpenCV image/motion heuristics only; vehicle_density_score and object_count_estimate are moving-region proxies, not detections; event_likelihood is not ground truth violation."
interrupted_2026-09-17_C158,data/clips/interrupted_2026-09-17_C158.mp4,interrupted_2026-09-17,NUGc3nLuGsI,UNRESOLVED,17270.0,17390.0,120.0,30.0,1920,1080,h264,7096a34d6f431fd033b207f33fe60c02f5d6dbd7c5a750f3e1495a16c46c28b1,PASS,WARNING,12,0.234514,7.273,NOT_INFERRED_NO_DETECTOR,0.328133,0.581446,0.330057,0.166475,0.191168,0.234514,0.909091,0.555292,0.719067,0.438865,0.395523,0.000000,0.606061,0.526607,SMALL_FAR,0.423057,0.393650,HIGH,0.423117,17,47,47,NO,NOT_SELECTED,,,,,COMPUTED,COMPUTED_SELECTION_SIGNAL_NOT_GROUND_TRUTH,"OpenCV image/motion heuristics only; vehicle_density_score and object_count_estimate are moving-region proxies, not detections; event_likelihood is not ground truth violation."
interrupted_2026-09-17_C159,data/clips/interrupted_2026-09-17_C159.mp4,interrupted_2026-09-17,NUGc3nLuGsI,UNRESOLVED,17380.0,17500.0,120.0,30.0,1920,1080,h264,d78899ee21d0e1df2435c81257587e56de942e93be45bf49be6a323ae876dcf6,PASS,WARNING,12,0.141474,8.000,NOT_INFERRED_NO_DETECTOR,0.252206,0.441586,0.319095,0.203018,0.172808,0.141474,0.909091,0.368076,0.774380,0.430330,0.305870,0.000000,0.666667,0.548052,SMALL_FAR|CROWDED,0.435191,0.338211,MEDIUM,0.360420,55,106,106,NO,NOT_SELECTED,,,,,COMPUTED,COMPUTED_SELECTION_SIGNAL_NOT_GROUND_TRUTH,"OpenCV image/motion heuristics only; vehicle_density_score and object_count_estimate are moving-region proxies, not detections; event_likelihood is not ground truth violation."
interrupted_2026-09-17_C160,data/clips/interrupted_2026-09-17_C160.mp4,interrupted_2026-09-17,NUGc3nLuGsI,UNRESOLVED,17490.0,17610.0,120.0,30.0,1920,1080,h264,731621c8c6d43796bc81fc2e3b8f3da0c81e22f3b75b9c511de70a346a61e72c,PASS,WARNING,12,0.264113,8.545,NOT_INFERRED_NO_DETECTOR,0.375221,0.649178,0.335310,0.148965,0.208700,0.264113,0.909091,0.651494,0.701436,0.510518,0.305042,0.000000,0.712121,0.748858,SMALL_FAR|CROWDED|FAST_MOTION,0.459136,0.419583,HIGH,0.467078,9,23,23,YES,SELECTED,source_coverage=interrupted_2026-09-17; event_likelihood=HIGH; hardcase=SMALL_FAR|CROWDED|FAST_MOTION; diversity_aware_rank; selection_signal_only_not_ground_truth,PENDING,,,COMPUTED,COMPUTED_SELECTION_SIGNAL_NOT_GROUND_TRUTH,"OpenCV image/motion heuristics only; vehicle_density_score and object_count_estimate are moving-region proxies, not detections; event_likelihood is not ground truth violation."
interrupted_2026-09-17_C161,data/clips/interrupted_2026-09-17_C161.mp4,interrupted_2026-09-17,NUGc3nLuGsI,UNRESOLVED,17600.0,17720.0,120.0,30.0,1920,1080,h264,13d34591b3efe780bfd4de983835b2770d8290846ef6732903586069504127ff,PASS,WARNING,12,0.213608,7.818,NOT_INFERRED_NO_DETECTOR,0.275712,0.417286,0.325625,0.181248,0.211719,0.213608,0.909091,0.458184,0.644254,0.454457,0.269756,0.000000,0.651515,0.558206,CROWDED,0.406708,0.376088,HIGH,0.387394,37,81,81,NO,NOT_SELECTED,,,,,COMPUTED,COMPUTED_SELECTION_SIGNAL_NOT_GROUND_TRUTH,"OpenCV image/motion heuristics only; vehicle_density_score and object_count_estimate are moving-region proxies, not detections; event_likelihood is not ground truth violation."
interrupted_2026-09-17_C162,data/clips/interrupted_2026-09-17_C162.mp4,interrupted_2026-09-17,NUGc3nLuGsI,UNRESOLVED,17710.0,17830.0,120.0,30.0,1920,1080,h264,d3f81a9169fe0c61c553ae71eee147c435db4a23c4d89902b6fd56c56e94214d,PASS,WARNING,12,0.265439,8.636,NOT_INFERRED_NO_DETECTOR,0.358189,0.526919,0.331131,0.162896,0.190465,0.265439,0.909091,0.595979,0.729678,0.515281,0.321797,0.000000,0.719697,0.639954,SMALL_FAR|CROWDED,0.456768,0.412153,HIGH,0.451258,12,31,31,YES,SELECTED,source_coverage=interrupted_2026-09-17; event_likelihood=HIGH; hardcase=SMALL_FAR|CROWDED; diversity_aware_rank; selection_signal_only_not_ground_truth,PENDING,,,COMPUTED,COMPUTED_SELECTION_SIGNAL_NOT_GROUND_TRUTH,"OpenCV image/motion heuristics only; vehicle_density_score and object_count_estimate are moving-region proxies, not detections; event_likelihood is not ground truth violation."
interrupted_2026-09-17_C163,data/clips/interrupted_2026-09-17_C163.mp4,interrupted_2026-09-17,NUGc3nLuGsI,UNRESOLVED,17820.0,17940.0,120.0,30.0,1920,1080,h264,dcf94bd01c0bd851fda34d2d640ba29e8cf687e5805d3ce5d4686be5613f1d97,PASS,WARNING,12,0.215830,7.000,NOT_INFERRED_NO_DETECTOR,0.291722,0.295324,0.323600,0.187999,0.189695,0.215830,0.818182,0.377291,0.671671,0.417957,0.338499,0.000000,0.583333,0.397164,SMALL_FAR,0.386597,0.358111,MEDIUM,0.361573,53,103,103,NO,NOT_SELECTED,,,,,COMPUTED,COMPUTED_SELECTION_SIGNAL_NOT_GROUND_TRUTH,"OpenCV image/motion heuristics only; vehicle_density_score and object_count_estimate are moving-region proxies, not detections; event_likelihood is not ground truth violation."
interrupted_2026-09-17_C164,data/clips/interrupted_2026-09-17_C164.mp4,interrupted_2026-09-17,NUGc3nLuGsI,UNRESOLVED,17930.0,18050.0,120.0,30.0,1920,1080,h264,6a01afb9bdabe8ffa769641364beaf67cb56d3dbfe03c34c221f765fca9901f3,PASS,WARNING,12,0.198277,8.273,NOT_INFERRED_NO_DETECTOR,0.269409,0.283313,0.321161,0.196130,0.194192,0.198277,0.909091,0.376191,0.691837,0.468391,0.339450,0.000000,0.689394,0.395837,SMALL_FAR|CROWDED,0.415045,0.366018,HIGH,0.369984,45,92,92,NO,NOT_SELECTED,,,,,COMPUTED,COMPUTED_SELECTION_SIGNAL_NOT_GROUND_TRUTH,"OpenCV image/motion heuristics only; vehicle_density_score and object_count_estimate are moving-region proxies, not detections; event_likelihood is not ground truth violation."
interrupted_2026-09-17_C165,data/clips/interrupted_2026-09-17_C165.mp4,interrupted_2026-09-17,NUGc3nLuGsI,UNRESOLVED,18040.0,18160.0,120.0,30.0,1920,1080,h264,8d10f1cf4a01e1b588751ae7719da89e1d0129292d9bdf5a45347c4632eb8034,PASS,WARNING,12,0.286897,8.182,NOT_INFERRED_NO_DETECTOR,0.351627,0.515770,0.306428,0.245242,0.187397,0.286897,0.909091,0.616471,0.685769,0.504104,0.369162,0.000000,0.681818,0.634846,SMALL_FAR|CROWDED,0.455492,0.417125,HIGH,0.455890,11,30,30,YES,SELECTED,source_coverage=interrupted_2026-09-17; event_likelihood=HIGH; hardcase=SMALL_FAR|CROWDED; diversity_aware_rank; selection_signal_only_not_ground_truth,PENDING,,,COMPUTED,COMPUTED_SELECTION_SIGNAL_NOT_GROUND_TRUTH,"OpenCV image/motion heuristics only; vehicle_density_score and object_count_estimate are moving-region proxies, not detections; event_likelihood is not ground truth violation."
interrupted_2026-09-17_C166,data/clips/interrupted_2026-09-17_C166.mp4,interrupted_2026-09-17,NUGc3nLuGsI,UNRESOLVED,18150.0,18270.0,120.0,30.0,1920,1080,h264,6f6eb9b09648fbe13246e6efc6d063342fefe06de8a22822fd4e2b265021d748,PASS,WARNING,12,0.171310,8.091,NOT_INFERRED_NO_DETECTOR,0.246126,0.412888,0.323487,0.188377,0.167103,0.171310,0.909091,0.349298,0.734034,0.447923,0.277444,0.000000,0.674242,0.343031,SMALL_FAR|CROWDED,0.401558,0.345687,MEDIUM,0.350034,58,113,113,NO,NOT_SELECTED,,,,,COMPUTED,COMPUTED_SELECTION_SIGNAL_NOT_GROUND_TRUTH,"OpenCV image/motion heuristics only; vehicle_density_score and object_count_estimate are moving-region proxies, not detections; event_likelihood is not ground truth violation."
interrupted_2026-09-17_C167,data/clips/interrupted_2026-09-17_C167.mp4,interrupted_2026-09-17,NUGc3nLuGsI,UNRESOLVED,18260.0,18380.0,120.0,30.0,1920,1080,h264,96b563a327d23dda05b99a8e511ac268a99bf8713232f7975f111a369cc6dd3f,PASS,WARNING,12,0.321973,9.364,NOT_INFERRED_NO_DETECTOR,0.355002,0.483765,0.313468,0.221773,0.235410,0.321973,0.909091,0.693139,0.715643,0.574054,0.286462,0.000000,0.780303,0.593426,SMALL_FAR|CROWDED,0.467525,0.438604,HIGH,0.482486,5,16,16,YES,SELECTED,source_coverage=interrupted_2026-09-17; event_likelihood=HIGH; hardcase=SMALL_FAR|CROWDED; diversity_aware_rank; selection_signal_only_not_ground_truth,PENDING,,,COMPUTED,COMPUTED_SELECTION_SIGNAL_NOT_GROUND_TRUTH,"OpenCV image/motion heuristics only; vehicle_density_score and object_count_estimate are moving-region proxies, not detections; event_likelihood is not ground truth violation."
interrupted_2026-09-17_C168,data/clips/interrupted_2026-09-17_C168.mp4,interrupted_2026-09-17,NUGc3nLuGsI,UNRESOLVED,18370.0,18490.0,120.0,30.0,1920,1080,h264,b989d47e894885554752b9d9703cfd213f6f67f62e1f546908a963d3bb226907,PASS,WARNING,12,0.256133,9.273,NOT_INFERRED_NO_DETECTOR,0.332894,0.414518,0.318030,0.206566,0.198613,0.256133,0.909091,0.547385,0.749603,0.540260,0.328102,0.000000,0.772727,0.485955,SMALL_FAR|CROWDED,0.459107,0.403626,HIGH,0.436549,14,39,39,NO,NOT_SELECTED,,,,,COMPUTED,COMPUTED_SELECTION_SIGNAL_NOT_GROUND_TRUTH,"OpenCV image/motion heuristics only; vehicle_density_score and object_count_estimate are moving-region proxies, not detections; event_likelihood is not ground truth violation."
interrupted_2026-09-17_C169,data/clips/interrupted_2026-09-17_C169.mp4,interrupted_2026-09-17,NUGc3nLuGsI,UNRESOLVED,18480.0,18600.0,120.0,30.0,1920,1080,h264,30c4c6b95309a67cc908ec32dc898c2b0d2dadb3908f47aca066d59c7c3bdae9,PASS,WARNING,12,0.196004,8.091,NOT_INFERRED_NO_DETECTOR,0.296021,0.341202,0.320783,0.197391,0.188157,0.196004,0.909091,0.415952,0.720250,0.459035,0.366960,0.000000,0.674242,0.483837,SMALL_FAR|CROWDED,0.430963,0.371344,HIGH,0.387028,38,82,82,NO,NOT_SELECTED,,,,,COMPUTED,COMPUTED_SELECTION_SIGNAL_NOT_GROUND_TRUTH,"OpenCV image/motion heuristics only; vehicle_density_score and object_count_estimate are moving-region proxies, not detections; event_likelihood is not ground truth violation."
interrupted_2026-09-17_C170,data/clips/interrupted_2026-09-17_C170.mp4,interrupted_2026-09-17,NUGc3nLuGsI,UNRESOLVED,18590.0,18710.0,120.0,30.0,1920,1080,h264,edd5e7a8056fadd6a26916bcee4ce777a934f5ebe39db6fd60c25d2c6072489e,PASS,WARNING,12,0.273570,7.455,NOT_INFERRED_NO_DETECTOR,0.318544,0.518082,0.315879,0.213738,0.215552,0.273570,0.818182,0.583435,0.662649,0.464773,0.297612,0.000000,0.621212,0.617720,SMALL_FAR,0.420905,0.389638,HIGH,0.424745,16,46,46,NO,NOT_SELECTED,,,,,COMPUTED,COMPUTED_SELECTION_SIGNAL_NOT_GROUND_TRUTH,"OpenCV image/motion heuristics only; vehicle_density_score and object_count_estimate are moving-region proxies, not detections; event_likelihood is not ground truth violation."
interrupted_2026-09-17_C171,data/clips/interrupted_2026-09-17_C171.mp4,interrupted_2026-09-17,NUGc3nLuGsI,UNRESOLVED,18700.0,18820.0,120.0,30.0,1920,1080,h264,2e9636adc06080d077fa591c7e52203c9332324de0a915cc9841a70c065d0cfb,PASS,WARNING,12,0.130060,7.545,NOT_INFERRED_NO_DETECTOR,0.225986,0.332077,0.332368,0.158775,0.168218,0.130060,0.909091,0.260012,0.804562,0.404360,0.228513,0.000000,0.628788,0.333399,SMALL_FAR,0.389915,0.326425,MEDIUM,0.320195,72,138,138,NO,NOT_SELECTED,,,,,COMPUTED,COMPUTED_SELECTION_SIGNAL_NOT_GROUND_TRUTH,"OpenCV image/motion heuristics only; vehicle_density_score and object_count_estimate are moving-region proxies, not detections; event_likelihood is not ground truth violation."
interrupted_2026-09-17_C172,data/clips/interrupted_2026-09-17_C172.mp4,interrupted_2026-09-17,NUGc3nLuGsI,UNRESOLVED,18810.0,18930.0,120.0,30.0,1920,1080,h264,11b76bdb67e547eec6d975993d7f7a3ac84a605e8fa513745ab70d45dedfe756,PASS,WARNING,12,0.247052,9.273,NOT_INFERRED_NO_DETECTOR,0.287968,0.333531,0.323570,0.188100,0.154004,0.247052,0.909091,0.410030,0.687525,0.536173,0.315032,0.000000,0.772727,0.402597,SMALL_FAR|CROWDED,0.433681,0.380379,HIGH,0.389551,36,79,79,NO,NOT_SELECTED,,,,,COMPUTED,COMPUTED_SELECTION_SIGNAL_NOT_GROUND_TRUTH,"OpenCV image/motion heuristics only; vehicle_density_score and object_count_estimate are moving-region proxies, not detections; event_likelihood is not ground truth violation."
interrupted_2026-09-17_C173,data/clips/interrupted_2026-09-17_C173.mp4,interrupted_2026-09-17,NUGc3nLuGsI,UNRESOLVED,18920.0,19040.0,120.0,30.0,1920,1080,h264,a6738ec696af0410dbd28032e44bae665cc7663b7d92d0619e54393be3d71c2b,PASS,WARNING,12,0.238968,7.182,NOT_INFERRED_NO_DETECTOR,0.339018,0.404182,0.323510,0.188300,0.164327,0.238968,0.909091,0.453867,0.628444,0.436702,0.334642,0.000000,0.598485,0.499320,,0.395614,0.393272,HIGH,0.398324,29,69,69,YES,SELECTED,source_coverage=interrupted_2026-09-17; event_likelihood=HIGH; hardcase=NORMAL_CASE; diversity_aware_rank; selection_signal_only_not_ground_truth,PENDING,,,COMPUTED,COMPUTED_SELECTION_SIGNAL_NOT_GROUND_TRUTH,"OpenCV image/motion heuristics only; vehicle_density_score and object_count_estimate are moving-region proxies, not detections; event_likelihood is not ground truth violation."
interrupted_2026-09-17_C174,data/clips/interrupted_2026-09-17_C174.mp4,interrupted_2026-09-17,NUGc3nLuGsI,UNRESOLVED,19030.0,19150.0,120.0,30.0,1920,1080,h264,7f0260c12461010170be3c5698c3bb8df38d0230a8ef8388db018871473b1eb6,PASS,WARNING,12,0.168640,8.364,NOT_INFERRED_NO_DETECTOR,0.278633,0.306225,0.318491,0.205031,0.176352,0.168640,0.909091,0.344811,0.729683,0.459221,0.238177,0.000000,0.696970,0.412154,SMALL_FAR|CROWDED,0.410455,0.355221,MEDIUM,0.359622,56,107,107,NO,NOT_SELECTED,,,,,COMPUTED,COMPUTED_SELECTION_SIGNAL_NOT_GROUND_TRUTH,"OpenCV image/motion heuristics only; vehicle_density_score and object_count_estimate are moving-region proxies, not detections; event_likelihood is not ground truth violation."
interrupted_2026-09-17_C175,data/clips/interrupted_2026-09-17_C175.mp4,interrupted_2026-09-17,NUGc3nLuGsI,UNRESOLVED,19140.0,19260.0,120.0,30.0,1920,1080,h264,ed4774b0f0e08e439a1e7a7390a5f8ebad4a9748ab8e3231befeeeb42389622c,PASS,WARNING,12,0.175625,10.000,NOT_INFERRED_NO_DETECTOR,0.290885,0.418110,0.316150,0.212835,0.171925,0.175625,0.909091,0.423408,0.751328,0.537365,0.252298,0.000000,0.833333,0.453284,SMALL_FAR|CROWDED,0.454803,0.360107,HIGH,0.389709,35,78,78,NO,NOT_SELECTED,,,,,COMPUTED,COMPUTED_SELECTION_SIGNAL_NOT_GROUND_TRUTH,"OpenCV image/motion heuristics only; vehicle_density_score and object_count_estimate are moving-region proxies, not detections; event_likelihood is not ground truth violation."
interrupted_2026-09-17_C176,data/clips/interrupted_2026-09-17_C176.mp4,interrupted_2026-09-17,NUGc3nLuGsI,UNRESOLVED,19250.0,19370.0,120.0,30.0,1920,1080,h264,2f58bdbc634d922ee58d6c7e8a32aa3dad4e85350a806f19604b23fb90a4502d,PASS,WARNING,12,0.222232,8.545,NOT_INFERRED_NO_DETECTOR,0.314673,0.488047,0.318060,0.206468,0.181674,0.222232,0.909091,0.511089,0.736974,0.491671,0.303689,0.000000,0.712121,0.585103,SMALL_FAR|CROWDED,0.448804,0.384131,HIGH,0.416757,20,52,52,NO,NOT_SELECTED,,,,,COMPUTED,COMPUTED_SELECTION_SIGNAL_NOT_GROUND_TRUTH,"OpenCV image/motion heuristics only; vehicle_density_score and object_count_estimate are moving-region proxies, not detections; event_likelihood is not ground truth violation."
interrupted_2026-09-17_C177,data/clips/interrupted_2026-09-17_C177.mp4,interrupted_2026-09-17,NUGc3nLuGsI,UNRESOLVED,19360.0,19480.0,120.0,30.0,1920,1080,h264,7a206029f983b527a13831d0885b51567624de7f69c1768611bcc20dff79a679,PASS,WARNING,12,0.170186,8.727,NOT_INFERRED_NO_DETECTOR,0.269835,0.308564,0.319028,0.203242,0.155749,0.170186,0.909091,0.315204,0.668103,0.476584,0.244339,0.000000,0.727273,0.410000,SMALL_FAR|CROWDED,0.407076,0.349663,MEDIUM,0.349957,59,114,114,NO,NOT_SELECTED,,,,,COMPUTED,COMPUTED_SELECTION_SIGNAL_NOT_GROUND_TRUTH,"OpenCV image/motion heuristics only; vehicle_density_score and object_count_estimate are moving-region proxies, not detections; event_likelihood is not ground truth violation."
interrupted_2026-09-17_C178,data/clips/interrupted_2026-09-17_C178.mp4,interrupted_2026-09-17,NUGc3nLuGsI,UNRESOLVED,19470.0,19590.0,120.0,30.0,1920,1080,h264,7633dbd42e3149baab7d071934eb998af9159a8d6baf077f300ff75e4b694cd0,PASS,WARNING,12,0.196465,9.182,NOT_INFERRED_NO_DETECTOR,0.291041,0.531711,0.324340,0.185532,0.155619,0.196465,0.909091,0.458641,0.750945,0.509242,0.218838,0.000000,0.765152,0.603990,SMALL_FAR|CROWDED,0.450558,0.364300,HIGH,0.396642,30,72,72,NO,NOT_SELECTED,,,,,COMPUTED,COMPUTED_SELECTION_SIGNAL_NOT_GROUND_TRUTH,"OpenCV image/motion heuristics only; vehicle_density_score and object_count_estimate are moving-region proxies, not detections; event_likelihood is not ground truth violation."
interrupted_2026-09-17_C179,data/clips/interrupted_2026-09-17_C179.mp4,interrupted_2026-09-17,NUGc3nLuGsI,UNRESOLVED,19580.0,19700.0,120.0,30.0,1920,1080,h264,5d8d8749c2f842d4fce2511bb2f1ad64f2ffb1cfce2722fb33db40f82df6193d,PASS,WARNING,12,0.216976,9.455,NOT_INFERRED_NO_DETECTOR,0.311832,0.470707,0.326835,0.177218,0.187965,0.216976,0.909091,0.507872,0.761158,0.530973,0.274774,0.000000,0.787879,0.577043,SMALL_FAR|CROWDED,0.462841,0.382709,HIGH,0.419170,18,50,50,NO,NOT_SELECTED,,,,,COMPUTED,COMPUTED_SELECTION_SIGNAL_NOT_GROUND_TRUTH,"OpenCV image/motion heuristics only; vehicle_density_score and object_count_estimate are moving-region proxies, not detections; event_likelihood is not ground truth violation."
interrupted_2026-09-17_C180,data/clips/interrupted_2026-09-17_C180.mp4,interrupted_2026-09-17,NUGc3nLuGsI,UNRESOLVED,19690.0,19810.0,120.0,30.0,1920,1080,h264,15c6e8de7e1630ad69584a1804d9ffbd8b0907c16d46b05ec13bacf5740602e0,PASS,WARNING,12,0.301828,12.364,NOT_INFERRED_NO_DETECTOR,0.386861,0.414641,0.325706,0.180981,0.182969,0.301828,0.909091,0.619837,0.679097,0.685822,0.262195,0.000000,1.000000,0.566574,SMALL_FAR|OCCLUSION|CROWDED,0.501047,0.430918,HIGH,0.479273,6,17,17,YES,SELECTED,source_coverage=interrupted_2026-09-17; event_likelihood=HIGH; hardcase=SMALL_FAR|OCCLUSION|CROWDED; diversity_aware_rank; selection_signal_only_not_ground_truth,PENDING,,,COMPUTED,COMPUTED_SELECTION_SIGNAL_NOT_GROUND_TRUTH,"OpenCV image/motion heuristics only; vehicle_density_score and object_count_estimate are moving-region proxies, not detections; event_likelihood is not ground truth violation."
interrupted_2026-09-17_C181,data/clips/interrupted_2026-09-17_C181.mp4,interrupted_2026-09-17,NUGc3nLuGsI,UNRESOLVED,19800.0,19920.0,120.0,30.0,1920,1080,h264,8a736c9d73b6c30388a0ed21615a7a16cec6f7ed52f8e1b178bd48b35397f9bc,PASS,WARNING,12,0.206181,11.455,NOT_INFERRED_NO_DETECTOR,0.303993,0.312450,0.321493,0.195022,0.161178,0.206181,0.909091,0.414876,0.779492,0.617781,0.200532,0.000000,0.954545,0.455441,SMALL_FAR|CROWDED,0.481755,0.372101,HIGH,0.402331,26,64,64,NO,NOT_SELECTED,,,,,COMPUTED,COMPUTED_SELECTION_SIGNAL_NOT_GROUND_TRUTH,"OpenCV image/motion heuristics only; vehicle_density_score and object_count_estimate are moving-region proxies, not detections; event_likelihood is not ground truth violation."
interrupted_2026-09-17_C182,data/clips/interrupted_2026-09-17_C182.mp4,interrupted_2026-09-17,NUGc3nLuGsI,UNRESOLVED,19910.0,20030.0,120.0,30.0,1920,1080,h264,6f9ed778128b2c9a014df93d9c18ff162984d461bf5fda1900f58500e24d1493,PASS,WARNING,12,0.174833,9.545,NOT_INFERRED_NO_DETECTOR,0.284112,0.342679,0.321863,0.193791,0.150968,0.174833,0.909091,0.350268,0.777712,0.516175,0.208906,0.000000,0.795455,0.397548,SMALL_FAR|CROWDED,0.435857,0.354237,MEDIUM,0.367961,47,94,94,NO,NOT_SELECTED,,,,,COMPUTED,COMPUTED_SELECTION_SIGNAL_NOT_GROUND_TRUTH,"OpenCV image/motion heuristics only; vehicle_density_score and object_count_estimate are moving-region proxies, not detections; event_likelihood is not ground truth violation."
interrupted_2026-09-17_C183,data/clips/interrupted_2026-09-17_C183.mp4,interrupted_2026-09-17,NUGc3nLuGsI,UNRESOLVED,20020.0,20140.0,120.0,30.0,1920,1080,h264,d3b2d68e97b49dd3c79a135ce5d0779f1f0e6e1fa99a06a3445b14cb536007fb,PASS,WARNING,12,0.204040,9.545,NOT_INFERRED_NO_DETECTOR,0.334815,0.426155,0.326039,0.179870,0.190904,0.204040,0.909091,0.489985,0.701259,0.529318,0.270287,0.000000,0.795455,0.540399,SMALL_FAR|CROWDED,0.448279,0.385045,HIGH,0.415612,21,54,54,NO,NOT_SELECTED,,,,,COMPUTED,COMPUTED_SELECTION_SIGNAL_NOT_GROUND_TRUTH,"OpenCV image/motion heuristics only; vehicle_density_score and object_count_estimate are moving-region proxies, not detections; event_likelihood is not ground truth violation."
interrupted_2026-09-17_C184,data/clips/interrupted_2026-09-17_C184.mp4,interrupted_2026-09-17,NUGc3nLuGsI,UNRESOLVED,20130.0,20250.0,120.0,30.0,1920,1080,h264,2e1cf82f7b93efe4474d2a4b3e5c8809d1e0609177c4cd3c069d8f834ff39bd5,PASS,WARNING,12,0.087831,7.818,NOT_INFERRED_NO_DETECTOR,0.181409,0.257432,0.325126,0.182912,0.118930,0.087831,0.727273,0.157414,0.830525,0.397857,0.235693,0.000000,0.651515,0.337564,SMALL_FAR|CROWDED,0.401233,0.252978,MEDIUM,0.268700,118,201,201,NO,NOT_SELECTED,,,,,COMPUTED,COMPUTED_SELECTION_SIGNAL_NOT_GROUND_TRUTH,"OpenCV image/motion heuristics only; vehicle_density_score and object_count_estimate are moving-region proxies, not detections; event_likelihood is not ground truth violation."
interrupted_2026-09-17_C185,data/clips/interrupted_2026-09-17_C185.mp4,interrupted_2026-09-17,NUGc3nLuGsI,UNRESOLVED,20240.0,20360.0,120.0,30.0,1920,1080,h264,922143f93800acf3dbe0c28642246e0df7135dbc2eeefee6c45bfce3d6162464,PASS,WARNING,12,0.149044,9.455,NOT_INFERRED_NO_DETECTOR,0.240114,0.401550,0.322202,0.192661,0.104267,0.149044,0.909091,0.277830,0.836210,0.500403,0.190551,0.000000,0.787879,0.482496,SMALL_FAR|CROWDED,0.450478,0.325183,MEDIUM,0.341534,60,121,121,NO,NOT_SELECTED,,,,,COMPUTED,COMPUTED_SELECTION_SIGNAL_NOT_GROUND_TRUTH,"OpenCV image/motion heuristics only; vehicle_density_score and object_count_estimate are moving-region proxies, not detections; event_likelihood is not ground truth violation."
interrupted_2026-09-17_C186,data/clips/interrupted_2026-09-17_C186.mp4,interrupted_2026-09-17,NUGc3nLuGsI,UNRESOLVED,20350.0,20470.0,120.0,30.0,1920,1080,h264,4895a09abc23576f449850b60aa6cc01bf5bc209c5d314ee267263d2209af51d,PASS,WARNING,12,0.277330,7.000,NOT_INFERRED_NO_DETECTOR,0.302325,0.737625,0.320408,0.198641,0.197401,0.277330,0.909091,0.603829,0.747186,0.445632,0.269133,0.000000,0.583333,0.798406,SMALL_FAR|FAST_MOTION,0.443567,0.402361,HIGH,0.438159,13,36,36,NO,NOT_SELECTED,,,,,COMPUTED,COMPUTED_SELECTION_SIGNAL_NOT_GROUND_TRUTH,"OpenCV image/motion heuristics only; vehicle_density_score and object_count_estimate are moving-region proxies, not detections; event_likelihood is not ground truth violation."
interrupted_2026-09-17_C187,data/clips/interrupted_2026-09-17_C187.mp4,interrupted_2026-09-17,NUGc3nLuGsI,UNRESOLVED,20460.0,20580.0,120.0,30.0,1920,1080,h264,bf6764fd6eb3848ed90e83eeac9511bfe40915b91939c822dae3c55c2b3efe69,PASS,WARNING,12,0.095609,6.818,NOT_INFERRED_NO_DETECTOR,0.163659,0.185556,0.329289,0.169037,0.125777,0.095609,0.909091,0.126529,0.731996,0.355524,0.209536,0.000000,0.568182,0.242040,SMALL_FAR,0.347725,0.290244,MEDIUM,0.261680,129,214,214,NO,NOT_SELECTED,,,,,COMPUTED,COMPUTED_SELECTION_SIGNAL_NOT_GROUND_TRUTH,"OpenCV image/motion heuristics only; vehicle_density_score and object_count_estimate are moving-region proxies, not detections; event_likelihood is not ground truth violation."
interrupted_2026-09-17_C188,data/clips/interrupted_2026-09-17_C188.mp4,interrupted_2026-09-17,NUGc3nLuGsI,UNRESOLVED,20570.0,20690.0,120.0,30.0,1920,1080,h264,a121ec23ff619497e203f2ab356163f8dce5bc2e307e2be686320a9235e59c30,PASS,WARNING,12,0.186935,6.909,NOT_INFERRED_NO_DETECTOR,0.276336,0.440823,0.325291,0.182364,0.177241,0.186935,0.909091,0.413497,0.751476,0.400787,0.362102,0.000000,0.575758,0.566248,SMALL_FAR,0.420378,0.360981,HIGH,0.376908,41,85,85,NO,NOT_SELECTED,,,,,COMPUTED,COMPUTED_SELECTION_SIGNAL_NOT_GROUND_TRUTH,"OpenCV image/motion heuristics only; vehicle_density_score and object_count_estimate are moving-region proxies, not detections; event_likelihood is not ground truth violation."
interrupted_2026-09-17_C189,data/clips/interrupted_2026-09-17_C189.mp4,interrupted_2026-09-17,NUGc3nLuGsI,UNRESOLVED,20680.0,20800.0,120.0,30.0,1920,1080,h264,489bc0135a5ff4eebfe6235c081be59cf5a52d1d6577b3ce304188bef14032be,PASS,WARNING,12,0.103602,8.091,NOT_INFERRED_NO_DETECTOR,0.182515,0.265903,0.327023,0.176589,0.108698,0.103602,0.818182,0.127137,0.821217,0.417454,0.193810,0.000000,0.674242,0.348532,SMALL_FAR|CROWDED,0.400757,0.275887,MEDIUM,0.272871,115,198,198,NO,NOT_SELECTED,,,,,COMPUTED,COMPUTED_SELECTION_SIGNAL_NOT_GROUND_TRUTH,"OpenCV image/motion heuristics only; vehicle_density_score and object_count_estimate are moving-region proxies, not detections; event_likelihood is not ground truth violation."
interrupted_2026-09-17_C190,data/clips/interrupted_2026-09-17_C190.mp4,interrupted_2026-09-17,NUGc3nLuGsI,UNRESOLVED,20790.0,20910.0,120.0,30.0,1920,1080,h264,428e0431d13e1117eb89abe65ace059a5da165e368649ca4409f3c89dd1b4025,PASS,WARNING,12,0.123961,8.091,NOT_INFERRED_NO_DETECTOR,0.208323,0.324054,0.319812,0.200626,0.149539,0.123961,0.636364,0.237125,0.817033,0.426616,0.291325,0.000000,0.674242,0.295568,SMALL_FAR|CROWDED,0.410987,0.258947,MEDIUM,0.291515,90,164,164,NO,NOT_SELECTED,,,,,COMPUTED,COMPUTED_SELECTION_SIGNAL_NOT_GROUND_TRUTH,"OpenCV image/motion heuristics only; vehicle_density_score and object_count_estimate are moving-region proxies, not detections; event_likelihood is not ground truth violation."
interrupted_2026-09-17_C191,data/clips/interrupted_2026-09-17_C191.mp4,interrupted_2026-09-17,NUGc3nLuGsI,UNRESOLVED,20900.0,21020.0,120.0,30.0,1920,1080,h264,c049e497c5cd9dd701500af77b0531a552fa518eb488c7d57091fed5f35218e4,PASS,WARNING,12,0.220177,10.727,NOT_INFERRED_NO_DETECTOR,0.300055,0.459659,0.326347,0.178843,0.176421,0.220177,0.909091,0.504687,0.805234,0.590746,0.258576,0.000000,0.893939,0.599499,SMALL_FAR|CROWDED,0.496702,0.378540,HIGH,0.424914,15,45,45,NO,NOT_SELECTED,,,,,COMPUTED,COMPUTED_SELECTION_SIGNAL_NOT_GROUND_TRUTH,"OpenCV image/motion heuristics only; vehicle_density_score and object_count_estimate are moving-region proxies, not detections; event_likelihood is not ground truth violation."
interrupted_2026-09-17_C192,data/clips/interrupted_2026-09-17_C192.mp4,interrupted_2026-09-17,NUGc3nLuGsI,UNRESOLVED,21010.0,21130.0,120.0,30.0,1920,1080,h264,422f7a83731207567abf9efdf4edd194f7807267ae3e81663024bb0d0aa947b2,PASS,WARNING,12,0.109006,6.000,NOT_INFERRED_NO_DETECTOR,0.185461,0.186116,0.327443,0.175192,0.147058,0.109006,0.909091,0.149609,0.744084,0.324053,0.309163,0.000000,0.500000,0.262028,SMALL_FAR,0.351548,0.304516,MEDIUM,0.275515,111,190,190,NO,NOT_SELECTED,,,,,COMPUTED,COMPUTED_SELECTION_SIGNAL_NOT_GROUND_TRUTH,"OpenCV image/motion heuristics only; vehicle_density_score and object_count_estimate are moving-region proxies, not detections; event_likelihood is not ground truth violation."
interrupted_2026-09-17_C193,data/clips/interrupted_2026-09-17_C193.mp4,interrupted_2026-09-17,NUGc3nLuGsI,UNRESOLVED,21120.0,21240.0,120.0,30.0,1920,1080,h264,7eac25f85005297675c70180d08943e05b0737217a51b89d71eba8a281cb5d24,PASS,WARNING,12,0.104555,8.000,NOT_INFERRED_NO_DETECTOR,0.232528,0.339408,0.318983,0.203389,0.212971,0.104555,0.909091,0.312361,0.795942,0.413716,0.153394,0.000000,0.666667,0.415999,SMALL_FAR|CROWDED,0.399590,0.327575,MEDIUM,0.333595,64,125,125,NO,NOT_SELECTED,,,,,COMPUTED,COMPUTED_SELECTION_SIGNAL_NOT_GROUND_TRUTH,"OpenCV image/motion heuristics only; vehicle_density_score and object_count_estimate are moving-region proxies, not detections; event_likelihood is not ground truth violation."
interrupted_2026-09-17_C194,data/clips/interrupted_2026-09-17_C194.mp4,interrupted_2026-09-17,NUGc3nLuGsI,UNRESOLVED,21230.0,21350.0,120.0,30.0,1920,1080,h264,4072fafb27f23b8d3ad05b81af8bfc8a987f89aa7c912191d4cab994e3923bcf,PASS,WARNING,12,0.070780,7.636,NOT_INFERRED_NO_DETECTOR,0.143125,0.131701,0.333200,0.155999,0.104234,0.070780,0.909091,0.165855,0.842616,0.381851,0.175318,0.000000,0.636364,0.193118,SMALL_FAR,0.370267,0.272380,MEDIUM,0.265103,123,208,208,NO,NOT_SELECTED,,,,,COMPUTED,COMPUTED_SELECTION_SIGNAL_NOT_GROUND_TRUTH,"OpenCV image/motion heuristics only; vehicle_density_score and object_count_estimate are moving-region proxies, not detections; event_likelihood is not ground truth violation."
interrupted_2026-09-17_C195,data/clips/interrupted_2026-09-17_C195.mp4,interrupted_2026-09-17,NUGc3nLuGsI,UNRESOLVED,21340.0,21460.0,120.0,30.0,1920,1080,h264,50c0b498279bc688d8a53fa00810edb4fb37bbb42077149c11aa235d6e020218,PASS,WARNING,12,0.183977,10.818,NOT_INFERRED_NO_DETECTOR,0.295182,0.340062,0.324043,0.186523,0.187042,0.183977,0.909091,0.416098,0.738743,0.578623,0.220396,0.000000,0.901515,0.406818,SMALL_FAR|CROWDED,0.456549,0.366828,HIGH,0.392221,33,76,76,NO,NOT_SELECTED,,,,,COMPUTED,COMPUTED_SELECTION_SIGNAL_NOT_GROUND_TRUTH,"OpenCV image/motion heuristics only; vehicle_density_score and object_count_estimate are moving-region proxies, not detections; event_likelihood is not ground truth violation."
interrupted_2026-09-17_C196,data/clips/interrupted_2026-09-17_C196.mp4,interrupted_2026-09-17,NUGc3nLuGsI,UNRESOLVED,21450.0,21570.0,120.0,30.0,1920,1080,h264,95c907176932c76efa817976939fba063bca2ce5e19cc3fdefd3b9da150711c0,PASS,WARNING,12,0.105284,9.545,NOT_INFERRED_NO_DETECTOR,0.175393,0.173236,0.334970,0.150099,0.113444,0.105284,0.909091,0.147772,0.833988,0.484878,0.243190,0.000000,0.795455,0.245683,SMALL_FAR|CROWDED,0.423812,0.294482,MEDIUM,0.289996,92,166,166,NO,NOT_SELECTED,,,,,COMPUTED,COMPUTED_SELECTION_SIGNAL_NOT_GROUND_TRUTH,"OpenCV image/motion heuristics only; vehicle_density_score and object_count_estimate are moving-region proxies, not detections; event_likelihood is not ground truth violation."
interrupted_2026-09-17_C197,data/clips/interrupted_2026-09-17_C197.mp4,interrupted_2026-09-17,NUGc3nLuGsI,UNRESOLVED,21560.0,21680.0,120.0,30.0,1920,1080,h264,a1c237a6627de0be01e49a3775c356bb9f21ef28d7d4926aa3d681d6e9f1059a,PASS,WARNING,12,0.098816,7.727,NOT_INFERRED_NO_DETECTOR,0.217297,0.307776,0.323005,0.189984,0.159003,0.098816,0.818182,0.226838,0.844084,0.398634,0.246429,0.000000,0.643939,0.419446,SMALL_FAR,0.414606,0.292706,MEDIUM,0.305933,78,148,148,NO,NOT_SELECTED,,,,,COMPUTED,COMPUTED_SELECTION_SIGNAL_NOT_GROUND_TRUTH,"OpenCV image/motion heuristics only; vehicle_density_score and object_count_estimate are moving-region proxies, not detections; event_likelihood is not ground truth violation."
interrupted_2026-09-17_C198,data/clips/interrupted_2026-09-17_C198.mp4,interrupted_2026-09-17,NUGc3nLuGsI,UNRESOLVED,21670.0,21790.0,120.0,30.0,1920,1080,h264,5e26a5ca57e5fd733f5de5c8717a8b293ea385e949208ea9a446c017d1c39dbf,PASS,WARNING,12,0.114789,7.364,NOT_INFERRED_NO_DETECTOR,0.192694,0.303250,0.332763,0.157455,0.093831,0.114789,0.818182,0.147022,0.796564,0.389155,0.295969,0.000000,0.613636,0.321167,SMALL_FAR,0.391766,0.279763,MEDIUM,0.276782,107,186,186,NO,NOT_SELECTED,,,,,COMPUTED,COMPUTED_SELECTION_SIGNAL_NOT_GROUND_TRUTH,"OpenCV image/motion heuristics only; vehicle_density_score and object_count_estimate are moving-region proxies, not detections; event_likelihood is not ground truth violation."
interrupted_2026-09-17_C199,data/clips/interrupted_2026-09-17_C199.mp4,interrupted_2026-09-17,NUGc3nLuGsI,UNRESOLVED,21780.0,21900.0,120.0,30.0,1920,1080,h264,b3248d4e9345fad5096571a91b2387ef16b737f0ea7845eecb84db2d2423461a,PASS,WARNING,12,0.108785,7.545,NOT_INFERRED_NO_DETECTOR,0.220327,0.261639,0.326987,0.176711,0.164547,0.108785,0.909091,0.205902,0.783497,0.394786,0.185235,0.000000,0.628788,0.345087,SMALL_FAR,0.381920,0.317003,MEDIUM,0.303580,80,150,150,NO,NOT_SELECTED,,,,,COMPUTED,COMPUTED_SELECTION_SIGNAL_NOT_GROUND_TRUTH,"OpenCV image/motion heuristics only; vehicle_density_score and object_count_estimate are moving-region proxies, not detections; event_likelihood is not ground truth violation."
interrupted_2026-09-17_C200,data/clips/interrupted_2026-09-17_C200.mp4,interrupted_2026-09-17,NUGc3nLuGsI,UNRESOLVED,21890.0,22010.0,120.0,30.0,1920,1080,h264,1964e031f6e0de9d11c49999089dfc028d22b3854ebc570120bfa3de41a773f1,PASS,WARNING,12,0.132449,6.545,NOT_INFERRED_NO_DETECTOR,0.196713,0.414759,0.326407,0.178642,0.139935,0.132449,0.818182,0.230045,0.731385,0.359602,0.199567,0.000000,0.545455,0.516856,SMALL_FAR,0.377093,0.295152,MEDIUM,0.294564,86,158,158,NO,NOT_SELECTED,,,,,COMPUTED,COMPUTED_SELECTION_SIGNAL_NOT_GROUND_TRUTH,"OpenCV image/motion heuristics only; vehicle_density_score and object_count_estimate are moving-region proxies, not detections; event_likelihood is not ground truth violation."
interrupted_2026-09-17_C201,data/clips/interrupted_2026-09-17_C201.mp4,interrupted_2026-09-17,NUGc3nLuGsI,UNRESOLVED,22000.0,22120.0,120.0,30.0,1920,1080,h264,5628d6194403a7c320ffbbfcb282dedbbc8d29b5ef85ea8f0cf5bf9d6a2e2a57,PASS,WARNING,12,0.057206,4.909,NOT_INFERRED_NO_DETECTOR,0.132453,0.215920,0.327056,0.176479,0.102855,0.057206,0.636364,0.175801,0.739463,0.250743,0.164364,0.000000,0.409091,0.248702,SMALL_FAR,0.304165,0.207363,LOW,0.219797,252,375,375,NO,NOT_SELECTED,,,,,COMPUTED,COMPUTED_SELECTION_SIGNAL_NOT_GROUND_TRUTH,"OpenCV image/motion heuristics only; vehicle_density_score and object_count_estimate are moving-region proxies, not detections; event_likelihood is not ground truth violation."
interrupted_2026-09-17_C202,data/clips/interrupted_2026-09-17_C202.mp4,interrupted_2026-09-17,NUGc3nLuGsI,UNRESOLVED,22110.0,22230.0,120.0,30.0,1920,1080,h264,fdf136af2523636b9ee81415e497f68d7a15be8bcbe447c50fb35335ee1d822c,PASS,WARNING,12,0.182929,8.182,NOT_INFERRED_NO_DETECTOR,0.302670,0.648875,0.334938,0.150207,0.185230,0.182929,0.818182,0.488909,0.771753,0.457318,0.195400,0.000000,0.681818,0.677757,SMALL_FAR|CROWDED|FAST_MOTION,0.435739,0.349076,MEDIUM,0.392943,31,74,74,NO,NOT_SELECTED,,,,,COMPUTED,COMPUTED_SELECTION_SIGNAL_NOT_GROUND_TRUTH,"OpenCV image/motion heuristics only; vehicle_density_score and object_count_estimate are moving-region proxies, not detections; event_likelihood is not ground truth violation."
interrupted_2026-09-17_C203,data/clips/interrupted_2026-09-17_C203.mp4,interrupted_2026-09-17,NUGc3nLuGsI,UNRESOLVED,22220.0,22340.0,120.0,30.0,1920,1080,h264,19187255511736c4cb9ce1f97400180f18ff666accf17f7e0a0b68fe6d2e100a,PASS,WARNING,12,0.148655,7.909,NOT_INFERRED_NO_DETECTOR,0.266785,0.503151,0.334074,0.153087,0.162227,0.148655,0.909091,0.378305,0.779575,0.429395,0.201348,0.000000,0.659091,0.607821,SMALL_FAR|CROWDED,0.422329,0.342685,MEDIUM,0.362289,51,101,101,NO,NOT_SELECTED,,,,,COMPUTED,COMPUTED_SELECTION_SIGNAL_NOT_GROUND_TRUTH,"OpenCV image/motion heuristics only; vehicle_density_score and object_count_estimate are moving-region proxies, not detections; event_likelihood is not ground truth violation."
interrupted_2026-09-17_C204,data/clips/interrupted_2026-09-17_C204.mp4,interrupted_2026-09-17,NUGc3nLuGsI,UNRESOLVED,22330.0,22450.0,120.0,30.0,1920,1080,h264,088d92ff168627ec96c1583a440852f72715d7f053937c4457591c3289016ef1,PASS,WARNING,12,0.211461,8.364,NOT_INFERRED_NO_DETECTOR,0.294851,0.599789,0.333262,0.155793,0.161761,0.211461,0.818182,0.482500,0.673310,0.478491,0.250554,0.000000,0.696970,0.729847,SMALL_FAR|CROWDED|FAST_MOTION,0.437938,0.352442,MEDIUM,0.392880,32,75,75,YES,SELECTED,source_coverage=interrupted_2026-09-17; event_likelihood=MEDIUM; hardcase=SMALL_FAR|CROWDED|FAST_MOTION; diversity_aware_rank; selection_signal_only_not_ground_truth,PENDING,,,COMPUTED,COMPUTED_SELECTION_SIGNAL_NOT_GROUND_TRUTH,"OpenCV image/motion heuristics only; vehicle_density_score and object_count_estimate are moving-region proxies, not detections; event_likelihood is not ground truth violation."
interrupted_2026-09-17_C205,data/clips/interrupted_2026-09-17_C205.mp4,interrupted_2026-09-17,NUGc3nLuGsI,UNRESOLVED,22440.0,22560.0,120.0,30.0,1920,1080,h264,df9cac45a24d83a343a10d4d1f67382f00adcfd278217ba945e6917f58e9bc53,PASS,WARNING,12,0.187882,8.364,NOT_INFERRED_NO_DETECTOR,0.280597,0.418086,0.332758,0.157473,0.181542,0.187882,0.909091,0.415548,0.727611,0.467880,0.277849,0.000000,0.696970,0.587279,SMALL_FAR|CROWDED,0.433108,0.363228,HIGH,0.382296,40,84,84,NO,NOT_SELECTED,,,,,COMPUTED,COMPUTED_SELECTION_SIGNAL_NOT_GROUND_TRUTH,"OpenCV image/motion heuristics only; vehicle_density_score and object_count_estimate are moving-region proxies, not detections; event_likelihood is not ground truth violation."
interrupted_2026-09-17_C206,data/clips/interrupted_2026-09-17_C206.mp4,interrupted_2026-09-17,NUGc3nLuGsI,UNRESOLVED,22550.0,22670.0,120.0,30.0,1920,1080,h264,0f0cf3bd45f061867e7c7cfa8bf9af6e72050fcd6c12318bc501473c966c7633,PASS,WARNING,12,0.064495,6.273,NOT_INFERRED_NO_DETECTOR,0.141337,0.201657,0.329468,0.168438,0.105528,0.064495,0.727273,0.164391,0.867637,0.316523,0.221084,0.000000,0.522727,0.277683,SMALL_FAR,0.365242,0.231812,LOW,0.246180,164,257,257,NO,NOT_SELECTED,,,,,COMPUTED,COMPUTED_SELECTION_SIGNAL_NOT_GROUND_TRUTH,"OpenCV image/motion heuristics only; vehicle_density_score and object_count_estimate are moving-region proxies, not detections; event_likelihood is not ground truth violation."
interrupted_2026-09-17_C207,data/clips/interrupted_2026-09-17_C207.mp4,interrupted_2026-09-17,NUGc3nLuGsI,UNRESOLVED,22660.0,22780.0,120.0,30.0,1920,1080,h264,1a70bdc46ceb479ea0c9040183089f23c60268f33a2afdbfbd6c5e4e9af2ae90,PASS,WARNING,12,0.171493,9.364,NOT_INFERRED_NO_DETECTOR,0.266528,0.327084,0.329413,0.168624,0.168913,0.171493,0.909091,0.343669,0.756703,0.506339,0.246832,0.000000,0.780303,0.396356,SMALL_FAR|CROWDED,0.430924,0.351584,MEDIUM,0.362168,52,102,102,NO,NOT_SELECTED,,,,,COMPUTED,COMPUTED_SELECTION_SIGNAL_NOT_GROUND_TRUTH,"OpenCV image/motion heuristics only; vehicle_density_score and object_count_estimate are moving-region proxies, not detections; event_likelihood is not ground truth violation."
interrupted_2026-09-17_C208,data/clips/interrupted_2026-09-17_C208.mp4,interrupted_2026-09-17,NUGc3nLuGsI,UNRESOLVED,22770.0,22890.0,120.0,30.0,1920,1080,h264,9d0bfbb30454c722a08f319d1ac7514288d7462214926a6842f0aebd91ade4b1,PASS,WARNING,12,0.187765,9.182,NOT_INFERRED_NO_DETECTOR,0.264753,0.407041,0.311652,0.227828,0.142314,0.187765,0.909091,0.370839,0.751224,0.505328,0.282147,0.000000,0.765152,0.384974,SMALL_FAR|CROWDED,0.436871,0.351849,MEDIUM,0.368622,46,93,93,YES,SELECTED,source_coverage=interrupted_2026-09-17; event_likelihood=MEDIUM; hardcase=SMALL_FAR|CROWDED; diversity_aware_rank; selection_signal_only_not_ground_truth,PENDING,,,COMPUTED,COMPUTED_SELECTION_SIGNAL_NOT_GROUND_TRUTH,"OpenCV image/motion heuristics only; vehicle_density_score and object_count_estimate are moving-region proxies, not detections; event_likelihood is not ground truth violation."
interrupted_2026-09-17_C209,data/clips/interrupted_2026-09-17_C209.mp4,interrupted_2026-09-17,NUGc3nLuGsI,UNRESOLVED,22880.0,23000.0,120.0,30.0,1920,1080,h264,b10985e81f637835d3861c3c85072ddf6161c3badcde3541e9b640a9409b8402,PASS,WARNING,12,0.186389,9.364,NOT_INFERRED_NO_DETECTOR,0.261431,0.331493,0.319130,0.202899,0.137710,0.186389,0.909091,0.330665,0.746537,0.513042,0.242749,0.000000,0.780303,0.469554,SMALL_FAR|CROWDED,0.441672,0.349656,MEDIUM,0.361415,54,104,104,NO,NOT_SELECTED,,,,,COMPUTED,COMPUTED_SELECTION_SIGNAL_NOT_GROUND_TRUTH,"OpenCV image/motion heuristics only; vehicle_density_score and object_count_estimate are moving-region proxies, not detections; event_likelihood is not ground truth violation."
interrupted_2026-09-17_C210,data/clips/interrupted_2026-09-17_C210.mp4,interrupted_2026-09-17,NUGc3nLuGsI,UNRESOLVED,22990.0,23110.0,120.0,30.0,1920,1080,h264,1db9fcd1b3428315e8c345adad7d93140a264666d47a84c21017be664421407d,PASS,WARNING,12,0.141600,9.091,NOT_INFERRED_NO_DETECTOR,0.222190,0.357213,0.327527,0.174908,0.136125,0.141600,0.909091,0.275168,0.823049,0.480387,0.287134,0.000000,0.757576,0.444502,SMALL_FAR|CROWDED,0.447645,0.323547,MEDIUM,0.337423,62,123,123,NO,NOT_SELECTED,,,,,COMPUTED,COMPUTED_SELECTION_SIGNAL_NOT_GROUND_TRUTH,"OpenCV image/motion heuristics only; vehicle_density_score and object_count_estimate are moving-region proxies, not detections; event_likelihood is not ground truth violation."
interrupted_2026-09-17_C211,data/clips/interrupted_2026-09-17_C211.mp4,interrupted_2026-09-17,NUGc3nLuGsI,UNRESOLVED,23100.0,23220.0,120.0,30.0,1920,1080,h264,0bcae0a4f54000004edc1a734d07fc5a6f96821f29618193d2ea67f21cd51e7b,PASS,WARNING,12,0.215414,8.545,NOT_INFERRED_NO_DETECTOR,0.310326,0.486481,0.329167,0.169444,0.157760,0.215414,0.909091,0.474355,0.780408,0.488603,0.307189,0.000000,0.712121,0.655559,SMALL_FAR|CROWDED|FAST_MOTION,0.461435,0.376335,HIGH,0.409886,23,58,58,NO,NOT_SELECTED,,,,,COMPUTED,COMPUTED_SELECTION_SIGNAL_NOT_GROUND_TRUTH,"OpenCV image/motion heuristics only; vehicle_density_score and object_count_estimate are moving-region proxies, not detections; event_likelihood is not ground truth violation."
interrupted_2026-09-17_C212,data/clips/interrupted_2026-09-17_C212.mp4,interrupted_2026-09-17,NUGc3nLuGsI,UNRESOLVED,23210.0,23330.0,120.0,30.0,1920,1080,h264,f7a8940380263bdd4a8884f2987b63219d57f937ab66daec27a7014153eefdff,PASS,WARNING,12,0.088999,6.455,NOT_INFERRED_NO_DETECTOR,0.195858,0.245838,0.331633,0.161225,0.164415,0.088999,0.818182,0.164586,0.801299,0.335883,0.190135,0.000000,0.537879,0.320747,SMALL_FAR,0.358549,0.284554,MEDIUM,0.273035,114,196,196,NO,NOT_SELECTED,,,,,COMPUTED,COMPUTED_SELECTION_SIGNAL_NOT_GROUND_TRUTH,"OpenCV image/motion heuristics only; vehicle_density_score and object_count_estimate are moving-region proxies, not detections; event_likelihood is not ground truth violation."
interrupted_2026-09-17_C213,data/clips/interrupted_2026-09-17_C213.mp4,interrupted_2026-09-17,NUGc3nLuGsI,UNRESOLVED,23320.0,23440.0,120.0,30.0,1920,1080,h264,2400c5fa6096d00236d36bd5623e83b2c0d62f4fb76f4ced65f6c5b17ff46cbc,PASS,WARNING,12,0.048838,6.545,NOT_INFERRED_NO_DETECTOR,0.111957,0.139646,0.331960,0.160133,0.092118,0.048838,0.454545,0.251075,0.876263,0.321977,0.165771,0.000000,0.545455,0.192808,SMALL_FAR,0.352435,0.158869,LOW,0.224035,239,358,358,NO,NOT_SELECTED,,,,,COMPUTED,COMPUTED_SELECTION_SIGNAL_NOT_GROUND_TRUTH,"OpenCV image/motion heuristics only; vehicle_density_score and object_count_estimate are moving-region proxies, not detections; event_likelihood is not ground truth violation."
interrupted_2026-09-17_C214,data/clips/interrupted_2026-09-17_C214.mp4,interrupted_2026-09-17,NUGc3nLuGsI,UNRESOLVED,23430.0,23550.0,120.0,30.0,1920,1080,h264,4cb8641f85b79951a1b635852efdd9dded56dfd98ba9f1da91f9306af7f2526e,PASS,WARNING,12,0.062412,6.636,NOT_INFERRED_NO_DETECTOR,0.140763,0.162644,0.333094,0.156352,0.088181,0.062412,0.727273,0.193912,0.858081,0.332252,0.229149,0.000000,0.553030,0.209573,SMALL_FAR,0.362319,0.227826,LOW,0.248932,156,248,248,YES,SELECTED,source_coverage=interrupted_2026-09-17; event_likelihood=LOW; hardcase=SMALL_FAR; diversity_aware_rank; selection_signal_only_not_ground_truth,PENDING,,,COMPUTED,COMPUTED_SELECTION_SIGNAL_NOT_GROUND_TRUTH,"OpenCV image/motion heuristics only; vehicle_density_score and object_count_estimate are moving-region proxies, not detections; event_likelihood is not ground truth violation."
interrupted_2026-09-17_C215,data/clips/interrupted_2026-09-17_C215.mp4,interrupted_2026-09-17,NUGc3nLuGsI,UNRESOLVED,23540.0,23660.0,120.0,30.0,1920,1080,h264,1bb17097fdd2ffb8b8526ea7a8ed4cfa1be430e6397fa08447d2276fab64b849,PASS,WARNING,12,0.116383,8.455,NOT_INFERRED_NO_DETECTOR,0.201502,0.402749,0.327424,0.175255,0.111323,0.116383,0.818182,0.217273,0.849060,0.439872,0.253176,0.000000,0.704545,0.507414,SMALL_FAR|CROWDED,0.441000,0.285832,MEDIUM,0.306819,77,147,147,NO,NOT_SELECTED,,,,,COMPUTED,COMPUTED_SELECTION_SIGNAL_NOT_GROUND_TRUTH,"OpenCV image/motion heuristics only; vehicle_density_score and object_count_estimate are moving-region proxies, not detections; event_likelihood is not ground truth violation."
interrupted_2026-09-17_C216,data/clips/interrupted_2026-09-17_C216.mp4,interrupted_2026-09-17,NUGc3nLuGsI,UNRESOLVED,23650.0,23770.0,120.0,30.0,1920,1080,h264,e7003f781e78b324b13d69179ef0e08aed5eac60f9d8254e076f02d3098e6049,PASS,WARNING,12,0.198889,10.182,NOT_INFERRED_NO_DETECTOR,0.282533,0.379052,0.331545,0.161516,0.153169,0.198889,0.909091,0.390866,0.754856,0.556167,0.239499,0.000000,0.848485,0.468678,SMALL_FAR|CROWDED,0.455418,0.362386,HIGH,0.383979,39,83,83,NO,NOT_SELECTED,,,,,COMPUTED,COMPUTED_SELECTION_SIGNAL_NOT_GROUND_TRUTH,"OpenCV image/motion heuristics only; vehicle_density_score and object_count_estimate are moving-region proxies, not detections; event_likelihood is not ground truth violation."
interrupted_2026-09-17_C217,data/clips/interrupted_2026-09-17_C217.mp4,interrupted_2026-09-17,NUGc3nLuGsI,UNRESOLVED,23760.0,23880.0,120.0,30.0,1920,1080,h264,2903e415972f2e36c897785440beaa311ae6f639afc43ae9576de18d2ae41dd1,PASS,WARNING,12,0.069924,7.000,NOT_INFERRED_NO_DETECTOR,0.150440,0.171704,0.327986,0.173381,0.106621,0.069924,0.909091,0.146402,0.829723,0.352299,0.189542,0.000000,0.583333,0.204815,SMALL_FAR,0.360457,0.274494,MEDIUM,0.260621,130,215,215,NO,NOT_SELECTED,,,,,COMPUTED,COMPUTED_SELECTION_SIGNAL_NOT_GROUND_TRUTH,"OpenCV image/motion heuristics only; vehicle_density_score and object_count_estimate are moving-region proxies, not detections; event_likelihood is not ground truth violation."
interrupted_2026-09-17_C218,data/clips/interrupted_2026-09-17_C218.mp4,interrupted_2026-09-17,NUGc3nLuGsI,UNRESOLVED,23870.0,23990.0,120.0,30.0,1920,1080,h264,dbf0830f5734d0c1ec85773fc16450442aff609e433f1fd12a00117b43f5870b,PASS,WARNING,12,0.117677,5.000,NOT_INFERRED_NO_DETECTOR,0.218088,0.475169,0.330673,0.164424,0.147242,0.117677,0.636364,0.256169,0.703788,0.282121,0.300505,0.000000,0.416667,0.531304,SMALL_FAR,0.355115,0.259034,MEDIUM,0.280508,98,176,176,NO,NOT_SELECTED,,,,,COMPUTED,COMPUTED_SELECTION_SIGNAL_NOT_GROUND_TRUTH,"OpenCV image/motion heuristics only; vehicle_density_score and object_count_estimate are moving-region proxies, not detections; event_likelihood is not ground truth violation."
interrupted_2026-09-17_C219,data/clips/interrupted_2026-09-17_C219.mp4,interrupted_2026-09-17,NUGc3nLuGsI,UNRESOLVED,23980.0,24100.0,120.0,30.0,1920,1080,h264,a0203830cffe1c60a23d8bce79a723542e415db96f4cc7f69de0550017300566,PASS,WARNING,12,0.059053,6.000,NOT_INFERRED_NO_DETECTOR,0.127133,0.154485,0.330173,0.166091,0.083354,0.059053,0.727273,0.209215,0.858586,0.301574,0.219697,0.000000,0.500000,0.218544,SMALL_FAR,0.350358,0.222135,LOW,0.244312,171,267,267,NO,NOT_SELECTED,,,,,COMPUTED,COMPUTED_SELECTION_SIGNAL_NOT_GROUND_TRUTH,"OpenCV image/motion heuristics only; vehicle_density_score and object_count_estimate are moving-region proxies, not detections; event_likelihood is not ground truth violation."
interrupted_2026-09-17_C220,data/clips/interrupted_2026-09-17_C220.mp4,interrupted_2026-09-17,NUGc3nLuGsI,UNRESOLVED,24090.0,24210.0,120.0,30.0,1920,1080,h264,9a701c3b7ccec236f15cb422f97b19fdd4eadf9775894bc45f6b13ed78d6e0c6,PASS,WARNING,12,0.086070,5.636,NOT_INFERRED_NO_DETECTOR,0.163010,0.274400,0.330828,0.163906,0.124989,0.086070,0.818182,0.136845,0.760744,0.297065,0.230785,0.000000,0.469697,0.335105,SMALL_FAR,0.342588,0.267593,MEDIUM,0.252507,143,233,233,NO,NOT_SELECTED,,,,,COMPUTED,COMPUTED_SELECTION_SIGNAL_NOT_GROUND_TRUTH,"OpenCV image/motion heuristics only; vehicle_density_score and object_count_estimate are moving-region proxies, not detections; event_likelihood is not ground truth violation."
interrupted_2026-09-17_C221,data/clips/interrupted_2026-09-17_C221.mp4,interrupted_2026-09-17,NUGc3nLuGsI,UNRESOLVED,24200.0,24320.0,120.0,30.0,1920,1080,h264,9515b74725a0d47532bbe120a667ace307c2a729d877cafd779955ff4bf9ff94,PASS,WARNING,12,0.066695,5.545,NOT_INFERRED_NO_DETECTOR,0.150937,0.224598,0.329669,0.167770,0.132746,0.066695,0.636364,0.185551,0.857720,0.284179,0.381726,0.000000,0.462121,0.251828,SMALL_FAR,0.368552,0.220960,LOW,0.247509,159,251,251,YES,SELECTED,source_coverage=interrupted_2026-09-17; event_likelihood=LOW; hardcase=SMALL_FAR; diversity_aware_rank; selection_signal_only_not_ground_truth,PENDING,,,COMPUTED,COMPUTED_SELECTION_SIGNAL_NOT_GROUND_TRUTH,"OpenCV image/motion heuristics only; vehicle_density_score and object_count_estimate are moving-region proxies, not detections; event_likelihood is not ground truth violation."
interrupted_2026-09-17_C222,data/clips/interrupted_2026-09-17_C222.mp4,interrupted_2026-09-17,NUGc3nLuGsI,UNRESOLVED,24310.0,24430.0,120.0,30.0,1920,1080,h264,6d031ca1bc966f495e65e53745aa9e1f9fb7d429b198460aff05911e50f664c3,PASS,WARNING,12,0.048119,4.909,NOT_INFERRED_NO_DETECTOR,0.133610,0.137838,0.326746,0.177515,0.126942,0.048119,0.636364,0.225825,0.862771,0.246653,0.322944,0.000000,0.409091,0.181252,SMALL_FAR,0.339999,0.208921,LOW,0.239628,186,286,286,NO,NOT_SELECTED,,,,,COMPUTED,COMPUTED_SELECTION_SIGNAL_NOT_GROUND_TRUTH,"OpenCV image/motion heuristics only; vehicle_density_score and object_count_estimate are moving-region proxies, not detections; event_likelihood is not ground truth violation."
interrupted_2026-09-17_C223,data/clips/interrupted_2026-09-17_C223.mp4,interrupted_2026-09-17,NUGc3nLuGsI,UNRESOLVED,24420.0,24540.0,120.0,30.0,1920,1080,h264,fb80a4048745b303df4437bc9e8c44075c120254cd8c8e4aecc10379025f99ce,PASS,WARNING,12,0.154634,8.182,NOT_INFERRED_NO_DETECTOR,0.250766,0.454917,0.332528,0.158241,0.174604,0.154634,0.909091,0.376231,0.819336,0.444585,0.248160,0.000000,0.681818,0.538728,SMALL_FAR|CROWDED,0.434027,0.342620,MEDIUM,0.363241,50,99,99,NO,NOT_SELECTED,,,,,COMPUTED,COMPUTED_SELECTION_SIGNAL_NOT_GROUND_TRUTH,"OpenCV image/motion heuristics only; vehicle_density_score and object_count_estimate are moving-region proxies, not detections; event_likelihood is not ground truth violation."
interrupted_2026-09-17_C224,data/clips/interrupted_2026-09-17_C224.mp4,interrupted_2026-09-17,NUGc3nLuGsI,UNRESOLVED,24530.0,24650.0,120.0,30.0,1920,1080,h264,f47de327ed9054b1997631585a4cc96fa9c8f54d9940cb8d42322f3399ee71fa,PASS,WARNING,12,0.073456,8.364,NOT_INFERRED_NO_DETECTOR,0.137200,0.195883,0.329373,0.168757,0.089358,0.073456,0.636364,0.198601,0.861661,0.416389,0.143742,0.000000,0.696970,0.213540,SMALL_FAR|CROWDED,0.387533,0.211740,LOW,0.249652,155,247,247,YES,SELECTED,source_coverage=interrupted_2026-09-17; event_likelihood=LOW; hardcase=SMALL_FAR|CROWDED; diversity_aware_rank; selection_signal_only_not_ground_truth,PENDING,,,COMPUTED,COMPUTED_SELECTION_SIGNAL_NOT_GROUND_TRUTH,"OpenCV image/motion heuristics only; vehicle_density_score and object_count_estimate are moving-region proxies, not detections; event_likelihood is not ground truth violation."
interrupted_2026-09-17_C225,data/clips/interrupted_2026-09-17_C225.mp4,interrupted_2026-09-17,NUGc3nLuGsI,UNRESOLVED,24640.0,24760.0,120.0,30.0,1920,1080,h264,9334d1186544e25e94145408e28222884d2f1fd02e17bed23b5749fdf2edb707,PASS,WARNING,12,0.104504,7.636,NOT_INFERRED_NO_DETECTOR,0.184280,0.246431,0.321122,0.196261,0.136881,0.104504,0.818182,0.145007,0.820691,0.397027,0.213302,0.000000,0.636364,0.296274,SMALL_FAR,0.390168,0.281744,MEDIUM,0.275794,108,187,187,NO,NOT_SELECTED,,,,,COMPUTED,COMPUTED_SELECTION_SIGNAL_NOT_GROUND_TRUTH,"OpenCV image/motion heuristics only; vehicle_density_score and object_count_estimate are moving-region proxies, not detections; event_likelihood is not ground truth violation."
interrupted_2026-09-17_C226,data/clips/interrupted_2026-09-17_C226.mp4,interrupted_2026-09-17,NUGc3nLuGsI,UNRESOLVED,24750.0,24870.0,120.0,30.0,1920,1080,h264,3f5f23a81f5c195f6f6f3bffea21ffcfaf534e6a5a77a6dcbc90255f2b7819da,PASS,WARNING,12,0.146203,7.000,NOT_INFERRED_NO_DETECTOR,0.264003,0.333267,0.329544,0.168187,0.184467,0.146203,0.818182,0.304690,0.760859,0.386625,0.214610,0.000000,0.583333,0.422808,SMALL_FAR,0.382016,0.326012,MEDIUM,0.330414,67,131,131,NO,NOT_SELECTED,,,,,COMPUTED,COMPUTED_SELECTION_SIGNAL_NOT_GROUND_TRUTH,"OpenCV image/motion heuristics only; vehicle_density_score and object_count_estimate are moving-region proxies, not detections; event_likelihood is not ground truth violation."
interrupted_2026-09-17_C227,data/clips/interrupted_2026-09-17_C227.mp4,interrupted_2026-09-17,NUGc3nLuGsI,UNRESOLVED,24860.0,24980.0,120.0,30.0,1920,1080,h264,d52b1c06ec8f2694eb90fdfd2baa2ee0c63f342c27a8cc2e0afda3c4600235ef,PASS,WARNING,12,0.103201,7.909,NOT_INFERRED_NO_DETECTOR,0.201184,0.228157,0.329419,0.168605,0.168902,0.103201,0.909091,0.194926,0.813627,0.408940,0.328079,0.000000,0.659091,0.276958,SMALL_FAR|CROWDED,0.405186,0.310719,MEDIUM,0.303183,81,151,151,NO,NOT_SELECTED,,,,,COMPUTED,COMPUTED_SELECTION_SIGNAL_NOT_GROUND_TRUTH,"OpenCV image/motion heuristics only; vehicle_density_score and object_count_estimate are moving-region proxies, not detections; event_likelihood is not ground truth violation."
interrupted_2026-09-17_C228,data/clips/interrupted_2026-09-17_C228.mp4,interrupted_2026-09-17,NUGc3nLuGsI,UNRESOLVED,24970.0,25090.0,120.0,30.0,1920,1080,h264,95f4c65778ce863d3580686d62eddc5121b0fd23c89406f4ce80479db5f40523,PASS,WARNING,12,0.058595,6.091,NOT_INFERRED_NO_DETECTOR,0.142529,0.188863,0.334102,0.152994,0.116822,0.058595,0.636364,0.181063,0.837773,0.305535,0.188091,0.000000,0.507576,0.257580,SMALL_FAR,0.347328,0.213070,LOW,0.236436,198,303,303,NO,NOT_SELECTED,,,,,COMPUTED,COMPUTED_SELECTION_SIGNAL_NOT_GROUND_TRUTH,"OpenCV image/motion heuristics only; vehicle_density_score and object_count_estimate are moving-region proxies, not detections; event_likelihood is not ground truth violation."
interrupted_2026-09-17_C229,data/clips/interrupted_2026-09-17_C229.mp4,interrupted_2026-09-17,NUGc3nLuGsI,UNRESOLVED,25080.0,25200.0,120.0,30.0,1920,1080,h264,b6efb5d31e7e9bcaef687ea2428bcab602d0b62a395b045e1f87c6578fc83a68,PASS,WARNING,12,0.070988,4.636,NOT_INFERRED_NO_DETECTOR,0.130615,0.198593,0.330954,0.163486,0.111225,0.070988,0.636364,0.169555,0.830808,0.244445,0.164141,0.000000,0.386364,0.263520,SMALL_FAR,0.316537,0.213059,LOW,0.224309,237,356,356,NO,NOT_SELECTED,,,,,COMPUTED,COMPUTED_SELECTION_SIGNAL_NOT_GROUND_TRUTH,"OpenCV image/motion heuristics only; vehicle_density_score and object_count_estimate are moving-region proxies, not detections; event_likelihood is not ground truth violation."
interrupted_2026-09-17_C230,data/clips/interrupted_2026-09-17_C230.mp4,interrupted_2026-09-17,NUGc3nLuGsI,UNRESOLVED,25190.0,25310.0,120.0,30.0,1920,1080,h264,60e5163215aceadc671259427befde9cd3c1f94a68e2527c3428614321632100,PASS,WARNING,12,0.057055,5.545,NOT_INFERRED_NO_DETECTOR,0.160087,0.211649,0.328599,0.171338,0.151511,0.057055,0.909091,0.168550,0.790404,0.279841,0.273990,0.000000,0.462121,0.254642,SMALL_FAR,0.341439,0.280803,MEDIUM,0.263090,125,210,210,NO,NOT_SELECTED,,,,,COMPUTED,COMPUTED_SELECTION_SIGNAL_NOT_GROUND_TRUTH,"OpenCV image/motion heuristics only; vehicle_density_score and object_count_estimate are moving-region proxies, not detections; event_likelihood is not ground truth violation."
interrupted_2026-09-17_C231,data/clips/interrupted_2026-09-17_C231.mp4,interrupted_2026-09-17,NUGc3nLuGsI,UNRESOLVED,25300.0,25420.0,120.0,30.0,1920,1080,h264,4719f8bafea9fac7bb6af22fcac45861fa0b0afb4ff8c302ff6e10c521d03e42,PASS,WARNING,12,0.144473,8.455,NOT_INFERRED_NO_DETECTOR,0.217699,0.280847,0.326361,0.178795,0.137094,0.144473,0.909091,0.227850,0.781469,0.452513,0.274388,0.000000,0.704545,0.343160,SMALL_FAR|CROWDED,0.414216,0.323485,MEDIUM,0.318981,73,139,139,NO,NOT_SELECTED,,,,,COMPUTED,COMPUTED_SELECTION_SIGNAL_NOT_GROUND_TRUTH,"OpenCV image/motion heuristics only; vehicle_density_score and object_count_estimate are moving-region proxies, not detections; event_likelihood is not ground truth violation."
interrupted_2026-09-17_C232,data/clips/interrupted_2026-09-17_C232.mp4,interrupted_2026-09-17,NUGc3nLuGsI,UNRESOLVED,25410.0,25530.0,120.0,30.0,1920,1080,h264,d5232e031cfb1b327ed5c811f660326c5faf70d32c45ed097e9b4163b2c8e530,PASS,WARNING,12,0.051891,5.545,NOT_INFERRED_NO_DETECTOR,0.139651,0.168095,0.327293,0.175689,0.119777,0.051891,0.818182,0.182676,0.850649,0.277518,0.245851,0.000000,0.462121,0.211437,SMALL_FAR,0.343269,0.248727,MEDIUM,0.250220,151,243,243,NO,NOT_SELECTED,,,,,COMPUTED,COMPUTED_SELECTION_SIGNAL_NOT_GROUND_TRUTH,"OpenCV image/motion heuristics only; vehicle_density_score and object_count_estimate are moving-region proxies, not detections; event_likelihood is not ground truth violation."
interrupted_2026-09-17_C233,data/clips/interrupted_2026-09-17_C233.mp4,interrupted_2026-09-17,NUGc3nLuGsI,UNRESOLVED,25520.0,25640.0,120.0,30.0,1920,1080,h264,451d963949c536946b2ea8fb04d1362607fe48aafcecc6b9262ef384f133442e,PASS,WARNING,12,0.129839,6.364,NOT_INFERRED_NO_DETECTOR,0.181389,0.296913,0.328872,0.170426,0.121203,0.129839,0.818182,0.135203,0.731674,0.350094,0.301551,0.000000,0.530303,0.235730,SMALL_FAR,0.353110,0.286755,MEDIUM,0.265411,122,206,206,NO,NOT_SELECTED,,,,,COMPUTED,COMPUTED_SELECTION_SIGNAL_NOT_GROUND_TRUTH,"OpenCV image/motion heuristics only; vehicle_density_score and object_count_estimate are moving-region proxies, not detections; event_likelihood is not ground truth violation."
interrupted_2026-09-17_C234,data/clips/interrupted_2026-09-17_C234.mp4,interrupted_2026-09-17,NUGc3nLuGsI,UNRESOLVED,25630.0,25750.0,120.0,30.0,1920,1080,h264,21e97afab02254a3eeeac530b56cf72cc1e7eed68011e84cd97932b88a3e867c,PASS,WARNING,12,0.096866,8.273,NOT_INFERRED_NO_DETECTOR,0.161874,0.223361,0.330788,0.164041,0.106485,0.096866,0.909091,0.102529,0.747336,0.422756,0.126457,0.000000,0.689394,0.289844,SMALL_FAR|CROWDED,0.372899,0.286717,MEDIUM,0.262713,126,211,211,NO,NOT_SELECTED,,,,,COMPUTED,COMPUTED_SELECTION_SIGNAL_NOT_GROUND_TRUTH,"OpenCV image/motion heuristics only; vehicle_density_score and object_count_estimate are moving-region proxies, not detections; event_likelihood is not ground truth violation."
interrupted_2026-09-17_C235,data/clips/interrupted_2026-09-17_C235.mp4,interrupted_2026-09-17,NUGc3nLuGsI,UNRESOLVED,25740.0,25860.0,120.0,30.0,1920,1080,h264,c16577a4d9eb671c1d51d108970bbec6003b2e259088ae6be627126d30285e7f,PASS,WARNING,12,0.053412,6.000,NOT_INFERRED_NO_DETECTOR,0.115416,0.140549,0.331822,0.160595,0.085655,0.053412,0.636364,0.224228,0.873377,0.299036,0.154978,0.000000,0.500000,0.158371,SMALL_FAR,0.335834,0.198377,LOW,0.231563,216,327,327,NO,NOT_SELECTED,,,,,COMPUTED,COMPUTED_SELECTION_SIGNAL_NOT_GROUND_TRUTH,"OpenCV image/motion heuristics only; vehicle_density_score and object_count_estimate are moving-region proxies, not detections; event_likelihood is not ground truth violation."
interrupted_2026-09-17_C236,data/clips/interrupted_2026-09-17_C236.mp4,interrupted_2026-09-17,NUGc3nLuGsI,UNRESOLVED,25850.0,25970.0,120.0,30.0,1920,1080,h264,dd37e273348e95d172ab86648916dbbffcefd38662cec4195c4abd370c71d5b2,PASS,WARNING,12,0.060660,7.545,NOT_INFERRED_NO_DETECTOR,0.131543,0.158302,0.334662,0.151126,0.101348,0.060660,0.818182,0.183994,0.865803,0.373130,0.185534,0.000000,0.628788,0.205661,SMALL_FAR,0.374455,0.246202,MEDIUM,0.257156,134,220,220,NO,NOT_SELECTED,,,,,COMPUTED,COMPUTED_SELECTION_SIGNAL_NOT_GROUND_TRUTH,"OpenCV image/motion heuristics only; vehicle_density_score and object_count_estimate are moving-region proxies, not detections; event_likelihood is not ground truth violation."
interrupted_2026-09-17_C237,data/clips/interrupted_2026-09-17_C237.mp4,interrupted_2026-09-17,NUGc3nLuGsI,UNRESOLVED,25960.0,26080.0,120.0,30.0,1920,1080,h264,7649d0b4127d93c14965580952359d92a61aa0bc196874546ea191c8bde5c743,PASS,WARNING,12,0.082323,5.364,NOT_INFERRED_NO_DETECTOR,0.139529,0.190434,0.330367,0.165444,0.096972,0.082323,0.727273,0.146112,0.719372,0.282879,0.239177,0.000000,0.446970,0.257932,SMALL_FAR,0.321586,0.235845,LOW,0.232143,212,323,323,NO,NOT_SELECTED,,,,,COMPUTED,COMPUTED_SELECTION_SIGNAL_NOT_GROUND_TRUTH,"OpenCV image/motion heuristics only; vehicle_density_score and object_count_estimate are moving-region proxies, not detections; event_likelihood is not ground truth violation."
interrupted_2026-09-17_C238,data/clips/interrupted_2026-09-17_C238.mp4,interrupted_2026-09-17,NUGc3nLuGsI,UNRESOLVED,26070.0,26190.0,120.0,30.0,1920,1080,h264,df0abbb1483427aec68c74136027ecd315f0aa4a65826e61114f4f6f4a1ae19b,PASS,WARNING,12,0.122926,8.000,NOT_INFERRED_NO_DETECTOR,0.199002,0.327429,0.326085,0.179716,0.119708,0.122926,0.909091,0.188743,0.766873,0.421983,0.209937,0.000000,0.666667,0.412463,SMALL_FAR|CROWDED,0.400640,0.307982,MEDIUM,0.299386,83,153,153,NO,NOT_SELECTED,,,,,COMPUTED,COMPUTED_SELECTION_SIGNAL_NOT_GROUND_TRUTH,"OpenCV image/motion heuristics only; vehicle_density_score and object_count_estimate are moving-region proxies, not detections; event_likelihood is not ground truth violation."
interrupted_2026-09-17_C239,data/clips/interrupted_2026-09-17_C239.mp4,interrupted_2026-09-17,NUGc3nLuGsI,UNRESOLVED,26180.0,26300.0,120.0,30.0,1920,1080,h264,69c1573aaf79168a6a444cffeecb25fde1dbc1408dfef466a1d62170398a5dc6,PASS,WARNING,12,0.144855,8.273,NOT_INFERRED_NO_DETECTOR,0.237510,0.294692,0.325504,0.181652,0.129119,0.144855,0.909091,0.232876,0.755013,0.444351,0.215839,0.000000,0.689394,0.412350,SMALL_FAR|CROWDED,0.406279,0.327529,MEDIUM,0.321739,71,137,137,NO,NOT_SELECTED,,,,,COMPUTED,COMPUTED_SELECTION_SIGNAL_NOT_GROUND_TRUTH,"OpenCV image/motion heuristics only; vehicle_density_score and object_count_estimate are moving-region proxies, not detections; event_likelihood is not ground truth violation."
interrupted_2026-09-17_C240,data/clips/interrupted_2026-09-17_C240.mp4,interrupted_2026-09-17,NUGc3nLuGsI,UNRESOLVED,26290.0,26410.0,120.0,30.0,1920,1080,h264,3b65d48fb4d36e6ddce1d3c9eec82499d3d0fc6743343773ba7d6bce1a4625e8,PASS,WARNING,12,0.084650,6.727,NOT_INFERRED_NO_DETECTOR,0.159108,0.175269,0.322024,0.193253,0.108812,0.084650,0.818182,0.145534,0.834235,0.346426,0.236111,0.000000,0.560606,0.206494,SMALL_FAR,0.365519,0.263144,MEDIUM,0.258155,133,218,218,NO,NOT_SELECTED,,,,,COMPUTED,COMPUTED_SELECTION_SIGNAL_NOT_GROUND_TRUTH,"OpenCV image/motion heuristics only; vehicle_density_score and object_count_estimate are moving-region proxies, not detections; event_likelihood is not ground truth violation."
interrupted_2026-09-17_C241,data/clips/interrupted_2026-09-17_C241.mp4,interrupted_2026-09-17,NUGc3nLuGsI,UNRESOLVED,26400.0,26520.0,120.0,30.0,1920,1080,h264,50431a844078c84675304db0808440ddf4f169c2f4ccea7f5d27765540fc4df4,PASS,WARNING,12,0.086913,8.545,NOT_INFERRED_NO_DETECTOR,0.195792,0.304415,0.319946,0.200180,0.158449,0.086913,0.909091,0.233286,0.869835,0.430777,0.217588,0.000000,0.712121,0.348819,SMALL_FAR|CROWDED,0.423157,0.301844,MEDIUM,0.310745,76,143,143,NO,NOT_SELECTED,,,,,COMPUTED,COMPUTED_SELECTION_SIGNAL_NOT_GROUND_TRUTH,"OpenCV image/motion heuristics only; vehicle_density_score and object_count_estimate are moving-region proxies, not detections; event_likelihood is not ground truth violation."
interrupted_2026-09-17_C242,data/clips/interrupted_2026-09-17_C242.mp4,interrupted_2026-09-17,NUGc3nLuGsI,UNRESOLVED,26510.0,26630.0,120.0,30.0,1920,1080,h264,37cd3d2952d022ff63be1d886b7ea0af8d3990a0df240b57197ed48cfdf91e69,PASS,WARNING,12,0.083033,6.636,NOT_INFERRED_NO_DETECTOR,0.165196,0.274548,0.321194,0.196020,0.110332,0.083033,0.818182,0.155277,0.873882,0.341532,0.245527,0.000000,0.553030,0.337968,SMALL_FAR,0.388130,0.264512,MEDIUM,0.267545,120,203,203,NO,NOT_SELECTED,,,,,COMPUTED,COMPUTED_SELECTION_SIGNAL_NOT_GROUND_TRUTH,"OpenCV image/motion heuristics only; vehicle_density_score and object_count_estimate are moving-region proxies, not detections; event_likelihood is not ground truth violation."
interrupted_2026-09-17_C243,data/clips/interrupted_2026-09-17_C243.mp4,interrupted_2026-09-17,NUGc3nLuGsI,UNRESOLVED,26620.0,26740.0,120.0,30.0,1920,1080,h264,fc5ae0e1ace530b8755333e66adca1634c6e9bd2af5483a8255a6eff636b6bfe,PASS,WARNING,12,0.133576,8.091,NOT_INFERRED_NO_DETECTOR,0.217831,0.328746,0.315840,0.213866,0.141231,0.133576,0.818182,0.241338,0.787111,0.430943,0.310990,0.000000,0.674242,0.352156,SMALL_FAR|CROWDED,0.417075,0.301470,MEDIUM,0.312979,75,141,141,NO,NOT_SELECTED,,,,,COMPUTED,COMPUTED_SELECTION_SIGNAL_NOT_GROUND_TRUTH,"OpenCV image/motion heuristics only; vehicle_density_score and object_count_estimate are moving-region proxies, not detections; event_likelihood is not ground truth violation."
interrupted_2026-09-17_C244,data/clips/interrupted_2026-09-17_C244.mp4,interrupted_2026-09-17,NUGc3nLuGsI,UNRESOLVED,26730.0,26850.0,120.0,30.0,1920,1080,h264,f65d54ec352dd2c478c475714f4eb43fad872f5d0c80ed3e8c50f57d63f43ddf,PASS,WARNING,12,0.100578,7.455,NOT_INFERRED_NO_DETECTOR,0.175743,0.203527,0.321471,0.195097,0.118501,0.100578,0.909091,0.121387,0.777639,0.386927,0.147686,0.000000,0.621212,0.298721,SMALL_FAR,0.369571,0.293886,MEDIUM,0.269851,116,199,199,NO,NOT_SELECTED,,,,,COMPUTED,COMPUTED_SELECTION_SIGNAL_NOT_GROUND_TRUTH,"OpenCV image/motion heuristics only; vehicle_density_score and object_count_estimate are moving-region proxies, not detections; event_likelihood is not ground truth violation."
interrupted_2026-09-17_C245,data/clips/interrupted_2026-09-17_C245.mp4,interrupted_2026-09-17,NUGc3nLuGsI,UNRESOLVED,26840.0,26960.0,120.0,30.0,1920,1080,h264,53be3d0e273e396299d720c2d44378a2b57f90906da5c3a05750c3bc4781a318,PASS,WARNING,12,0.095473,7.455,NOT_INFERRED_NO_DETECTOR,0.171640,0.177718,0.321590,0.194701,0.123294,0.095473,0.909091,0.146473,0.820274,0.384630,0.220274,0.000000,0.621212,0.233954,SMALL_FAR,0.379274,0.291906,MEDIUM,0.275759,109,188,188,NO,NOT_SELECTED,,,,,COMPUTED,COMPUTED_SELECTION_SIGNAL_NOT_GROUND_TRUTH,"OpenCV image/motion heuristics only; vehicle_density_score and object_count_estimate are moving-region proxies, not detections; event_likelihood is not ground truth violation."
interrupted_2026-09-17_C246,data/clips/interrupted_2026-09-17_C246.mp4,interrupted_2026-09-17,NUGc3nLuGsI,UNRESOLVED,26950.0,27070.0,120.0,30.0,1920,1080,h264,9fab45fc4b07d134f832bc04e965b0e84eda4c3c9d2e0f2a35248b74202c6f5e,PASS,WARNING,12,0.061951,5.091,NOT_INFERRED_NO_DETECTOR,0.131676,0.139343,0.325837,0.180545,0.110058,0.061951,0.818182,0.181959,0.812626,0.261211,0.182323,0.000000,0.424242,0.198005,SMALL_FAR,0.318061,0.248244,MEDIUM,0.241873,178,277,277,NO,NOT_SELECTED,,,,,COMPUTED,COMPUTED_SELECTION_SIGNAL_NOT_GROUND_TRUTH,"OpenCV image/motion heuristics only; vehicle_density_score and object_count_estimate are moving-region proxies, not detections; event_likelihood is not ground truth violation."
interrupted_2026-09-17_C247,data/clips/interrupted_2026-09-17_C247.mp4,interrupted_2026-09-17,NUGc3nLuGsI,UNRESOLVED,27060.0,27180.0,120.0,30.0,1920,1080,h264,b253357c36b4edeb560c915ff93bd1dec3ac0be96e02454d5ee70aef1686bb19,PASS,WARNING,12,0.024924,3.545,NOT_INFERRED_NO_DETECTOR,0.082981,0.083650,0.326143,0.179523,0.065633,0.024924,0.454545,0.350103,0.909091,0.173716,0.248485,0.000000,0.295455,0.107117,SMALL_FAR,0.300824,0.138148,LOW,0.215229,259,385,385,NO,NOT_SELECTED,,,,,COMPUTED,COMPUTED_SELECTION_SIGNAL_NOT_GROUND_TRUTH,"OpenCV image/motion heuristics only; vehicle_density_score and object_count_estimate are moving-region proxies, not detections; event_likelihood is not ground truth violation."
interrupted_2026-09-17_C248,data/clips/interrupted_2026-09-17_C248.mp4,interrupted_2026-09-17,NUGc3nLuGsI,UNRESOLVED,27170.0,27290.0,120.0,30.0,1920,1080,h264,ed64dfbb15f9ee7fe3b762c7af0e724b159d52079bd8efe36d5342313aacc372,PASS,WARNING,12,0.069833,5.182,NOT_INFERRED_NO_DETECTOR,0.133732,0.135037,0.324790,0.184032,0.105345,0.069833,0.909091,0.159335,0.787879,0.268925,0.244048,0.000000,0.431818,0.187048,SMALL_FAR,0.323574,0.269722,MEDIUM,0.248612,157,249,249,NO,NOT_SELECTED,,,,,COMPUTED,COMPUTED_SELECTION_SIGNAL_NOT_GROUND_TRUTH,"OpenCV image/motion heuristics only; vehicle_density_score and object_count_estimate are moving-region proxies, not detections; event_likelihood is not ground truth violation."
interrupted_2026-09-17_C249,data/clips/interrupted_2026-09-17_C249.mp4,interrupted_2026-09-17,NUGc3nLuGsI,UNRESOLVED,27280.0,27400.0,120.0,30.0,1920,1080,h264,7aeabf008b49b8843764688466411e295c17aba23be4166aa37dbde153ac0be5,PASS,WARNING,12,0.050335,5.455,NOT_INFERRED_NO_DETECTOR,0.118830,0.150485,0.324592,0.184694,0.082474,0.050335,0.727273,0.216707,0.876263,0.272651,0.138889,0.000000,0.454545,0.200416,SMALL_FAR,0.330589,0.216771,LOW,0.236876,196,301,301,NO,NOT_SELECTED,,,,,COMPUTED,COMPUTED_SELECTION_SIGNAL_NOT_GROUND_TRUTH,"OpenCV image/motion heuristics only; vehicle_density_score and object_count_estimate are moving-region proxies, not detections; event_likelihood is not ground truth violation."
interrupted_2026-09-17_C250,data/clips/interrupted_2026-09-17_C250.mp4,interrupted_2026-09-17,NUGc3nLuGsI,UNRESOLVED,27390.0,27510.0,120.0,30.0,1920,1080,h264,4c6530e97fb75674214664299c197666d93304c7e0dcab63e036e171bfbafe50,PASS,WARNING,12,0.111992,9.455,NOT_INFERRED_NO_DETECTOR,0.207790,0.285089,0.318060,0.206466,0.117169,0.111992,0.909091,0.183227,0.778924,0.483730,0.153633,0.000000,0.787879,0.388192,SMALL_FAR|CROWDED,0.422727,0.306180,MEDIUM,0.304875,79,149,149,NO,NOT_SELECTED,,,,,COMPUTED,COMPUTED_SELECTION_SIGNAL_NOT_GROUND_TRUTH,"OpenCV image/motion heuristics only; vehicle_density_score and object_count_estimate are moving-region proxies, not detections; event_likelihood is not ground truth violation."
interrupted_2026-09-17_C251,data/clips/interrupted_2026-09-17_C251.mp4,interrupted_2026-09-17,NUGc3nLuGsI,UNRESOLVED,27500.0,27620.0,120.0,30.0,1920,1080,h264,ab8f7a76d1079e3a84209eccc10d78c2cc260df7cfddc51c45e57a344f820a76,PASS,WARNING,12,0.051124,6.182,NOT_INFERRED_NO_DETECTOR,0.126879,0.123621,0.317670,0.207766,0.097260,0.051124,0.909091,0.192362,0.834091,0.306339,0.129654,0.000000,0.515152,0.173684,SMALL_FAR,0.335218,0.260055,MEDIUM,0.252935,141,230,230,NO,NOT_SELECTED,,,,,COMPUTED,COMPUTED_SELECTION_SIGNAL_NOT_GROUND_TRUTH,"OpenCV image/motion heuristics only; vehicle_density_score and object_count_estimate are moving-region proxies, not detections; event_likelihood is not ground truth violation."
interrupted_2026-09-17_C252,data/clips/interrupted_2026-09-17_C252.mp4,interrupted_2026-09-17,NUGc3nLuGsI,UNRESOLVED,27610.0,27730.0,120.0,30.0,1920,1080,h264,0e2b6977f3709ba27fe8fedbdd359837b4e4b44d91d8356178ab528558914c27,PASS,WARNING,12,0.052652,5.727,NOT_INFERRED_NO_DETECTOR,0.129174,0.166731,0.319598,0.201341,0.117922,0.052652,0.818182,0.192916,0.871212,0.286193,0.162626,0.000000,0.477273,0.236377,SMALL_FAR,0.344516,0.245823,MEDIUM,0.249936,153,245,245,NO,NOT_SELECTED,,,,,COMPUTED,COMPUTED_SELECTION_SIGNAL_NOT_GROUND_TRUTH,"OpenCV image/motion heuristics only; vehicle_density_score and object_count_estimate are moving-region proxies, not detections; event_likelihood is not ground truth violation."
interrupted_2026-09-17_C253,data/clips/interrupted_2026-09-17_C253.mp4,interrupted_2026-09-17,NUGc3nLuGsI,UNRESOLVED,27720.0,27840.0,120.0,30.0,1920,1080,h264,8e600b7432061bd2271923364ca8193ccb79346dd11babb65bd39ae8ed06700e,PASS,WARNING,12,0.130237,6.000,NOT_INFERRED_NO_DETECTOR,0.218687,0.325682,0.316661,0.211132,0.149481,0.130237,0.818182,0.212610,0.661189,0.333607,0.256327,0.000000,0.500000,0.443982,SMALL_FAR,0.355996,0.302051,MEDIUM,0.291053,91,165,165,NO,NOT_SELECTED,,,,,COMPUTED,COMPUTED_SELECTION_SIGNAL_NOT_GROUND_TRUTH,"OpenCV image/motion heuristics only; vehicle_density_score and object_count_estimate are moving-region proxies, not detections; event_likelihood is not ground truth violation."
interrupted_2026-09-17_C254,data/clips/interrupted_2026-09-17_C254.mp4,interrupted_2026-09-17,NUGc3nLuGsI,UNRESOLVED,27830.0,27950.0,120.0,30.0,1920,1080,h264,23c8e5f41267b75145b049e3842768d9ab8869180acb79b067322435a829624b,PASS,WARNING,12,0.154609,7.909,NOT_INFERRED_NO_DETECTOR,0.238700,0.363743,0.318832,0.203893,0.135317,0.154609,0.818182,0.277570,0.794852,0.432074,0.232362,0.000000,0.659091,0.470563,SMALL_FAR|CROWDED,0.418406,0.313191,MEDIUM,0.327300,69,134,134,NO,NOT_SELECTED,,,,,COMPUTED,COMPUTED_SELECTION_SIGNAL_NOT_GROUND_TRUTH,"OpenCV image/motion heuristics only; vehicle_density_score and object_count_estimate are moving-region proxies, not detections; event_likelihood is not ground truth violation."
interrupted_2026-09-17_C255,data/clips/interrupted_2026-09-17_C255.mp4,interrupted_2026-09-17,NUGc3nLuGsI,UNRESOLVED,27940.0,28060.0,120.0,30.0,1920,1080,h264,aea4b67344f2e5efc4de11f45d4fa096e0e50eab10722ffbedf3eb78588d0134,PASS,WARNING,12,0.059665,5.273,NOT_INFERRED_NO_DETECTOR,0.139891,0.181163,0.315803,0.213989,0.110996,0.059665,0.545455,0.194197,0.732782,0.268516,0.245366,0.000000,0.439394,0.239911,SMALL_FAR,0.324336,0.192582,LOW,0.223441,243,363,363,NO,NOT_SELECTED,,,,,COMPUTED,COMPUTED_SELECTION_SIGNAL_NOT_GROUND_TRUTH,"OpenCV image/motion heuristics only; vehicle_density_score and object_count_estimate are moving-region proxies, not detections; event_likelihood is not ground truth violation."
interrupted_2026-09-17_C256,data/clips/interrupted_2026-09-17_C256.mp4,interrupted_2026-09-17,NUGc3nLuGsI,UNRESOLVED,28050.0,28170.0,120.0,30.0,1920,1080,h264,970133b80d4bafc193bb1966cff592204bf40842981991634640ab0bb67811b7,PASS,WARNING,12,0.082027,8.909,NOT_INFERRED_NO_DETECTOR,0.159843,0.186252,0.319925,0.200251,0.101862,0.082027,0.909091,0.155719,0.851659,0.445245,0.176335,0.000000,0.742424,0.240703,SMALL_FAR|CROWDED,0.408017,0.280291,MEDIUM,0.279178,102,181,181,NO,NOT_SELECTED,,,,,COMPUTED,COMPUTED_SELECTION_SIGNAL_NOT_GROUND_TRUTH,"OpenCV image/motion heuristics only; vehicle_density_score and object_count_estimate are moving-region proxies, not detections; event_likelihood is not ground truth violation."
interrupted_2026-09-17_C257,data/clips/interrupted_2026-09-17_C257.mp4,interrupted_2026-09-17,NUGc3nLuGsI,UNRESOLVED,28160.0,28280.0,120.0,30.0,1920,1080,h264,14edf6860fe8937676714f36c2ff6dfd95b32f045d43a1b6bcf5568275b9b9a5,PASS,WARNING,12,0.123643,5.818,NOT_INFERRED_NO_DETECTOR,0.200093,0.334592,0.317087,0.209710,0.115992,0.123643,0.636364,0.165628,0.692285,0.322306,0.192768,0.000000,0.484848,0.357234,SMALL_FAR,0.338137,0.250579,MEDIUM,0.253746,139,227,227,NO,NOT_SELECTED,,,,,COMPUTED,COMPUTED_SELECTION_SIGNAL_NOT_GROUND_TRUTH,"OpenCV image/motion heuristics only; vehicle_density_score and object_count_estimate are moving-region proxies, not detections; event_likelihood is not ground truth violation."
interrupted_2026-09-17_C258,data/clips/interrupted_2026-09-17_C258.mp4,interrupted_2026-09-17,NUGc3nLuGsI,UNRESOLVED,28270.0,28390.0,120.0,30.0,1920,1080,h264,9fd7d82d7cb5947d43df4eb8cc06635ce0bb07faffebec3b7d09823dca119d48,PASS,WARNING,12,0.033741,5.273,NOT_INFERRED_NO_DETECTOR,0.115517,0.157040,0.320039,0.199870,0.111058,0.033741,0.727273,0.221942,0.909091,0.256850,0.223810,0.000000,0.439394,0.174061,SMALL_FAR,0.342106,0.215379,LOW,0.240061,184,283,283,YES,SELECTED,source_coverage=interrupted_2026-09-17; event_likelihood=LOW; hardcase=SMALL_FAR; diversity_aware_rank; selection_signal_only_not_ground_truth,PENDING,,,COMPUTED,COMPUTED_SELECTION_SIGNAL_NOT_GROUND_TRUTH,"OpenCV image/motion heuristics only; vehicle_density_score and object_count_estimate are moving-region proxies, not detections; event_likelihood is not ground truth violation."
interrupted_2026-09-17_C259,data/clips/interrupted_2026-09-17_C259.mp4,interrupted_2026-09-17,NUGc3nLuGsI,UNRESOLVED,28380.0,28500.0,120.0,30.0,1920,1080,h264,2587cfd7c0270f908d083e477de02e0d1feb3aef6ac4f982cb31a5571aa4bcf0,PASS,WARNING,12,0.025802,4.091,NOT_INFERRED_NO_DETECTOR,0.089828,0.101111,0.321995,0.193351,0.095094,0.025802,0.363636,0.302160,0.909091,0.199111,0.308658,0.000000,0.340909,0.138573,SMALL_FAR,0.325233,0.126507,LOW,0.209366,269,400,400,NO,NOT_SELECTED,,,,,COMPUTED,COMPUTED_SELECTION_SIGNAL_NOT_GROUND_TRUTH,"OpenCV image/motion heuristics only; vehicle_density_score and object_count_estimate are moving-region proxies, not detections; event_likelihood is not ground truth violation."
interrupted_2026-09-17_C260,data/clips/interrupted_2026-09-17_C260.mp4,interrupted_2026-09-17,NUGc3nLuGsI,UNRESOLVED,28490.0,28610.0,120.0,30.0,1920,1080,h264,bd62da337ca474dfe6c2310dd15091ed0061290d6f24d6d29a0dcc39748dd0ef,PASS,WARNING,12,0.114744,7.182,NOT_INFERRED_NO_DETECTOR,0.196424,0.222040,0.316659,0.211138,0.109167,0.114744,0.909091,0.119807,0.752017,0.380802,0.196950,0.000000,0.598485,0.300618,SMALL_FAR,0.369194,0.302607,MEDIUM,0.275605,110,189,189,NO,NOT_SELECTED,,,,,COMPUTED,COMPUTED_SELECTION_SIGNAL_NOT_GROUND_TRUTH,"OpenCV image/motion heuristics only; vehicle_density_score and object_count_estimate are moving-region proxies, not detections; event_likelihood is not ground truth violation."
interrupted_2026-09-17_C261,data/clips/interrupted_2026-09-17_C261.mp4,interrupted_2026-09-17,NUGc3nLuGsI,UNRESOLVED,28600.0,28720.0,120.0,30.0,1920,1080,h264,fbe883a84a4c310f93c4c8c5bdf972c46fd5a2082cf0e95ced8c41f9ecfdaa74,PASS,WARNING,12,0.044372,4.273,NOT_INFERRED_NO_DETECTOR,0.115068,0.144882,0.314444,0.218519,0.089615,0.044372,0.545455,0.251246,0.838384,0.215801,0.239827,0.000000,0.356061,0.187994,SMALL_FAR,0.316078,0.176831,LOW,0.221803,250,372,372,NO,NOT_SELECTED,,,,,COMPUTED,COMPUTED_SELECTION_SIGNAL_NOT_GROUND_TRUTH,"OpenCV image/motion heuristics only; vehicle_density_score and object_count_estimate are moving-region proxies, not detections; event_likelihood is not ground truth violation."
interrupted_2026-09-17_C262,data/clips/interrupted_2026-09-17_C262.mp4,interrupted_2026-09-17,NUGc3nLuGsI,UNRESOLVED,28710.0,28830.0,120.0,30.0,1920,1080,h264,5006bf72ee7f6dd6efdc7d7c70f2d18a4c911701d1bd4b1a7aca8535ef5cb62e,PASS,WARNING,12,0.049403,5.727,NOT_INFERRED_NO_DETECTOR,0.113053,0.123252,0.316912,0.210294,0.076629,0.049403,0.636364,0.257764,0.781818,0.284732,0.158275,0.000000,0.477273,0.180728,SMALL_FAR,0.321829,0.194751,LOW,0.231871,215,326,326,NO,NOT_SELECTED,,,,,COMPUTED,COMPUTED_SELECTION_SIGNAL_NOT_GROUND_TRUTH,"OpenCV image/motion heuristics only; vehicle_density_score and object_count_estimate are moving-region proxies, not detections; event_likelihood is not ground truth violation."
interrupted_2026-09-17_C263,data/clips/interrupted_2026-09-17_C263.mp4,interrupted_2026-09-17,NUGc3nLuGsI,UNRESOLVED,28820.0,28940.0,120.0,30.0,1920,1080,h264,c80ddd731d971034fe7e356024426a93bb921c0af009ddd8f4228f6a5db35de3,PASS,WARNING,12,0.150246,7.091,NOT_INFERRED_NO_DETECTOR,0.210822,0.297487,0.317609,0.207971,0.133870,0.150246,0.818182,0.204000,0.732809,0.392611,0.210748,0.000000,0.590909,0.344976,SMALL_FAR,0.373115,0.303921,MEDIUM,0.294138,88,160,160,NO,NOT_SELECTED,,,,,COMPUTED,COMPUTED_SELECTION_SIGNAL_NOT_GROUND_TRUTH,"OpenCV image/motion heuristics only; vehicle_density_score and object_count_estimate are moving-region proxies, not detections; event_likelihood is not ground truth violation."
interrupted_2026-09-17_C264,data/clips/interrupted_2026-09-17_C264.mp4,interrupted_2026-09-17,NUGc3nLuGsI,UNRESOLVED,28930.0,29050.0,120.0,30.0,1920,1080,h264,39492993f16ea20f70739cb5d3ec69d2890de3637f291af023e28fb4ce08a84f,PASS,WARNING,12,0.069104,6.091,NOT_INFERRED_NO_DETECTOR,0.147966,0.204182,0.322338,0.192208,0.101476,0.069104,0.727273,0.149034,0.822904,0.310263,0.177502,0.000000,0.507576,0.233536,SMALL_FAR,0.344867,0.234439,LOW,0.239609,187,287,287,NO,NOT_SELECTED,,,,,COMPUTED,COMPUTED_SELECTION_SIGNAL_NOT_GROUND_TRUTH,"OpenCV image/motion heuristics only; vehicle_density_score and object_count_estimate are moving-region proxies, not detections; event_likelihood is not ground truth violation."
interrupted_2026-09-17_C265,data/clips/interrupted_2026-09-17_C265.mp4,interrupted_2026-09-17,NUGc3nLuGsI,UNRESOLVED,29040.0,29160.0,120.0,30.0,1920,1080,h264,40de37e4f086270e1a7dcfb478eedacc6729f1b01157aadd27543a7bbaa0ea5b,PASS,WARNING,12,0.088731,5.818,NOT_INFERRED_NO_DETECTOR,0.170729,0.245568,0.320685,0.197717,0.120147,0.088731,0.727273,0.138164,0.814286,0.306596,0.257395,0.000000,0.484848,0.292550,SMALL_FAR,0.357984,0.250619,MEDIUM,0.250853,148,239,239,NO,NOT_SELECTED,,,,,COMPUTED,COMPUTED_SELECTION_SIGNAL_NOT_GROUND_TRUTH,"OpenCV image/motion heuristics only; vehicle_density_score and object_count_estimate are moving-region proxies, not detections; event_likelihood is not ground truth violation."
interrupted_2026-09-17_C266,data/clips/interrupted_2026-09-17_C266.mp4,interrupted_2026-09-17,NUGc3nLuGsI,UNRESOLVED,29150.0,29270.0,120.0,30.0,1920,1080,h264,163761de75414c4fe2788c1fec8222402799a23f047dda465cd92fc06c39ae75,PASS,WARNING,12,0.105199,8.364,NOT_INFERRED_NO_DETECTOR,0.183749,0.192311,0.315077,0.216409,0.101282,0.105199,0.909091,0.123482,0.760099,0.430673,0.197782,0.000000,0.696970,0.257715,SMALL_FAR|CROWDED,0.388883,0.294520,MEDIUM,0.276862,106,185,185,NO,NOT_SELECTED,,,,,COMPUTED,COMPUTED_SELECTION_SIGNAL_NOT_GROUND_TRUTH,"OpenCV image/motion heuristics only; vehicle_density_score and object_count_estimate are moving-region proxies, not detections; event_likelihood is not ground truth violation."
interrupted_2026-09-17_C267,data/clips/interrupted_2026-09-17_C267.mp4,interrupted_2026-09-17,NUGc3nLuGsI,UNRESOLVED,29260.0,29380.0,120.0,30.0,1920,1080,h264,a103b6a45984ab3537a96edc782aaaefe6f40564de883e2f5938c8ffeb8f968b,PASS,WARNING,12,0.162532,10.182,NOT_INFERRED_NO_DETECTOR,0.236565,0.262645,0.316478,0.211741,0.124508,0.162532,0.909091,0.257814,0.785764,0.539806,0.222592,0.000000,0.848485,0.352383,SMALL_FAR|CROWDED,0.447391,0.332454,MEDIUM,0.339695,61,122,122,NO,NOT_SELECTED,,,,,COMPUTED,COMPUTED_SELECTION_SIGNAL_NOT_GROUND_TRUTH,"OpenCV image/motion heuristics only; vehicle_density_score and object_count_estimate are moving-region proxies, not detections; event_likelihood is not ground truth violation."
interrupted_2026-09-17_C268,data/clips/interrupted_2026-09-17_C268.mp4,interrupted_2026-09-17,NUGc3nLuGsI,UNRESOLVED,29370.0,29490.0,120.0,30.0,1920,1080,h264,509bf2505f6f9830f8533b9f882be3308ce65bf8189afac2921cc2e077db45bd,PASS,WARNING,12,0.068917,6.182,NOT_INFERRED_NO_DETECTOR,0.165015,0.212092,0.322418,0.191940,0.110224,0.068917,0.636364,0.154365,0.846930,0.314346,0.182556,0.000000,0.515152,0.260783,SMALL_FAR,0.354926,0.221462,LOW,0.239981,185,285,285,NO,NOT_SELECTED,,,,,COMPUTED,COMPUTED_SELECTION_SIGNAL_NOT_GROUND_TRUTH,"OpenCV image/motion heuristics only; vehicle_density_score and object_count_estimate are moving-region proxies, not detections; event_likelihood is not ground truth violation."
interrupted_2026-09-17_C269,data/clips/interrupted_2026-09-17_C269.mp4,interrupted_2026-09-17,NUGc3nLuGsI,UNRESOLVED,29480.0,29600.0,120.0,30.0,1920,1080,h264,23089e65c579d74254e30cd6936a624e88924ecd0bcb9ea27c1539d309e33fb4,PASS,WARNING,12,0.053561,5.273,NOT_INFERRED_NO_DETECTOR,0.139998,0.194768,0.334767,0.150776,0.104130,0.053561,0.545455,0.182230,0.869697,0.265769,0.284704,0.000000,0.439394,0.255049,SMALL_FAR,0.349598,0.189299,LOW,0.226994,232,347,347,NO,NOT_SELECTED,,,,,COMPUTED,COMPUTED_SELECTION_SIGNAL_NOT_GROUND_TRUTH,"OpenCV image/motion heuristics only; vehicle_density_score and object_count_estimate are moving-region proxies, not detections; event_likelihood is not ground truth violation."
interrupted_2026-09-17_C270,data/clips/interrupted_2026-09-17_C270.mp4,interrupted_2026-09-17,NUGc3nLuGsI,UNRESOLVED,29590.0,29710.0,120.0,30.0,1920,1080,h264,47ff8fb8fbc7f0dd3428561e8075ba19bb7f4788e5801d28fbe5a119790ca32b,PASS,WARNING,12,0.054953,5.727,NOT_INFERRED_NO_DETECTOR,0.148397,0.165597,0.335323,0.148923,0.116066,0.054953,0.818182,0.159780,0.800758,0.287229,0.215152,0.000000,0.477273,0.207587,SMALL_FAR,0.330636,0.251461,MEDIUM,0.244760,169,265,265,NO,NOT_SELECTED,,,,,COMPUTED,COMPUTED_SELECTION_SIGNAL_NOT_GROUND_TRUTH,"OpenCV image/motion heuristics only; vehicle_density_score and object_count_estimate are moving-region proxies, not detections; event_likelihood is not ground truth violation."
interrupted_2026-09-17_C271,data/clips/interrupted_2026-09-17_C271.mp4,interrupted_2026-09-17,NUGc3nLuGsI,UNRESOLVED,29700.0,29820.0,120.0,30.0,1920,1080,h264,38d453edeebde9a54b8ef3e8ee5738ff5f52e8a3f6def51fe135b9b8562ca4a5,PASS,WARNING,12,0.172197,6.909,NOT_INFERRED_NO_DETECTOR,0.237160,0.379454,0.327085,0.176382,0.140340,0.172197,0.818182,0.283944,0.719084,0.394155,0.343254,0.000000,0.575758,0.426190,SMALL_FAR,0.393575,0.319660,MEDIUM,0.324027,70,136,136,NO,NOT_SELECTED,,,,,COMPUTED,COMPUTED_SELECTION_SIGNAL_NOT_GROUND_TRUTH,"OpenCV image/motion heuristics only; vehicle_density_score and object_count_estimate are moving-region proxies, not detections; event_likelihood is not ground truth violation."
interrupted_2026-09-17_C272,data/clips/interrupted_2026-09-17_C272.mp4,interrupted_2026-09-17,NUGc3nLuGsI,UNRESOLVED,29810.0,29930.0,120.0,30.0,1920,1080,h264,0e97f3ce0edd7f4ee2eb6b5ef80c332bea0ae1eae28b58d65f1c995a74559f3c,PASS,WARNING,12,0.066111,4.545,NOT_INFERRED_NO_DETECTOR,0.136261,0.163552,0.336558,0.144806,0.109422,0.066111,0.636364,0.170953,0.780401,0.238083,0.393546,0.000000,0.378788,0.215081,SMALL_FAR,0.329797,0.212600,LOW,0.228758,222,336,336,NO,NOT_SELECTED,,,,,COMPUTED,COMPUTED_SELECTION_SIGNAL_NOT_GROUND_TRUTH,"OpenCV image/motion heuristics only; vehicle_density_score and object_count_estimate are moving-region proxies, not detections; event_likelihood is not ground truth violation."
interrupted_2026-09-17_C273,data/clips/interrupted_2026-09-17_C273.mp4,interrupted_2026-09-17,NUGc3nLuGsI,UNRESOLVED,29920.0,30040.0,120.0,30.0,1920,1080,h264,b36fabc014be8053465b72244e7b99ab10a6ffd891930a771c0119aaf4852ade,PASS,WARNING,12,0.099956,8.000,NOT_INFERRED_NO_DETECTOR,0.174236,0.176756,0.342876,0.123745,0.086144,0.099956,0.909091,0.129932,0.820022,0.411647,0.246356,0.000000,0.666667,0.249405,SMALL_FAR|CROWDED,0.388694,0.287444,MEDIUM,0.273857,113,194,194,NO,NOT_SELECTED,,,,,COMPUTED,COMPUTED_SELECTION_SIGNAL_NOT_GROUND_TRUTH,"OpenCV image/motion heuristics only; vehicle_density_score and object_count_estimate are moving-region proxies, not detections; event_likelihood is not ground truth violation."
interrupted_2026-09-17_C274,data/clips/interrupted_2026-09-17_C274.mp4,interrupted_2026-09-17,NUGc3nLuGsI,UNRESOLVED,30030.0,30150.0,120.0,30.0,1920,1080,h264,a35ecba9cf201e7cb05600fecfdd98682d983bed22113063578a0b9b9677842a,PASS,WARNING,12,0.081528,6.545,NOT_INFERRED_NO_DETECTOR,0.151928,0.236594,0.341341,0.128862,0.067094,0.081528,0.818182,0.145216,0.768939,0.336688,0.185606,0.000000,0.545455,0.221934,SMALL_FAR,0.338321,0.252635,MEDIUM,0.245207,168,264,264,NO,NOT_SELECTED,,,,,COMPUTED,COMPUTED_SELECTION_SIGNAL_NOT_GROUND_TRUTH,"OpenCV image/motion heuristics only; vehicle_density_score and object_count_estimate are moving-region proxies, not detections; event_likelihood is not ground truth violation."
interrupted_2026-09-17_C275,data/clips/interrupted_2026-09-17_C275.mp4,interrupted_2026-09-17,NUGc3nLuGsI,UNRESOLVED,30140.0,30260.0,120.0,30.0,1920,1080,h264,46e18c0e810d6ef4c4daae9ad1cfee39b032bc44a0c918974bd9634353cc707f,PASS,WARNING,12,0.067579,5.091,NOT_INFERRED_NO_DETECTOR,0.129665,0.156852,0.341896,0.127015,0.082734,0.067579,0.818182,0.182073,0.722511,0.263744,0.301515,0.000000,0.424242,0.198872,SMALL_FAR,0.313633,0.244697,MEDIUM,0.238923,190,293,293,NO,NOT_SELECTED,,,,,COMPUTED,COMPUTED_SELECTION_SIGNAL_NOT_GROUND_TRUTH,"OpenCV image/motion heuristics only; vehicle_density_score and object_count_estimate are moving-region proxies, not detections; event_likelihood is not ground truth violation."
interrupted_2026-09-17_C276,data/clips/interrupted_2026-09-17_C276.mp4,interrupted_2026-09-17,NUGc3nLuGsI,UNRESOLVED,30250.0,30370.0,120.0,30.0,1920,1080,h264,78dc6756f09cfa7035654121433b8bfc428547bcd97ab5671d950c2dc9a0af39,PASS,WARNING,12,0.091484,4.636,NOT_INFERRED_NO_DETECTOR,0.171114,0.278914,0.340701,0.130996,0.092620,0.091484,0.545455,0.141850,0.763287,0.253668,0.257187,0.000000,0.386364,0.303300,SMALL_FAR,0.320225,0.208522,LOW,0.223309,244,364,364,NO,NOT_SELECTED,,,,,COMPUTED,COMPUTED_SELECTION_SIGNAL_NOT_GROUND_TRUTH,"OpenCV image/motion heuristics only; vehicle_density_score and object_count_estimate are moving-region proxies, not detections; event_likelihood is not ground truth violation."
interrupted_2026-09-17_C277,data/clips/interrupted_2026-09-17_C277.mp4,interrupted_2026-09-17,NUGc3nLuGsI,UNRESOLVED,30360.0,30480.0,120.0,30.0,1920,1080,h264,36d375b6dc2bb64fd0f9cc773dd1b242f8891ebd39be21377f85a1771aadfa65,PASS,WARNING,12,0.024656,3.273,NOT_INFERRED_NO_DETECTOR,0.079246,0.079269,0.343240,0.122533,0.051235,0.024656,0.545455,0.380113,0.742424,0.161095,0.170455,0.000000,0.272727,0.110008,SMALL_FAR,0.249144,0.153547,LOW,0.212180,263,394,394,NO,NOT_SELECTED,,,,,COMPUTED,COMPUTED_SELECTION_SIGNAL_NOT_GROUND_TRUTH,"OpenCV image/motion heuristics only; vehicle_density_score and object_count_estimate are moving-region proxies, not detections; event_likelihood is not ground truth violation."
interrupted_2026-09-17_C278,data/clips/interrupted_2026-09-17_C278.mp4,interrupted_2026-09-17,NUGc3nLuGsI,UNRESOLVED,30470.0,30590.0,120.0,30.0,1920,1080,h264,6457e3b55bf703951a707c7d80837fb26070efd3e1d242bd850e73b19fbb8eee,PASS,WARNING,12,0.051443,4.545,NOT_INFERRED_NO_DETECTOR,0.114450,0.150572,0.342832,0.123894,0.068167,0.051443,0.636364,0.257463,0.626166,0.231482,0.325549,0.000000,0.378788,0.197006,,0.287331,0.194299,LOW,0.222136,249,370,370,NO,NOT_SELECTED,,,,,COMPUTED,COMPUTED_SELECTION_SIGNAL_NOT_GROUND_TRUTH,"OpenCV image/motion heuristics only; vehicle_density_score and object_count_estimate are moving-region proxies, not detections; event_likelihood is not ground truth violation."
interrupted_2026-09-17_C279,data/clips/interrupted_2026-09-17_C279.mp4,interrupted_2026-09-17,NUGc3nLuGsI,UNRESOLVED,30580.0,30700.0,120.0,30.0,1920,1080,h264,af3c97ddf26e5bff091147a9ad693a9aec6c74db2cf3567d984bacd079a5579f,PASS,WARNING,12,0.069044,5.455,NOT_INFERRED_NO_DETECTOR,0.157423,0.296040,0.340811,0.130630,0.088923,0.069044,0.727273,0.155809,0.730441,0.281070,0.223829,0.000000,0.454545,0.363218,SMALL_FAR,0.331542,0.234713,LOW,0.238348,192,296,296,YES,SELECTED,source_coverage=interrupted_2026-09-17; event_likelihood=LOW; hardcase=SMALL_FAR; diversity_aware_rank; selection_signal_only_not_ground_truth,PENDING,,,COMPUTED,COMPUTED_SELECTION_SIGNAL_NOT_GROUND_TRUTH,"OpenCV image/motion heuristics only; vehicle_density_score and object_count_estimate are moving-region proxies, not detections; event_likelihood is not ground truth violation."
interrupted_2026-09-17_C280,data/clips/interrupted_2026-09-17_C280.mp4,interrupted_2026-09-17,NUGc3nLuGsI,UNRESOLVED,30690.0,30810.0,120.0,30.0,1920,1080,h264,1a322c63551b4b89b4598dfccb14f288bb125e613b1bc05b69081ab8c6adaf63,PASS,WARNING,12,0.050581,3.455,NOT_INFERRED_NO_DETECTOR,0.106759,0.215575,0.340874,0.130419,0.049636,0.050581,0.454545,0.306747,0.555195,0.181095,0.177489,0.000000,0.287879,0.243341,,0.238440,0.150411,LOW,0.197961,288,420,420,NO,NOT_SELECTED,,,,,COMPUTED,COMPUTED_SELECTION_SIGNAL_NOT_GROUND_TRUTH,"OpenCV image/motion heuristics only; vehicle_density_score and object_count_estimate are moving-region proxies, not detections; event_likelihood is not ground truth violation."
interrupted_2026-09-17_C281,data/clips/interrupted_2026-09-17_C281.mp4,interrupted_2026-09-17,NUGc3nLuGsI,UNRESOLVED,30800.0,30920.0,120.0,30.0,1920,1080,h264,28a843b494f13bcd1ab9fb425c10576211b01b2eae2dd82ad840c4e15462bb38,PASS,WARNING,12,0.048071,6.091,NOT_INFERRED_NO_DETECTOR,0.108838,0.107423,0.341746,0.127515,0.057768,0.048071,0.727273,0.262501,0.842172,0.300799,0.147186,0.000000,0.507576,0.144784,SMALL_FAR,0.325646,0.208856,LOW,0.239211,188,291,291,NO,NOT_SELECTED,,,,,COMPUTED,COMPUTED_SELECTION_SIGNAL_NOT_GROUND_TRUTH,"OpenCV image/motion heuristics only; vehicle_density_score and object_count_estimate are moving-region proxies, not detections; event_likelihood is not ground truth violation."
interrupted_2026-09-17_C282,data/clips/interrupted_2026-09-17_C282.mp4,interrupted_2026-09-17,NUGc3nLuGsI,UNRESOLVED,30910.0,31030.0,120.0,30.0,1920,1080,h264,b61834344cc099576923dd295f59b3073730766f2ec10417469f1faae0296353,PASS,WARNING,12,0.021360,3.182,NOT_INFERRED_NO_DETECTOR,0.068039,0.060252,0.343199,0.122671,0.035639,0.021360,0.272727,0.424984,0.818182,0.155446,0.341991,0.000000,0.265152,0.090364,SMALL_FAR,0.282449,0.089321,LOW,0.201262,282,414,414,NO,NOT_SELECTED,,,,,COMPUTED,COMPUTED_SELECTION_SIGNAL_NOT_GROUND_TRUTH,"OpenCV image/motion heuristics only; vehicle_density_score and object_count_estimate are moving-region proxies, not detections; event_likelihood is not ground truth violation."
interrupted_2026-09-17_C283,data/clips/interrupted_2026-09-17_C283.mp4,interrupted_2026-09-17,NUGc3nLuGsI,UNRESOLVED,31020.0,31140.0,120.0,30.0,1920,1080,h264,1c57cf8d341d8cee1f498014e15c7830b70fc5f727cc5e839b82b1684b3bd98d,PASS,WARNING,12,0.039700,3.636,NOT_INFERRED_NO_DETECTOR,0.088238,0.151624,0.343451,0.121829,0.045899,0.039700,0.272727,0.343591,0.782828,0.184532,0.300577,0.000000,0.303030,0.190961,SMALL_FAR,0.292407,0.102857,LOW,0.197509,289,421,421,NO,NOT_SELECTED,,,,,COMPUTED,COMPUTED_SELECTION_SIGNAL_NOT_GROUND_TRUTH,"OpenCV image/motion heuristics only; vehicle_density_score and object_count_estimate are moving-region proxies, not detections; event_likelihood is not ground truth violation."
interrupted_2026-09-17_C284,data/clips/interrupted_2026-09-17_C284.mp4,interrupted_2026-09-17,NUGc3nLuGsI,UNRESOLVED,31130.0,31250.0,120.0,30.0,1920,1080,h264,1303022a655abaf78916dfce95c02edc2cb75390c6e710901d677732576bf14d,PASS,WARNING,12,0.048895,5.000,NOT_INFERRED_NO_DETECTOR,0.113478,0.140619,0.345729,0.114236,0.051935,0.048895,0.454545,0.282661,0.802924,0.251170,0.284951,0.000000,0.416667,0.169702,SMALL_FAR,0.318038,0.152066,LOW,0.217415,256,380,380,NO,NOT_SELECTED,,,,,COMPUTED,COMPUTED_SELECTION_SIGNAL_NOT_GROUND_TRUTH,"OpenCV image/motion heuristics only; vehicle_density_score and object_count_estimate are moving-region proxies, not detections; event_likelihood is not ground truth violation."
interrupted_2026-09-17_C285,data/clips/interrupted_2026-09-17_C285.mp4,interrupted_2026-09-17,NUGc3nLuGsI,UNRESOLVED,31240.0,31360.0,120.0,30.0,1920,1080,h264,231443300ea26efea6a44d5bdeda1b637b6e8a22d800265a6d7a12a65a4e26b4,PASS,WARNING,12,0.073715,4.727,NOT_INFERRED_NO_DETECTOR,0.127139,0.212611,0.352113,0.092955,0.067753,0.073715,0.818182,0.171968,0.750758,0.249839,0.314755,0.000000,0.393939,0.164269,SMALL_FAR,0.306218,0.243404,MEDIUM,0.234182,207,316,316,NO,NOT_SELECTED,,,,,COMPUTED,COMPUTED_SELECTION_SIGNAL_NOT_GROUND_TRUTH,"OpenCV image/motion heuristics only; vehicle_density_score and object_count_estimate are moving-region proxies, not detections; event_likelihood is not ground truth violation."
interrupted_2026-09-17_C286,data/clips/interrupted_2026-09-17_C286.mp4,interrupted_2026-09-17,NUGc3nLuGsI,UNRESOLVED,31350.0,31470.0,120.0,30.0,1920,1080,h264,8d2bf3d16c16cf7b0ac8a988fcf0ee86629e7d8fd48d18e1694e3d9c0ef22efe,PASS,WARNING,12,0.077355,4.091,NOT_INFERRED_NO_DETECTOR,0.117834,0.193363,0.352195,0.092683,0.072777,0.077355,0.545455,0.218042,0.698268,0.222310,0.260173,0.000000,0.340909,0.211739,SMALL_FAR,0.282458,0.185761,LOW,0.210495,266,397,397,NO,NOT_SELECTED,,,,,COMPUTED,COMPUTED_SELECTION_SIGNAL_NOT_GROUND_TRUTH,"OpenCV image/motion heuristics only; vehicle_density_score and object_count_estimate are moving-region proxies, not detections; event_likelihood is not ground truth violation."
interrupted_2026-09-17_C287,data/clips/interrupted_2026-09-17_C287.mp4,interrupted_2026-09-17,NUGc3nLuGsI,UNRESOLVED,31460.0,31580.0,120.0,30.0,1920,1080,h264,f537db2aeaf12da03622d55e12f630c5b31947a0299c07275aa14ce323ef7ed1,PASS,WARNING,12,0.018049,2.727,NOT_INFERRED_NO_DETECTOR,0.095910,0.150894,0.347716,0.107614,0.070731,0.018049,0.181818,0.352420,0.787879,0.133122,0.203030,0.000000,0.227273,0.207893,SMALL_FAR,0.260952,0.082946,LOW,0.182849,317,449,449,NO,NOT_SELECTED,,,,,COMPUTED,COMPUTED_SELECTION_SIGNAL_NOT_GROUND_TRUTH,"OpenCV image/motion heuristics only; vehicle_density_score and object_count_estimate are moving-region proxies, not detections; event_likelihood is not ground truth violation."
interrupted_2026-09-17_C288,data/clips/interrupted_2026-09-17_C288.mp4,interrupted_2026-09-17,NUGc3nLuGsI,UNRESOLVED,31570.0,31690.0,120.0,30.0,1920,1080,h264,cce2490670445e115096fa3aac17be49db9ace391463547030b3f4f022fd87b9,PASS,WARNING,12,0.102895,4.455,NOT_INFERRED_NO_DETECTOR,0.183395,0.314635,0.348759,0.104138,0.126441,0.102895,0.636364,0.141478,0.690734,0.250469,0.276632,0.000000,0.371212,0.356624,SMALL_FAR,0.310729,0.240897,MEDIUM,0.235654,201,308,308,NO,NOT_SELECTED,,,,,COMPUTED,COMPUTED_SELECTION_SIGNAL_NOT_GROUND_TRUTH,"OpenCV image/motion heuristics only; vehicle_density_score and object_count_estimate are moving-region proxies, not detections; event_likelihood is not ground truth violation."
interrupted_2026-09-17_C289,data/clips/interrupted_2026-09-17_C289.mp4,interrupted_2026-09-17,NUGc3nLuGsI,UNRESOLVED,31680.0,31800.0,120.0,30.0,1920,1080,h264,c6afe81af69adf131c3ec7e54b022851be1bd05e6ee5af6dee3b96d7878bed3c,PASS,WARNING,12,0.170622,6.818,NOT_INFERRED_NO_DETECTOR,0.221502,0.426376,0.347308,0.108975,0.094885,0.170622,0.909091,0.245135,0.674200,0.389280,0.257664,0.000000,0.568182,0.539765,SMALL_FAR,0.378507,0.325805,MEDIUM,0.313525,74,140,140,NO,NOT_SELECTED,,,,,COMPUTED,COMPUTED_SELECTION_SIGNAL_NOT_GROUND_TRUTH,"OpenCV image/motion heuristics only; vehicle_density_score and object_count_estimate are moving-region proxies, not detections; event_likelihood is not ground truth violation."
interrupted_2026-09-17_C290,data/clips/interrupted_2026-09-17_C290.mp4,interrupted_2026-09-17,NUGc3nLuGsI,UNRESOLVED,31790.0,31910.0,120.0,30.0,1920,1080,h264,665c156530222f353300dc5c5bec7cb5613c916e824b2685af0d6715105e159c,PASS,WARNING,12,0.051749,4.364,NOT_INFERRED_NO_DETECTOR,0.123740,0.141046,0.349805,0.100649,0.074094,0.051749,0.727273,0.237456,0.675505,0.223287,0.267677,0.000000,0.363636,0.194084,SMALL_FAR,0.281863,0.217069,LOW,0.227682,229,344,344,NO,NOT_SELECTED,,,,,COMPUTED,COMPUTED_SELECTION_SIGNAL_NOT_GROUND_TRUTH,"OpenCV image/motion heuristics only; vehicle_density_score and object_count_estimate are moving-region proxies, not detections; event_likelihood is not ground truth violation."
interrupted_2026-09-17_C291,data/clips/interrupted_2026-09-17_C291.mp4,interrupted_2026-09-17,NUGc3nLuGsI,UNRESOLVED,31900.0,32020.0,120.0,30.0,1920,1080,h264,67d420dc41c3c9d3605a12fa8007a06e18d4ccb24c8751d937fbc268b4a9087f,PASS,WARNING,12,0.116818,5.455,NOT_INFERRED_NO_DETECTOR,0.201172,0.362636,0.348687,0.104377,0.083447,0.116818,0.818182,0.144246,0.625652,0.302568,0.329212,0.000000,0.454545,0.420015,,0.334633,0.280873,MEDIUM,0.261769,128,213,213,YES,SELECTED,source_coverage=interrupted_2026-09-17; event_likelihood=MEDIUM; hardcase=NORMAL_CASE; diversity_aware_rank; selection_signal_only_not_ground_truth,PENDING,,,COMPUTED,COMPUTED_SELECTION_SIGNAL_NOT_GROUND_TRUTH,"OpenCV image/motion heuristics only; vehicle_density_score and object_count_estimate are moving-region proxies, not detections; event_likelihood is not ground truth violation."
interrupted_2026-09-17_C292,data/clips/interrupted_2026-09-17_C292.mp4,interrupted_2026-09-17,NUGc3nLuGsI,UNRESOLVED,32010.0,32130.0,120.0,30.0,1920,1080,h264,fd1eda3fdd8589360606885d845f26da0b9a14d2a84acc02bfc23500837ef2af,PASS,WARNING,12,0.057948,4.455,NOT_INFERRED_NO_DETECTOR,0.130993,0.202429,0.347764,0.107454,0.078141,0.057948,0.727273,0.202395,0.671609,0.230243,0.166126,0.000000,0.371212,0.263529,SMALL_FAR,0.278144,0.221863,LOW,0.223213,245,365,365,NO,NOT_SELECTED,,,,,COMPUTED,COMPUTED_SELECTION_SIGNAL_NOT_GROUND_TRUTH,"OpenCV image/motion heuristics only; vehicle_density_score and object_count_estimate are moving-region proxies, not detections; event_likelihood is not ground truth violation."
interrupted_2026-09-17_C293,data/clips/interrupted_2026-09-17_C293.mp4,interrupted_2026-09-17,NUGc3nLuGsI,UNRESOLVED,32120.0,32240.0,120.0,30.0,1920,1080,h264,22b3e93a9a15de0eccb51d22e478210da25c56beb7660e2f34dbecf4decaf8d4,PASS,WARNING,12,0.054820,4.182,NOT_INFERRED_NO_DETECTOR,0.109353,0.133053,0.350771,0.097430,0.064780,0.054820,0.818182,0.240756,0.738636,0.216336,0.310606,0.000000,0.348485,0.187154,SMALL_FAR,0.294685,0.231643,LOW,0.236260,199,304,304,NO,NOT_SELECTED,,,,,COMPUTED,COMPUTED_SELECTION_SIGNAL_NOT_GROUND_TRUTH,"OpenCV image/motion heuristics only; vehicle_density_score and object_count_estimate are moving-region proxies, not detections; event_likelihood is not ground truth violation."
interrupted_2026-09-17_C294,data/clips/interrupted_2026-09-17_C294.mp4,interrupted_2026-09-17,NUGc3nLuGsI,UNRESOLVED,32230.0,32350.0,120.0,30.0,1920,1080,h264,5f5e47180dd8dd3a83dc91e3e92cda35f979373d2f4e7435e1552765bcfd8c6a,PASS,WARNING,12,0.023030,3.182,NOT_INFERRED_NO_DETECTOR,0.073744,0.070041,0.347635,0.107882,0.043953,0.023030,0.363636,0.389717,0.856061,0.156197,0.351515,0.000000,0.265152,0.101570,SMALL_FAR,0.290571,0.112016,LOW,0.207405,274,405,405,NO,NOT_SELECTED,,,,,COMPUTED,COMPUTED_SELECTION_SIGNAL_NOT_GROUND_TRUTH,"OpenCV image/motion heuristics only; vehicle_density_score and object_count_estimate are moving-region proxies, not detections; event_likelihood is not ground truth violation."
interrupted_2026-09-17_C295,data/clips/interrupted_2026-09-17_C295.mp4,interrupted_2026-09-17,NUGc3nLuGsI,UNRESOLVED,32340.0,32460.0,120.0,30.0,1920,1080,h264,c6e83c86454fa9d3c911e16ae128ea43859ccf8852f15d967ea2d9871342ce4e,PASS,WARNING,12,0.019261,2.182,NOT_INFERRED_NO_DETECTOR,0.074320,0.092412,0.349376,0.102082,0.042233,0.019261,0.272727,0.445382,0.550000,0.108668,0.224242,0.000000,0.181818,0.120608,,0.199379,0.091490,LOW,0.183339,315,447,447,NO,NOT_SELECTED,,,,,COMPUTED,COMPUTED_SELECTION_SIGNAL_NOT_GROUND_TRUTH,"OpenCV image/motion heuristics only; vehicle_density_score and object_count_estimate are moving-region proxies, not detections; event_likelihood is not ground truth violation."
interrupted_2026-09-17_C296,data/clips/interrupted_2026-09-17_C296.mp4,interrupted_2026-09-17,NUGc3nLuGsI,UNRESOLVED,32450.0,32570.0,120.0,30.0,1920,1080,h264,2dc0d434dda779b6f3700e6df32a88694b194b9fca9c4242473cbb1f1e0283b6,PASS,WARNING,12,0.057263,5.000,NOT_INFERRED_NO_DETECTOR,0.120187,0.141253,0.349333,0.102223,0.062681,0.057263,0.727273,0.234287,0.818182,0.254935,0.162121,0.000000,0.416667,0.206863,SMALL_FAR,0.307373,0.215930,LOW,0.233349,209,318,318,NO,NOT_SELECTED,,,,,COMPUTED,COMPUTED_SELECTION_SIGNAL_NOT_GROUND_TRUTH,"OpenCV image/motion heuristics only; vehicle_density_score and object_count_estimate are moving-region proxies, not detections; event_likelihood is not ground truth violation."
interrupted_2026-09-17_C297,data/clips/interrupted_2026-09-17_C297.mp4,interrupted_2026-09-17,NUGc3nLuGsI,UNRESOLVED,32560.0,32680.0,120.0,30.0,1920,1080,h264,85ea9737e73224f97dccf13c7a562c9cfe1a9f43e799ed767e18fd2d6ecb1265,PASS,WARNING,12,0.077465,4.455,NOT_INFERRED_NO_DETECTOR,0.146426,0.265012,0.348979,0.103404,0.071528,0.077465,0.545455,0.193734,0.757323,0.239026,0.192677,0.000000,0.371212,0.288090,SMALL_FAR,0.301062,0.193294,LOW,0.217924,255,379,379,NO,NOT_SELECTED,,,,,COMPUTED,COMPUTED_SELECTION_SIGNAL_NOT_GROUND_TRUTH,"OpenCV image/motion heuristics only; vehicle_density_score and object_count_estimate are moving-region proxies, not detections; event_likelihood is not ground truth violation."
interrupted_2026-09-17_C298,data/clips/interrupted_2026-09-17_C298.mp4,interrupted_2026-09-17,NUGc3nLuGsI,UNRESOLVED,32670.0,32790.0,120.0,30.0,1920,1080,h264,69f5d858b183cf4d0c55ea8efaa0cd5823c9a9901b3c9a69861676fb3a8ef79f,PASS,WARNING,12,0.014072,2.091,NOT_INFERRED_NO_DETECTOR,0.063463,0.082376,0.351216,0.095946,0.037436,0.014072,0.181818,0.469435,0.636364,0.102166,0.222727,0.000000,0.174242,0.087329,,0.207983,0.066840,LOW,0.178422,323,455,455,NO,NOT_SELECTED,,,,,COMPUTED,COMPUTED_SELECTION_SIGNAL_NOT_GROUND_TRUTH,"OpenCV image/motion heuristics only; vehicle_density_score and object_count_estimate are moving-region proxies, not detections; event_likelihood is not ground truth violation."
interrupted_2026-09-17_C299,data/clips/interrupted_2026-09-17_C299.mp4,interrupted_2026-09-17,NUGc3nLuGsI,UNRESOLVED,32780.0,32900.0,120.0,30.0,1920,1080,h264,8198a0a8e8e50b5644e924a8dee818ce67bfae3891b2c90660dccd0feda811d0,PASS,WARNING,12,0.023557,3.273,NOT_INFERRED_NO_DETECTOR,0.080153,0.102358,0.350961,0.096798,0.047331,0.023557,0.363636,0.399724,0.636364,0.160601,0.173810,0.000000,0.272727,0.141713,,0.231685,0.114534,LOW,0.194545,294,426,426,NO,NOT_SELECTED,,,,,COMPUTED,COMPUTED_SELECTION_SIGNAL_NOT_GROUND_TRUTH,"OpenCV image/motion heuristics only; vehicle_density_score and object_count_estimate are moving-region proxies, not detections; event_likelihood is not ground truth violation."
interrupted_2026-09-17_C300,data/clips/interrupted_2026-09-17_C300.mp4,interrupted_2026-09-17,NUGc3nLuGsI,UNRESOLVED,32890.0,33010.0,120.0,30.0,1920,1080,h264,1f464aad32a56e6ea33679264714dc829c8142da042130821d53865b8808db09,PASS,WARNING,12,0.014003,3.455,NOT_INFERRED_NO_DETECTOR,0.059061,0.065262,0.350917,0.096944,0.034827,0.014003,0.181818,0.470101,0.636364,0.164634,0.176446,0.000000,0.287879,0.095063,,0.229459,0.065158,LOW,0.183320,316,448,448,NO,NOT_SELECTED,,,,,COMPUTED,COMPUTED_SELECTION_SIGNAL_NOT_GROUND_TRUTH,"OpenCV image/motion heuristics only; vehicle_density_score and object_count_estimate are moving-region proxies, not detections; event_likelihood is not ground truth violation."
interrupted_2026-09-17_C301,data/clips/interrupted_2026-09-17_C301.mp4,interrupted_2026-09-17,NUGc3nLuGsI,UNRESOLVED,33000.0,33120.0,120.0,30.0,1920,1080,h264,3de3addf6698c7fdbae4c56e1f9b53ff22e6eda25f22346914d75c5ec4cd6d3b,PASS,WARNING,12,0.042273,3.364,NOT_INFERRED_NO_DETECTOR,0.099991,0.149969,0.351309,0.095635,0.048184,0.042273,0.545455,0.327006,0.578788,0.173189,0.295455,0.000000,0.280303,0.152326,,0.242483,0.164589,LOW,0.207883,272,403,403,NO,NOT_SELECTED,,,,,COMPUTED,COMPUTED_SELECTION_SIGNAL_NOT_GROUND_TRUTH,"OpenCV image/motion heuristics only; vehicle_density_score and object_count_estimate are moving-region proxies, not detections; event_likelihood is not ground truth violation."
interrupted_2026-09-17_C302,data/clips/interrupted_2026-09-17_C302.mp4,interrupted_2026-09-17,NUGc3nLuGsI,UNRESOLVED,33110.0,33230.0,120.0,30.0,1920,1080,h264,5cc83e44edae24a9c13dcb1a6bfa292a0ad33860e1ccfe986f8d2198d799865e,PASS,WARNING,12,0.018838,2.364,NOT_INFERRED_NO_DETECTOR,0.078961,0.129538,0.350080,0.099734,0.049657,0.018838,0.090909,0.419836,0.757576,0.116811,0.175758,0.000000,0.196970,0.106369,SMALL_FAR,0.231576,0.055754,LOW,0.173304,330,462,462,NO,NOT_SELECTED,,,,,COMPUTED,COMPUTED_SELECTION_SIGNAL_NOT_GROUND_TRUTH,"OpenCV image/motion heuristics only; vehicle_density_score and object_count_estimate are moving-region proxies, not detections; event_likelihood is not ground truth violation."
interrupted_2026-09-17_C303,data/clips/interrupted_2026-09-17_C303.mp4,interrupted_2026-09-17,NUGc3nLuGsI,UNRESOLVED,33220.0,33340.0,120.0,30.0,1920,1080,h264,5aa9b3f350929c653ed1ce329c1607aa8bad31709e6635fb1e6a1cccc5cfee77,PASS,WARNING,12,0.026124,3.000,NOT_INFERRED_NO_DETECTOR,0.079729,0.138817,0.355412,0.081960,0.042009,0.026124,0.272727,0.397777,0.617172,0.149256,0.203030,0.000000,0.250000,0.171870,,0.229231,0.095243,LOW,0.185354,312,444,444,NO,NOT_SELECTED,,,,,COMPUTED,COMPUTED_SELECTION_SIGNAL_NOT_GROUND_TRUTH,"OpenCV image/motion heuristics only; vehicle_density_score and object_count_estimate are moving-region proxies, not detections; event_likelihood is not ground truth violation."
interrupted_2026-09-17_C304,data/clips/interrupted_2026-09-17_C304.mp4,interrupted_2026-09-17,NUGc3nLuGsI,UNRESOLVED,33330.0,33450.0,120.0,30.0,1920,1080,h264,10a6d5774d0bf0542859a8d0c2db5e2e4bc2e2cf8ebfea8f0631bb71645a9986,PASS,WARNING,12,0.011193,2.545,NOT_INFERRED_NO_DETECTOR,0.053992,0.053252,0.354501,0.084996,0.029797,0.011193,0.090909,0.503026,0.636364,0.121704,0.205628,0.000000,0.212121,0.078534,,0.212235,0.042838,LOW,0.174441,327,459,459,NO,NOT_SELECTED,,,,,COMPUTED,COMPUTED_SELECTION_SIGNAL_NOT_GROUND_TRUTH,"OpenCV image/motion heuristics only; vehicle_density_score and object_count_estimate are moving-region proxies, not detections; event_likelihood is not ground truth violation."
interrupted_2026-09-17_C305,data/clips/interrupted_2026-09-17_C305.mp4,interrupted_2026-09-17,NUGc3nLuGsI,UNRESOLVED,33440.0,33560.0,120.0,30.0,1920,1080,h264,6c86abfdadcb359f3a8789436d3ce804b7a2f3fc86371956c5111cc564d0b959,PASS,WARNING,12,0.019489,2.364,NOT_INFERRED_NO_DETECTOR,0.065520,0.083762,0.354315,0.085618,0.040396,0.019489,0.272727,0.453451,0.560606,0.117103,0.198485,0.000000,0.196970,0.114199,,0.198872,0.088861,LOW,0.182489,319,451,451,NO,NOT_SELECTED,,,,,COMPUTED,COMPUTED_SELECTION_SIGNAL_NOT_GROUND_TRUTH,"OpenCV image/motion heuristics only; vehicle_density_score and object_count_estimate are moving-region proxies, not detections; event_likelihood is not ground truth violation."
interrupted_2026-09-17_C306,data/clips/interrupted_2026-09-17_C306.mp4,interrupted_2026-09-17,NUGc3nLuGsI,UNRESOLVED,33550.0,33670.0,120.0,30.0,1920,1080,h264,5b5ac46263fb52f67f0bc2c6b475c52effb7c2c7c2d0114154db234005f8cd1b,PASS,WARNING,12,0.024580,2.636,NOT_INFERRED_NO_DETECTOR,0.079220,0.116564,0.350902,0.096994,0.049623,0.024580,0.363636,0.364226,0.742424,0.131894,0.475758,0.000000,0.219697,0.134565,SMALL_FAR,0.279706,0.115043,LOW,0.201703,280,412,412,NO,NOT_SELECTED,,,,,COMPUTED,COMPUTED_SELECTION_SIGNAL_NOT_GROUND_TRUTH,"OpenCV image/motion heuristics only; vehicle_density_score and object_count_estimate are moving-region proxies, not detections; event_likelihood is not ground truth violation."
interrupted_2026-09-17_C307,data/clips/interrupted_2026-09-17_C307.mp4,interrupted_2026-09-17,NUGc3nLuGsI,UNRESOLVED,33660.0,33780.0,120.0,30.0,1920,1080,h264,bfd79104b2c0f4801e621612f58d9e6575b8c366e315b9e473bcaec4510d7909,PASS,WARNING,12,0.026828,2.727,NOT_INFERRED_NO_DETECTOR,0.077642,0.075656,0.353596,0.088012,0.040264,0.026828,0.545455,0.399993,0.681818,0.137072,0.189394,0.000000,0.227273,0.104024,SMALL_FAR,0.226080,0.151878,LOW,0.208407,271,402,402,NO,NOT_SELECTED,,,,,COMPUTED,COMPUTED_SELECTION_SIGNAL_NOT_GROUND_TRUTH,"OpenCV image/motion heuristics only; vehicle_density_score and object_count_estimate are moving-region proxies, not detections; event_likelihood is not ground truth violation."
interrupted_2026-09-17_C308,data/clips/interrupted_2026-09-17_C308.mp4,interrupted_2026-09-17,NUGc3nLuGsI,UNRESOLVED,33770.0,33890.0,120.0,30.0,1920,1080,h264,cd681a0babec43ff7a29cf17a415ca057413c1e4a692340d74cea84f6501a648,PASS,WARNING,12,0.046196,3.545,NOT_INFERRED_NO_DETECTOR,0.124335,0.231962,0.350739,0.097536,0.080089,0.046196,0.363636,0.252206,0.647107,0.183288,0.183884,0.000000,0.295455,0.280930,,0.258621,0.140057,LOW,0.191555,300,432,432,NO,NOT_SELECTED,,,,,COMPUTED,COMPUTED_SELECTION_SIGNAL_NOT_GROUND_TRUTH,"OpenCV image/motion heuristics only; vehicle_density_score and object_count_estimate are moving-region proxies, not detections; event_likelihood is not ground truth violation."
interrupted_2026-09-17_C309,data/clips/interrupted_2026-09-17_C309.mp4,interrupted_2026-09-17,NUGc3nLuGsI,UNRESOLVED,33880.0,34000.0,120.0,30.0,1920,1080,h264,f587c8b26065b6e127a4a3a555c1358d8616c7801e979ebc122202253fa7dcec,PASS,WARNING,12,0.023763,2.273,NOT_INFERRED_NO_DETECTOR,0.082040,0.132636,0.350884,0.097053,0.048450,0.023763,0.363636,0.408317,0.448485,0.114860,0.262121,0.000000,0.189394,0.143601,,0.190745,0.115315,LOW,0.185183,313,445,445,NO,NOT_SELECTED,,,,,COMPUTED,COMPUTED_SELECTION_SIGNAL_NOT_GROUND_TRUTH,"OpenCV image/motion heuristics only; vehicle_density_score and object_count_estimate are moving-region proxies, not detections; event_likelihood is not ground truth violation."
interrupted_2026-09-17_C310,data/clips/interrupted_2026-09-17_C310.mp4,interrupted_2026-09-17,NUGc3nLuGsI,UNRESOLVED,33990.0,34110.0,120.0,30.0,1920,1080,h264,7e192cdc5ca075868a69aa539269cb007c4af06a5051b115e4526b396c1e0422,PASS,WARNING,12,0.019650,2.545,NOT_INFERRED_NO_DETECTOR,0.074575,0.119333,0.352400,0.092000,0.046950,0.019650,0.181818,0.405451,0.784091,0.125509,0.256818,0.000000,0.212121,0.137106,SMALL_FAR,0.254254,0.073449,LOW,0.183970,314,446,446,NO,NOT_SELECTED,,,,,COMPUTED,COMPUTED_SELECTION_SIGNAL_NOT_GROUND_TRUTH,"OpenCV image/motion heuristics only; vehicle_density_score and object_count_estimate are moving-region proxies, not detections; event_likelihood is not ground truth violation."
interrupted_2026-09-17_C311,data/clips/interrupted_2026-09-17_C311.mp4,interrupted_2026-09-17,NUGc3nLuGsI,UNRESOLVED,34100.0,34220.0,120.0,30.0,1920,1080,h264,56bff2ec41bf7a4447dba3ec819db08b6c7a10a7c0825695c14d8521a26c1785,PASS,WARNING,12,0.029527,3.727,NOT_INFERRED_NO_DETECTOR,0.080780,0.129440,0.352373,0.092088,0.042123,0.029527,0.363636,0.370147,0.796717,0.184120,0.116667,0.000000,0.310606,0.172362,SMALL_FAR,0.265108,0.115795,LOW,0.199184,285,417,417,NO,NOT_SELECTED,,,,,COMPUTED,COMPUTED_SELECTION_SIGNAL_NOT_GROUND_TRUTH,"OpenCV image/motion heuristics only; vehicle_density_score and object_count_estimate are moving-region proxies, not detections; event_likelihood is not ground truth violation."
interrupted_2026-09-17_C312,data/clips/interrupted_2026-09-17_C312.mp4,interrupted_2026-09-17,NUGc3nLuGsI,UNRESOLVED,34210.0,34330.0,120.0,30.0,1920,1080,h264,8b4299143cedd18e1de7172b108ec480731ff03996efeb2979f0e78a5b0d9271,PASS,WARNING,12,0.011796,1.727,NOT_INFERRED_NO_DETECTOR,0.058231,0.071298,0.350277,0.099077,0.038797,0.011796,0.181818,0.481148,0.590909,0.084475,0.286364,0.000000,0.143939,0.092555,,0.202326,0.064898,LOW,0.177503,326,458,458,NO,NOT_SELECTED,,,,,COMPUTED,COMPUTED_SELECTION_SIGNAL_NOT_GROUND_TRUTH,"OpenCV image/motion heuristics only; vehicle_density_score and object_count_estimate are moving-region proxies, not detections; event_likelihood is not ground truth violation."
interrupted_2026-09-17_C313,data/clips/interrupted_2026-09-17_C313.mp4,interrupted_2026-09-17,NUGc3nLuGsI,UNRESOLVED,34320.0,34440.0,120.0,30.0,1920,1080,h264,bcbaf3b4829fc112310d5133938f2e73c1b82f426b1ec9c159bd97f383373816,PASS,WARNING,12,0.068722,2.818,NOT_INFERRED_NO_DETECTOR,0.121563,0.275518,0.350609,0.097972,0.051529,0.068722,0.454545,0.258814,0.725000,0.160091,0.362121,0.000000,0.234848,0.323065,SMALL_FAR,0.289750,0.160917,LOW,0.209889,268,399,399,NO,NOT_SELECTED,,,,,COMPUTED,COMPUTED_SELECTION_SIGNAL_NOT_GROUND_TRUTH,"OpenCV image/motion heuristics only; vehicle_density_score and object_count_estimate are moving-region proxies, not detections; event_likelihood is not ground truth violation."
interrupted_2026-09-17_C314,data/clips/interrupted_2026-09-17_C314.mp4,interrupted_2026-09-17,NUGc3nLuGsI,UNRESOLVED,34430.0,34550.0,120.0,30.0,1920,1080,h264,6af6517f5ac8901da3f7674c16d62178f92c07c7ef9162abae0d6bba8a3ecf6f,PASS,WARNING,12,0.027345,2.818,NOT_INFERRED_NO_DETECTOR,0.069947,0.088705,0.352016,0.093278,0.035469,0.027345,0.181818,0.417832,0.782468,0.141472,0.349567,0.000000,0.234848,0.126141,SMALL_FAR,0.271630,0.072749,LOW,0.190214,303,435,435,NO,NOT_SELECTED,,,,,COMPUTED,COMPUTED_SELECTION_SIGNAL_NOT_GROUND_TRUTH,"OpenCV image/motion heuristics only; vehicle_density_score and object_count_estimate are moving-region proxies, not detections; event_likelihood is not ground truth violation."
interrupted_2026-09-17_C315,data/clips/interrupted_2026-09-17_C315.mp4,interrupted_2026-09-17,NUGc3nLuGsI,UNRESOLVED,34540.0,34660.0,120.0,30.0,1920,1080,h264,7037fc34e2a91d38b68f8d5d4bcef13ec470b76798c1314acc46e18d2387d0b5,PASS,WARNING,12,0.033194,2.000,NOT_INFERRED_NO_DETECTOR,0.086665,0.256476,0.350262,0.099126,0.041713,0.033194,0.181818,0.404394,0.409091,0.106604,0.313636,0.000000,0.166667,0.091679,,0.180051,0.080376,LOW,0.167363,335,467,467,NO,NOT_SELECTED,,,,,COMPUTED,COMPUTED_SELECTION_SIGNAL_NOT_GROUND_TRUTH,"OpenCV image/motion heuristics only; vehicle_density_score and object_count_estimate are moving-region proxies, not detections; event_likelihood is not ground truth violation."
interrupted_2026-09-17_C316,data/clips/interrupted_2026-09-17_C316.mp4,interrupted_2026-09-17,NUGc3nLuGsI,UNRESOLVED,34650.0,34770.0,120.0,30.0,1920,1080,h264,56b39cac49ccbdbdd2d40e3fcd3abad9a93688263777cc15033a9db681331761,PASS,WARNING,12,0.014003,2.909,NOT_INFERRED_NO_DETECTOR,0.060841,0.058168,0.351125,0.096250,0.030675,0.014003,0.000000,0.462464,0.818182,0.139634,0.445455,0.000000,0.242424,0.083948,SMALL_FAR,0.287672,0.026709,LOW,0.182310,320,452,452,NO,NOT_SELECTED,,,,,COMPUTED,COMPUTED_SELECTION_SIGNAL_NOT_GROUND_TRUTH,"OpenCV image/motion heuristics only; vehicle_density_score and object_count_estimate are moving-region proxies, not detections; event_likelihood is not ground truth violation."
interrupted_2026-09-17_C317,data/clips/interrupted_2026-09-17_C317.mp4,interrupted_2026-09-17,NUGc3nLuGsI,UNRESOLVED,34760.0,34880.0,120.0,30.0,1920,1080,h264,83a9bc9b08d2bf275079e2165dfcae7e53909b326ac405cc610344411ea801e0,PASS,WARNING,12,0.018731,2.455,NOT_INFERRED_NO_DETECTOR,0.062806,0.068140,0.352564,0.091452,0.033932,0.018731,0.272727,0.439895,0.681818,0.120929,0.430303,0.000000,0.204545,0.095863,SMALL_FAR,0.253276,0.086707,LOW,0.194052,296,428,428,NO,NOT_SELECTED,,,,,COMPUTED,COMPUTED_SELECTION_SIGNAL_NOT_GROUND_TRUTH,"OpenCV image/motion heuristics only; vehicle_density_score and object_count_estimate are moving-region proxies, not detections; event_likelihood is not ground truth violation."
interrupted_2026-09-17_C318,data/clips/interrupted_2026-09-17_C318.mp4,interrupted_2026-09-17,NUGc3nLuGsI,UNRESOLVED,34870.0,34990.0,120.0,30.0,1920,1080,h264,659c481c800a57fe39983bffd5e3f1f68ff67e3cdc4c65d06646afbc69fd9ea5,PASS,WARNING,12,0.040271,3.000,NOT_INFERRED_NO_DETECTOR,0.137468,0.220237,0.344260,0.119135,0.103004,0.040271,0.454545,0.210511,0.671212,0.155622,0.321212,0.000000,0.250000,0.275749,SMALL_FAR,0.272578,0.164804,LOW,0.199928,283,415,415,NO,NOT_SELECTED,,,,,COMPUTED,COMPUTED_SELECTION_SIGNAL_NOT_GROUND_TRUTH,"OpenCV image/motion heuristics only; vehicle_density_score and object_count_estimate are moving-region proxies, not detections; event_likelihood is not ground truth violation."
interrupted_2026-09-17_C319,data/clips/interrupted_2026-09-17_C319.mp4,interrupted_2026-09-17,NUGc3nLuGsI,UNRESOLVED,34980.0,35100.0,120.0,30.0,1920,1080,h264,149955de686d92c0a039ad05859f0438315b1b7679ce895a0f26eac406d1c99c,PASS,WARNING,12,0.021465,2.273,NOT_INFERRED_NO_DETECTOR,0.065011,0.072531,0.352380,0.092067,0.035475,0.021465,0.363636,0.444274,0.659091,0.113826,0.218182,0.000000,0.189394,0.097276,SMALL_FAR,0.216300,0.107600,LOW,0.193527,298,430,430,NO,NOT_SELECTED,,,,,COMPUTED,COMPUTED_SELECTION_SIGNAL_NOT_GROUND_TRUTH,"OpenCV image/motion heuristics only; vehicle_density_score and object_count_estimate are moving-region proxies, not detections; event_likelihood is not ground truth violation."
interrupted_2026-09-17_C320,data/clips/interrupted_2026-09-17_C320.mp4,interrupted_2026-09-17,NUGc3nLuGsI,UNRESOLVED,35090.0,35210.0,120.0,30.0,1920,1080,h264,d0d2c59d9a82b42a2eca41c117a6fde254b83c9daabba4cfa298cbc70fde7ab2,PASS,WARNING,12,0.060300,3.909,NOT_INFERRED_NO_DETECTOR,0.120380,0.268130,0.352497,0.091678,0.068513,0.060300,0.272727,0.261315,0.764463,0.206302,0.222845,0.000000,0.325758,0.258435,SMALL_FAR,0.289985,0.122610,LOW,0.194174,295,427,427,NO,NOT_SELECTED,,,,,COMPUTED,COMPUTED_SELECTION_SIGNAL_NOT_GROUND_TRUTH,"OpenCV image/motion heuristics only; vehicle_density_score and object_count_estimate are moving-region proxies, not detections; event_likelihood is not ground truth violation."
interrupted_2026-09-17_C321,data/clips/interrupted_2026-09-17_C321.mp4,interrupted_2026-09-17,NUGc3nLuGsI,UNRESOLVED,35200.0,35320.0,120.0,30.0,1920,1080,h264,8a86809a31fad600fed556fe28e1f2fce582fbdfca7af74c7b73d18563631d70,PASS,WARNING,12,0.018163,3.364,NOT_INFERRED_NO_DETECTOR,0.061185,0.065104,0.354213,0.085958,0.028267,0.018163,0.272727,0.446977,0.787013,0.162340,0.193506,0.000000,0.280303,0.086759,SMALL_FAR,0.255336,0.085056,LOW,0.195016,293,425,425,NO,NOT_SELECTED,,,,,COMPUTED,COMPUTED_SELECTION_SIGNAL_NOT_GROUND_TRUTH,"OpenCV image/motion heuristics only; vehicle_density_score and object_count_estimate are moving-region proxies, not detections; event_likelihood is not ground truth violation."
interrupted_2026-09-17_C322,data/clips/interrupted_2026-09-17_C322.mp4,interrupted_2026-09-17,NUGc3nLuGsI,UNRESOLVED,35310.0,35430.0,120.0,30.0,1920,1080,h264,93cd314c6c5464837dfefc46d69292f042740d536778a4fc000b23d797de6e5c,PASS,WARNING,12,0.012077,2.818,NOT_INFERRED_NO_DETECTOR,0.058174,0.056177,0.353241,0.089197,0.034066,0.012077,0.181818,0.457876,0.818182,0.134601,0.272294,0.000000,0.234848,0.079473,SMALL_FAR,0.260270,0.064127,LOW,0.189207,305,437,437,NO,NOT_SELECTED,,,,,COMPUTED,COMPUTED_SELECTION_SIGNAL_NOT_GROUND_TRUTH,"OpenCV image/motion heuristics only; vehicle_density_score and object_count_estimate are moving-region proxies, not detections; event_likelihood is not ground truth violation."
interrupted_2026-09-17_C323,data/clips/interrupted_2026-09-17_C323.mp4,interrupted_2026-09-17,NUGc3nLuGsI,UNRESOLVED,35420.0,35540.0,120.0,30.0,1920,1080,h264,27d91d2b4d278745644ae223b8ccb8ec19a172e89420f976f2d33e4c5a5ef732,PASS,WARNING,12,0.011127,2.000,NOT_INFERRED_NO_DETECTOR,0.049214,0.041770,0.354488,0.085039,0.025411,0.011127,0.000000,0.496066,0.818182,0.096674,0.431818,0.000000,0.166667,0.061334,SMALL_FAR,0.263792,0.021645,LOW,0.178150,324,456,456,NO,NOT_SELECTED,,,,,COMPUTED,COMPUTED_SELECTION_SIGNAL_NOT_GROUND_TRUTH,"OpenCV image/motion heuristics only; vehicle_density_score and object_count_estimate are moving-region proxies, not detections; event_likelihood is not ground truth violation."
interrupted_2026-09-17_C324,data/clips/interrupted_2026-09-17_C324.mp4,interrupted_2026-09-17,NUGc3nLuGsI,UNRESOLVED,35530.0,35650.0,120.0,30.0,1920,1080,h264,dda2be97e3441184bf9fb205e2a72fbc53e3f3a246c8c4e8c8a70d0d83943fbd,PASS,WARNING,12,0.015795,2.636,NOT_INFERRED_NO_DETECTOR,0.059171,0.057044,0.353477,0.088410,0.036002,0.015795,0.090909,0.460591,0.818182,0.127941,0.295022,0.000000,0.219697,0.085088,SMALL_FAR,0.260691,0.046918,LOW,0.182706,318,450,450,NO,NOT_SELECTED,,,,,COMPUTED,COMPUTED_SELECTION_SIGNAL_NOT_GROUND_TRUTH,"OpenCV image/motion heuristics only; vehicle_density_score and object_count_estimate are moving-region proxies, not detections; event_likelihood is not ground truth violation."
interrupted_2026-09-17_C325,data/clips/interrupted_2026-09-17_C325.mp4,interrupted_2026-09-17,NUGc3nLuGsI,UNRESOLVED,35640.0,35760.0,120.0,30.0,1920,1080,h264,5e83aa30810151ddd92185db358ca30d74f6f2425dfa886d274eb978b0505907,PASS,WARNING,12,0.011872,2.182,NOT_INFERRED_NO_DETECTOR,0.089642,0.176835,0.351670,0.094434,0.068603,0.011872,0.000000,0.378196,0.727273,0.105342,0.251515,0.000000,0.181818,0.226645,SMALL_FAR,0.246601,0.040588,LOW,0.164928,336,468,468,NO,NOT_SELECTED,,,,,COMPUTED,COMPUTED_SELECTION_SIGNAL_NOT_GROUND_TRUTH,"OpenCV image/motion heuristics only; vehicle_density_score and object_count_estimate are moving-region proxies, not detections; event_likelihood is not ground truth violation."
interrupted_2026-09-17_C326,data/clips/interrupted_2026-09-17_C326.mp4,interrupted_2026-09-17,NUGc3nLuGsI,UNRESOLVED,35750.0,35870.0,120.0,30.0,1920,1080,h264,8dada1feaf731b934af34a891d2700ce76f52d2eb3bcbfcddc1c801f03f2befe,PASS,WARNING,12,0.010537,2.091,NOT_INFERRED_NO_DETECTOR,0.051187,0.050025,0.354186,0.086045,0.029252,0.010537,0.090909,0.523207,0.500000,0.100575,0.250000,0.000000,0.174242,0.072281,,0.184237,0.041759,LOW,0.169445,334,466,466,NO,NOT_SELECTED,,,,,COMPUTED,COMPUTED_SELECTION_SIGNAL_NOT_GROUND_TRUTH,"OpenCV image/motion heuristics only; vehicle_density_score and object_count_estimate are moving-region proxies, not detections; event_likelihood is not ground truth violation."
interrupted_2026-09-17_C327,data/clips/interrupted_2026-09-17_C327.mp4,interrupted_2026-09-17,NUGc3nLuGsI,UNRESOLVED,35860.0,35980.0,120.0,30.0,1920,1080,h264,efa6d61f092737362bbbf72cce1807bfb285882104ad1eb94fc1e0afde49877d,PASS,WARNING,12,0.021824,2.818,NOT_INFERRED_NO_DETECTOR,0.069112,0.076169,0.354315,0.085616,0.041024,0.021824,0.363636,0.412623,0.772727,0.138988,0.245671,0.000000,0.234848,0.100965,SMALL_FAR,0.251196,0.109829,LOW,0.199029,286,418,418,NO,NOT_SELECTED,,,,,COMPUTED,COMPUTED_SELECTION_SIGNAL_NOT_GROUND_TRUTH,"OpenCV image/motion heuristics only; vehicle_density_score and object_count_estimate are moving-region proxies, not detections; event_likelihood is not ground truth violation."
interrupted_2026-09-17_C328,data/clips/interrupted_2026-09-17_C328.mp4,interrupted_2026-09-17,NUGc3nLuGsI,UNRESOLVED,35970.0,36090.0,120.0,30.0,1920,1080,h264,8eab67f46a9dbd763eeec69a89aa74dbd84b6cad2eab0732dedfd57e84db1f2d,PASS,WARNING,12,0.035612,2.727,NOT_INFERRED_NO_DETECTOR,0.083802,0.164988,0.354889,0.083704,0.051313,0.035612,0.363636,0.364892,0.590909,0.141026,0.208333,0.000000,0.227273,0.129953,,0.215602,0.120335,LOW,0.186646,309,441,441,NO,NOT_SELECTED,,,,,COMPUTED,COMPUTED_SELECTION_SIGNAL_NOT_GROUND_TRUTH,"OpenCV image/motion heuristics only; vehicle_density_score and object_count_estimate are moving-region proxies, not detections; event_likelihood is not ground truth violation."
interrupted_2026-09-17_C329,data/clips/interrupted_2026-09-17_C329.mp4,interrupted_2026-09-17,NUGc3nLuGsI,UNRESOLVED,36080.0,36200.0,120.0,30.0,1920,1080,h264,d851f6c44815849b691429e1a57215f68b418219dd1408cd24a0e9d3a9942030,PASS,WARNING,12,0.016376,3.182,NOT_INFERRED_NO_DETECTOR,0.060130,0.067740,0.354059,0.086470,0.030820,0.016376,0.181818,0.444690,0.808081,0.153203,0.315729,0.000000,0.265152,0.089735,SMALL_FAR,0.272944,0.065533,LOW,0.191208,301,433,433,NO,NOT_SELECTED,,,,,COMPUTED,COMPUTED_SELECTION_SIGNAL_NOT_GROUND_TRUTH,"OpenCV image/motion heuristics only; vehicle_density_score and object_count_estimate are moving-region proxies, not detections; event_likelihood is not ground truth violation."
interrupted_2026-09-17_C330,data/clips/interrupted_2026-09-17_C330.mp4,interrupted_2026-09-17,NUGc3nLuGsI,UNRESOLVED,36190.0,36310.0,120.0,30.0,1920,1080,h264,4b736029ba4624bf64614d6d4ed5d4a7625d04caf69641ddd4cf3d9cdcbf8f5b,PASS,WARNING,12,0.024299,1.909,NOT_INFERRED_NO_DETECTOR,0.066602,0.095458,0.353953,0.086823,0.038850,0.024299,0.181818,0.449594,0.696970,0.098435,0.142424,0.000000,0.159091,0.135832,SMALL_FAR,0.209611,0.071419,LOW,0.177606,325,457,457,NO,NOT_SELECTED,,,,,COMPUTED,COMPUTED_SELECTION_SIGNAL_NOT_GROUND_TRUTH,"OpenCV image/motion heuristics only; vehicle_density_score and object_count_estimate are moving-region proxies, not detections; event_likelihood is not ground truth violation."
interrupted_2026-09-17_C331,data/clips/interrupted_2026-09-17_C331.mp4,interrupted_2026-09-17,NUGc3nLuGsI,UNRESOLVED,36300.0,36420.0,120.0,30.0,1920,1080,h264,c004f5a845bdd9d2e1eee63075a393204663cbea3acd62c1d90cd72ddcc9526a,PASS,WARNING,12,0.021645,2.000,NOT_INFERRED_NO_DETECTOR,0.070284,0.104154,0.353830,0.087232,0.042254,0.021645,0.181818,0.454981,0.515152,0.101407,0.196970,0.000000,0.166667,0.141480,,0.186867,0.072123,LOW,0.172945,331,463,463,NO,NOT_SELECTED,,,,,COMPUTED,COMPUTED_SELECTION_SIGNAL_NOT_GROUND_TRUTH,"OpenCV image/motion heuristics only; vehicle_density_score and object_count_estimate are moving-region proxies, not detections; event_likelihood is not ground truth violation."
interrupted_2026-09-17_C332,data/clips/interrupted_2026-09-17_C332.mp4,interrupted_2026-09-17,NUGc3nLuGsI,UNRESOLVED,36410.0,36530.0,120.0,30.0,1920,1080,h264,4b83fb80cf06ac17426212f6d7d4edd9881ad4f1b207eb0ab462949d1c3ef78f,PASS,WARNING,12,0.017247,1.909,NOT_INFERRED_NO_DETECTOR,0.060433,0.072698,0.352767,0.090776,0.034926,0.017247,0.181818,0.466689,0.742424,0.095261,0.195455,0.000000,0.159091,0.107583,SMALL_FAR,0.221779,0.066650,LOW,0.181347,321,453,453,NO,NOT_SELECTED,,,,,COMPUTED,COMPUTED_SELECTION_SIGNAL_NOT_GROUND_TRUTH,"OpenCV image/motion heuristics only; vehicle_density_score and object_count_estimate are moving-region proxies, not detections; event_likelihood is not ground truth violation."
interrupted_2026-09-17_C333,data/clips/interrupted_2026-09-17_C333.mp4,interrupted_2026-09-17,NUGc3nLuGsI,UNRESOLVED,36520.0,36640.0,120.0,30.0,1920,1080,h264,858605976210d7d60481138c2914dc8ec8a0eb9267f62bf149d0dd618ec26c69,PASS,WARNING,12,0.006285,1.273,NOT_INFERRED_NO_DETECTOR,0.043339,0.040624,0.353040,0.089866,0.022436,0.006285,0.000000,0.567511,0.454545,0.061161,0.257576,0.000000,0.106061,0.056799,,0.159213,0.017877,LOW,0.159441,340,472,472,NO,NOT_SELECTED,,,,,COMPUTED,COMPUTED_SELECTION_SIGNAL_NOT_GROUND_TRUTH,"OpenCV image/motion heuristics only; vehicle_density_score and object_count_estimate are moving-region proxies, not detections; event_likelihood is not ground truth violation."
interrupted_2026-09-17_C334,data/clips/interrupted_2026-09-17_C334.mp4,interrupted_2026-09-17,NUGc3nLuGsI,UNRESOLVED,36630.0,36750.0,120.0,30.0,1920,1080,h264,1b7bda125c58873737725f770a624c477fe68dac556652c849da9b3218e4ab52,PASS,WARNING,12,0.016575,1.909,NOT_INFERRED_NO_DETECTOR,0.061998,0.074305,0.351087,0.096375,0.031698,0.016575,0.272727,0.462747,0.727273,0.094959,0.196970,0.000000,0.159091,0.099105,SMALL_FAR,0.218764,0.085353,LOW,0.187836,307,439,439,NO,NOT_SELECTED,,,,,COMPUTED,COMPUTED_SELECTION_SIGNAL_NOT_GROUND_TRUTH,"OpenCV image/motion heuristics only; vehicle_density_score and object_count_estimate are moving-region proxies, not detections; event_likelihood is not ground truth violation."
interrupted_2026-09-17_C335,data/clips/interrupted_2026-09-17_C335.mp4,interrupted_2026-09-17,NUGc3nLuGsI,UNRESOLVED,36740.0,36860.0,120.0,30.0,1920,1080,h264,2c94240922121906388baa089243963afb5915c583734c8cc9f4b48fa25161c7,PASS,WARNING,12,0.006992,1.455,NOT_INFERRED_NO_DETECTOR,0.053202,0.052907,0.349445,0.101852,0.036282,0.006992,0.000000,0.534567,0.545455,0.069813,0.181818,0.000000,0.121212,0.078870,,0.172454,0.023272,LOW,0.160668,338,470,470,NO,NOT_SELECTED,,,,,COMPUTED,COMPUTED_SELECTION_SIGNAL_NOT_GROUND_TRUTH,"OpenCV image/motion heuristics only; vehicle_density_score and object_count_estimate are moving-region proxies, not detections; event_likelihood is not ground truth violation."
interrupted_2026-09-17_C336,data/clips/interrupted_2026-09-17_C336.mp4,interrupted_2026-09-17,NUGc3nLuGsI,UNRESOLVED,36850.0,36970.0,120.0,30.0,1920,1080,h264,b372546b851aa64e7c82c937ec81a33be4ae2cc32e948d15df3fcde300be9b4d,PASS,WARNING,12,0.017740,2.455,NOT_INFERRED_NO_DETECTOR,0.061460,0.054329,0.350683,0.097723,0.040280,0.017740,0.181818,0.456927,0.772727,0.120483,0.237879,0.000000,0.204545,0.079124,SMALL_FAR,0.241256,0.068058,LOW,0.185758,311,443,443,NO,NOT_SELECTED,,,,,COMPUTED,COMPUTED_SELECTION_SIGNAL_NOT_GROUND_TRUTH,"OpenCV image/motion heuristics only; vehicle_density_score and object_count_estimate are moving-region proxies, not detections; event_likelihood is not ground truth violation."
interrupted_2026-09-17_C337,data/clips/interrupted_2026-09-17_C337.mp4,interrupted_2026-09-17,NUGc3nLuGsI,UNRESOLVED,36960.0,37080.0,120.0,30.0,1920,1080,h264,4206ba30149781b91b0b49f73a9afa26de5edf9d9d41cfd81bbc07a08d258dee,PASS,WARNING,12,0.012958,1.818,NOT_INFERRED_NO_DETECTOR,0.059443,0.084005,0.351679,0.094402,0.038418,0.012958,0.181818,0.483957,0.530303,0.089164,0.212121,0.000000,0.151515,0.111206,,0.184662,0.065552,LOW,0.173483,329,461,461,NO,NOT_SELECTED,,,,,COMPUTED,COMPUTED_SELECTION_SIGNAL_NOT_GROUND_TRUTH,"OpenCV image/motion heuristics only; vehicle_density_score and object_count_estimate are moving-region proxies, not detections; event_likelihood is not ground truth violation."
interrupted_2026-09-17_C338,data/clips/interrupted_2026-09-17_C338.mp4,interrupted_2026-09-17,NUGc3nLuGsI,UNRESOLVED,37070.0,37190.0,120.0,30.0,1920,1080,h264,40ea4739d3a07979eeba8493c5dd0262383e70d0bfd5483b3b59c549256fbcb5,PASS,WARNING,12,0.010379,2.000,NOT_INFERRED_NO_DETECTOR,0.057759,0.073470,0.351840,0.093868,0.036763,0.010379,0.000000,0.480650,0.727273,0.096337,0.337879,0.000000,0.166667,0.103181,SMALL_FAR,0.240135,0.025741,LOW,0.171497,332,464,464,NO,NOT_SELECTED,,,,,COMPUTED,COMPUTED_SELECTION_SIGNAL_NOT_GROUND_TRUTH,"OpenCV image/motion heuristics only; vehicle_density_score and object_count_estimate are moving-region proxies, not detections; event_likelihood is not ground truth violation."
interrupted_2026-09-17_C339,data/clips/interrupted_2026-09-17_C339.mp4,interrupted_2026-09-17,NUGc3nLuGsI,UNRESOLVED,37180.0,37300.0,120.0,30.0,1920,1080,h264,dd49ee65d5ee7572624ef9f0a530d7e076dec96315e3d95a91d383ef44f8642c,PASS,WARNING,12,0.007235,1.727,NOT_INFERRED_NO_DETECTOR,0.046163,0.043613,0.352557,0.091477,0.025639,0.007235,0.000000,0.554173,0.545455,0.082422,0.151515,0.000000,0.143939,0.058842,,0.170172,0.019539,LOW,0.161145,337,469,469,NO,NOT_SELECTED,,,,,COMPUTED,COMPUTED_SELECTION_SIGNAL_NOT_GROUND_TRUTH,"OpenCV image/motion heuristics only; vehicle_density_score and object_count_estimate are moving-region proxies, not detections; event_likelihood is not ground truth violation."
interrupted_2026-09-17_C340,data/clips/interrupted_2026-09-17_C340.mp4,interrupted_2026-09-17,NUGc3nLuGsI,UNRESOLVED,37290.0,37337.0,47.0,30.0,1920,1080,h264,e66b0c02da63fde017c2032d054acd72e66f94f526189fe1286d2538f8662514,PASS,WARNING,11,0.012622,1.500,NOT_INFERRED_NO_DETECTOR,0.046127,0.130087,0.350657,0.097808,0.042611,0.012622,0.200000,0.496807,0.325000,0.074430,0.145000,0.000000,0.125000,0.128224,,0.134388,0.066416,LOW,0.160484,339,471,471,NO,NOT_SELECTED,,,,,COMPUTED,COMPUTED_SELECTION_SIGNAL_NOT_GROUND_TRUTH,"OpenCV image/motion heuristics only; vehicle_density_score and object_count_estimate are moving-region proxies, not detections; event_likelihood is not ground truth violation."
